id,hotel_code,name,michelin_keys,city,country,country_flag,address,latitude,longitude,google_place_id,michelin_url,website_url,booking_url,google_maps_url,worlds_50_best_rank,worlds_50_best_year
,hotel_01,Pulitzer Amsterdam,1,Amsterdam,Netherlands,🇳🇱,"Prinsengracht 323, 1016 GZ Amsterdam",52.372878,4.883357,ChIJDY8OYsMJxkcRNqaKHHoTNFQ,https://guide.michelin.com/en/hotels-stays/amsterdam/hotel-pulitzer-amsterdam-8062,https://www.pulitzeramsterdam.com/nl/,https://www.pulitzeramsterdam.com/nl/boek-een-kamer/#/booking/step-1?data=('h6hd!'pulitzer'~a5dt*fs-~r6at!2~cn!0~cg-~al3po*co*gp*rn4ry*rk*re-~rr*ss4ax!0~cy*ds!('p5ls*as*st*h5ee.)~my3s5c5ne.)*.~-1].!null1![3!false~4-)]~5e*6s1('65431.-*_,https://www.google.com/maps/place/?q=place_id:ChIJDY8OYsMJxkcRNqaKHHoTNFQ,,
,hotel_02,Central Park,1,Voorburg,Netherlands,🇳🇱,"Oosteinde 14, 2271 EH Voorburg",52.069951,4.369563,ChIJs1GkErW3xUcRlVjcvv_4TXs,https://guide.michelin.com/en/hotels-stays/the-hague/central-park-voorburg-13789,https://www.centralparkvoorburg.com/,https://www.centralparkvoorburg.com/hotel/,https://www.google.com/maps/place/?q=place_id:ChIJs1GkErW3xUcRlVjcvv_4TXs,,
,hotel_03,The Dylan,1,Amsterdam,Netherlands,🇳🇱,"Keizersgracht 384, 1016 GA Amsterdam",52.369359,4.884211,ChIJg8bf-sIJxkcRsvcYZBHfZ14,https://guide.michelin.com/en/hotels-stays/amsterdam/the-dylan-amsterdam-17,https://www.dylanamsterdam.com/nl/,https://www.dylanamsterdam.com/nl/reserveren/,https://www.google.com/maps/place/?q=place_id:ChIJg8bf-sIJxkcRsvcYZBHfZ14,,
,hotel_04,Soho House,1,Amsterdam,Netherlands,🇳🇱,"Spuistraat 210, 1012 VT Amsterdam",52.371988,4.889257,ChIJl0yCwlsJxkcRj1RpQF08O-A,https://guide.michelin.com/en/hotels-stays/amsterdam/soho-house-amsterdam-13086,https://www.sohohouse.com/houses/soho-house-amsterdam,https://www.sohohouse.com/bedrooms?location=AMST,https://www.google.com/maps/place/?q=place_id:ChIJl0yCwlsJxkcRj1RpQF08O-A,,
,hotel_05,Van Oys Maastricht Retreat,1,Maastricht,Netherlands,🇳🇱,"Kasteellaan 1, 6245 SB Eijsden",50.796123,5.70613,ChIJPdZWvVHpwEcRh8_YuQ2xWUA,https://guide.michelin.com/en/hotels-stays/maastricht/van-oys-maastricht-retreat-15061,https://www.vanoys.com/,,https://www.google.com/maps/place/?q=place_id:ChIJPdZWvVHpwEcRh8_YuQ2xWUA,,
,hotel_06,Pillows Grand Boutique Hotel Ter Borch,1,Zwolle,Netherlands,🇳🇱,"Stationsweg 9, 8011 CZ Zwolle",52.506718,6.091293,ChIJxQvw8Sjfx0cRf8jFKYSFXtU,https://guide.michelin.com/en/hotels-stays/zwolle/pillows-grand-boutique-hotel-ter-borch-zwolle-8757,https://www.pillowshotels.com/zwolle/,https://booking.eu.guestline.app/IHMGZWO/availability?hotel=IHMGZWO&lng=en,https://www.google.com/maps/place/?q=place_id:ChIJxQvw8Sjfx0cRf8jFKYSFXtU,,
,hotel_07,Château St. Gerlach,1,Valkenburg,Netherlands,🇳🇱,"Joseph Corneli Allee 1, 6301 KK Valkenburg",50.869215,5.799392,ChIJo3PPcifAwEcRNSc5Bxu0raA,https://guide.michelin.com/en/hotels-stays/valkenburg/chateau-st-gerlach-11399,https://www.oostwegelcollection.nl/chateau-st-gerlach/en/,,https://www.google.com/maps/place/?q=place_id:ChIJo3PPcifAwEcRNSc5Bxu0raA,,
,hotel_08,Mooirivier,1,Dalfsen,Netherlands,🇳🇱,"Oude Oever 10, 7722 VE Dalfsen",52.522882,6.330414,ChIJIzQjVm3ix0cRcm4O_GUIRJI,https://guide.michelin.com/en/hotels-stays/dalfsen/mooirivier-9610,https://www.mooirivier.nl/en,,https://www.google.com/maps/place/?q=place_id:ChIJIzQjVm3ix0cRcm4O_GUIRJI,,
,hotel_09,The Craftsmen,1,Amsterdam,Netherlands,🇳🇱,"Singel 83, 1012 VE Amsterdam",52.376267,4.891706,ChIJ5ZfLOMYJxkcRqbJFH0Vl1W0,https://guide.michelin.com/en/hotels-stays/amsterdam/the-craftsmen-14718,https://hotelthecraftsmen.com/,,https://www.google.com/maps/place/?q=place_id:ChIJ5ZfLOMYJxkcRqbJFH0Vl1W0,,
,hotel_10,De Plesman Hotel,1,The Hague,Netherlands,🇳🇱,"Plesmanweg 607, 2597 JG Den Haag",52.099359,4.302545,ChIJf_GCXA63xUcRIptE1ujF0pU,https://guide.michelin.com/en/hotels-stays/the-hague/de-plesman-hotel-the-hague-15198,https://deplesman.com/,,https://www.google.com/maps/place/?q=place_id:ChIJf_GCXA63xUcRIptE1ujF0pU,,
,hotel_11,Landgoed Hotel Het Roode Koper,1,Ermelo,Netherlands,🇳🇱,"Jonkheer Doctor C.J. Sandbergweg 82, 3852 PV Ermelo",52.306456,5.712711,ChIJbRqIXlPLx0cRrfbgoAMtC3E,https://guide.michelin.com/en/hotels-stays/ermelo/het-roode-koper-10015,https://www.roodekoper.nl/en,,https://www.google.com/maps/place/?q=place_id:ChIJbRqIXlPLx0cRrfbgoAMtC3E,,
,hotel_12,Pillows Grand Boutique Hotel Maurits at the Park,2,Amsterdam,Netherlands,🇳🇱,"Mauritskade 61, 1092 AD Amsterdam",52.362192,4.919684,ChIJPwgIJZ4JxkcRBKd_5ZCcVGc,https://guide.michelin.com/en/hotels-stays/amsterdam/pillows-grand-boutique-hotel-maurits-at-the-park-14777,https://www.pillowshotels.com/amsterdam-mauritskade/,https://booking.eu.guestline.app/IHMGAMSM/availability?hotel=IHMGAMSM&lng=en,https://www.google.com/maps/place/?q=place_id:ChIJPwgIJZ4JxkcRBKd_5ZCcVGc,,
,hotel_13,Château Neercanne,2,Maastricht,Netherlands,🇳🇱,"Von Dopfflaan 10, 6213 NG Maastricht",50.818737,5.667403,ChIJueerN-LowEcRt2mMhYhmkvk,https://guide.michelin.com/en/hotels-stays/maastricht/chateau-neercanne-15342,https://www.oostwegelcollection.nl/chateau-neercanne/en,,https://www.google.com/maps/place/?q=place_id:ChIJueerN-LowEcRt2mMhYhmkvk,,
,hotel_14,TwentySeven,2,Amsterdam,Netherlands,🇳🇱,"Dam 27, 1012 JS Amsterdam",52.372428,4.893129,ChIJT_ByMccJxkcRsmdRikWzcwg,https://guide.michelin.com/en/hotels-stays/amsterdam/hotel-twentyseven-amsterdam-9299,https://www.hoteltwentyseven.com/nl,,https://www.google.com/maps/place/?q=place_id:ChIJT_ByMccJxkcRsmdRikWzcwg,,
,hotel_15,Rosewood Amsterdam,2,Amsterdam,Netherlands,🇳🇱,"Prinsengracht 432-436, 1017 KE Amsterdam",52.365435,4.883366,ChIJhU3x7TwJxkcRf_kZrSSNEtI,https://guide.michelin.com/en/hotels-stays/amsterdam/rosewood-amsterdam-14998,https://www.rosewoodhotels.com/en/amsterdam,https://www.rosewoodhotels.com/en/amsterdam/reservations/room-booking,https://www.google.com/maps/place/?q=place_id:ChIJhU3x7TwJxkcRf_kZrSSNEtI,,
,hotel_16,Tivoli Doelen,2,Amsterdam,Netherlands,🇳🇱,"Nieuwe Doelenstraat 26, 1012 CZ Amsterdam",52.36836,4.89586,ChIJSwKdkb8JxkcRUopvIHqSFZg,https://guide.michelin.com/en/hotels-stays/amsterdam/tivoli-doelen-amsterdam-8433,https://www.tivolihotels.com/nl/tivoli-doelen,,https://www.google.com/maps/place/?q=place_id:ChIJSwKdkb8JxkcRUopvIHqSFZg,,
,hotel_17,De L'Europe,3,Amsterdam,Netherlands,🇳🇱,"Nieuwe Doelenstraat 2-14, 1012 CP Amsterdam",52.367511,4.894287,ChIJw0-tDsAJxkcRaW2mhNKHU0Y,https://guide.michelin.com/en/hotels-stays/amsterdam/de-leurope-amsterdam-5293,https://www.deleurope.com/nl/,https://www.deleurope.com/nl/#/booking/step-1?data=('h7hd!'hotel-d-europe'~a6dt*fs.~r7at!2~cn!0~cg.~al4po*co*gp*rn5ry*rk*re.~rr*ss5ax!0~cy*ds!('p6ls*as*st*h6ee1)~my4s6c6ne1)*1~.3]1!null3![4!false~5.)]~6e*7s3('765431.*_,https://www.google.com/maps/place/?q=place_id:ChIJw0-tDsAJxkcRaW2mhNKHU0Y,,
,hotel_18,Botanic Sanctuary Antwerp,2,Antwerp,Belgium,🇧🇪,"Leopoldstraat 26, 2000 Antwerpen",51.21368,4.406427,ChIJpxlVwPr2w0cR3N_QeJZ_g_8,https://guide.michelin.com/en/hotels-stays/antwerp/botanic-sanctuary-antwerp-12582,,,https://www.google.com/maps/place/?q=place_id:ChIJpxlVwPr2w0cR3N_QeJZ_g_8,,
,hotel_19,Juliana Hotel Brussels,2,Brussels,Belgium,🇧🇪,"Place des Martyrs 1-4, 1000 Bruxelles",50.851761,4.355941,ChIJw77Pg2_Dw0cRXbwIIoNHwdM,https://guide.michelin.com/en/hotels-stays/brussels/juliana-hotel-brussels-13998,https://www.juliana-brussels.com/,,https://www.google.com/maps/place/?q=place_id:ChIJw77Pg2_Dw0cRXbwIIoNHwdM,,
,hotel_20,Hôtel Amigo,1,Brussels,Belgium,🇧🇪,"Rue de l'Amigo 1-3, 1000 Bruxelles",50.846141,4.351395,ChIJMRLWzXjEw0cRMdSqrABkTwY,https://guide.michelin.com/en/hotels-stays/brussels/hotel-amigo-5901,,,https://www.google.com/maps/place/?q=place_id:ChIJMRLWzXjEw0cRMdSqrABkTwY,,
,hotel_21,Hotel Van Cleef,1,Bruges,Belgium,🇧🇪,"Molenmeers 11, 8000 Brugge",51.210255,3.231948,ChIJA5C90chQw0cRWVCsCesg50g,https://guide.michelin.com/en/hotels-stays/bruges/hotel-van-cleef-10436,,,https://www.google.com/maps/place/?q=place_id:ChIJA5C90chQw0cRWVCsCesg50g,,
,hotel_147,Pillows Grand Boutique Hotel Reylof Ghent,1,Ghent,Belgium,🇧🇪,"Hoogstraat 36, 9000 Gent",51.054744,3.715085,ChIJ2X20Umtxw0cRvk98nStU_q8,https://guide.michelin.com/en/hotels-stays/ghent/pillows-grand-boutique-hotel-reylof-ghent-8011,,,https://www.google.com/maps/place/?q=place_id:ChIJ2X20Umtxw0cRvk98nStU_q8,,
,hotel_148,Kasteel van Ordingen,1,Sint-Truiden,Belgium,🇧🇪,"Ordingen-Dorp 50, 3800 Sint-Truiden",50.814109,5.23364,ChIJu_jRG_UZwUcRfrOTQhsCG9c,,,,https://www.google.com/maps/place/?q=place_id:ChIJu_jRG_UZwUcRfrOTQhsCG9c,,
,hotel_149,Boutiquehotel 't Fraeyhuis,1,Bruges,Belgium,🇧🇪,"Minnewater 15, 8000 Brugge",51.20008,3.224902,ChIJQZl90MJQw0cR6CZjQP0OJ4E,,,,https://www.google.com/maps/place/?q=place_id:ChIJQZl90MJQw0cR6CZjQP0OJ4E,,
,hotel_150,Dukes' Palace Brugge,1,Bruges,Belgium,🇧🇪,"Prinsenhof 8, 8000 Brugge",51.208548,3.220105,ChIJvT_6C9pQw0cRdJJ6CewAwfw,,,,https://www.google.com/maps/place/?q=place_id:ChIJvT_6C9pQw0cRdJJ6CewAwfw,,
,hotel_151,La Butte aux Bois,1,Lanaken,Belgium,🇧🇪,"Paalsteenlaan 90, 3620 Lanaken",50.914996,5.668096,ChIJFXqreADDwEcRFk9GuBbRjFg,,,,https://www.google.com/maps/place/?q=place_id:ChIJFXqreADDwEcRFk9GuBbRjFg,,
,hotel_152,Château de Vignée,1,Rochefort,Belgium,🇧🇪,"Rue de Montainpré 27, 5580 Rochefort",50.157766,5.074829,ChIJa-ZX5AjGwUcR1OfZUAH_Ero,,,,https://www.google.com/maps/place/?q=place_id:ChIJa-ZX5AjGwUcR1OfZUAH_Ero,,
,hotel_153,Corinthia Grand Hotel Astoria Brussels,1,Brussels,Belgium,🇧🇪,"Rue Royale 103, 1000 Bruxelles",50.851163,4.365092,ChIJ04YmxwbDw0cR2leyPnBxbRU,,,,https://www.google.com/maps/place/?q=place_id:ChIJ04YmxwbDw0cR2leyPnBxbRU,,
,hotel_154,1898 The Post,1,Ghent,Belgium,🇧🇪,"Graslei 16, 9000 Gent",51.054253,3.720921,ChIJcQkHMkFxw0cR7tgyCekyLQE,,,,https://www.google.com/maps/place/?q=place_id:ChIJcQkHMkFxw0cR7tgyCekyLQE,,
,hotel_155,Hotel De Witte Lelie,1,Antwerp,Belgium,🇧🇪,"Keizerstraat 16/18, 2000 Antwerpen",51.221648,4.406657,ChIJ6YOtcfj2w0cRPiSoYYhBZYY,,,,https://www.google.com/maps/place/?q=place_id:ChIJ6YOtcfj2w0cRPiSoYYhBZYY,,
,hotel_156,The Notary,1,Bruges,Belgium,🇧🇪,"Moerstraat 54, 8000 Brugge",51.209486,3.219506,ChIJhTJoNbFRw0cRVzmzHrv4T68,,,,https://www.google.com/maps/place/?q=place_id:ChIJhTJoNbFRw0cRVzmzHrv4T68,,
,hotel_157,Hotel Flora,1,Antwerp,Belgium,🇧🇪,"Korte Nieuwstraat 12, 2000 Antwerpen",51.220467,4.403437,ChIJ4TJYgZL3w0cR7vf70aO-htk,,,,https://www.google.com/maps/place/?q=place_id:ChIJ4TJYgZL3w0cR7vf70aO-htk,,
,hotel_22,Le Place d'Armes,1,Luxembourg City,Luxembourg,🇱🇺,"18 Place d'Armes, 1136 Luxembourg",49.611548,6.128776,ChIJS4yUUCtPlUcR3obIDFuVcxQ,https://guide.michelin.com/en/hotels-stays/luxembourg-city/le-place-darmes-11340,,,https://www.google.com/maps/place/?q=place_id:ChIJS4yUUCtPlUcR3obIDFuVcxQ,,
,hotel_23,Hotel Bareiss,3,Baiersbronn,Germany,🇩🇪,"Hermine-Bareiss-Weg 1, 72270 Baiersbronn-Mitteltal",48.520331,8.32685,ChIJjf8eGb0xl0cR5hzBlOJBmvw,,,,https://www.google.com/maps/place/?q=place_id:ChIJjf8eGb0xl0cR5hzBlOJBmvw,,
,hotel_24,Hotel Traube Tonbach,3,Baiersbronn,Germany,🇩🇪,"Tonbachstraße 237, 72270 Baiersbronn-Tonbach",48.536786,8.358176,ChIJ6baryKAxl0cRRfQxSFSfFsE,,,,https://www.google.com/maps/place/?q=place_id:ChIJ6baryKAxl0cRRfQxSFSfFsE,,
,hotel_25,Schloss Elmau Luxury Spa Retreat & Cultural Hideaway,3,Elmau,Germany,🇩🇪,"In Elmau 2, 82493 Krün",47.462056,11.186486,ChIJxUGnqK4InUcRJ3Yzxw1KbB0,,,,https://www.google.com/maps/place/?q=place_id:ChIJxUGnqK4InUcRJ3Yzxw1KbB0,,
,hotel_26,Hotel Vier Jahreszeiten,3,Hamburg,Germany,🇩🇪,"Neuer Jungfernstieg 9-14, 20354 Hamburg",53.555618,9.991549,ChIJ78O2HRmPsUcRRX8fUCLLmbk,,,,https://www.google.com/maps/place/?q=place_id:ChIJ78O2HRmPsUcRRX8fUCLLmbk,,
,hotel_27,The Fontenay,3,Hamburg,Germany,🇩🇪,"Fontenay 10, 20354 Hamburg",53.565408,9.997912,ChIJcV6cGbiPsUcRO_HdHkLGKD0,https://guide.michelin.com/en/hotels-stays/hamburg/the-fontenay-11121,,,https://www.google.com/maps/place/?q=place_id:ChIJcV6cGbiPsUcRO_HdHkLGKD0,,
,hotel_28,Althoff Seehotel Überfahrt,3,Rottach-Egern,Germany,🇩🇪,"Überfahrtstraße 10, 83700 Rottach-Egern",47.696585,11.758432,ChIJXWLwC5WOnUcR21QXmITdpLM,,,,https://www.google.com/maps/place/?q=place_id:ChIJXWLwC5WOnUcR21QXmITdpLM,,
,hotel_88,Villa Contessa,2,Bad Saarow,Germany,🇩🇪,"Seestraße 18, 15526 Bad Saarow",52.291192,14.056981,ChIJw82Kke-LB0cRyM12zjBV5JU,,,,https://www.google.com/maps/place/?q=place_id:ChIJw82Kke-LB0cRyM12zjBV5JU,,
,hotel_89,Kempinski Hotel Berchtesgaden,2,Berchtesgaden,Germany,🇩🇪,"Hintereck 1, 83471 Berchtesgaden",47.633962,13.046556,ChIJ393iCWrrdkcRRpVuQpA6mRQ,,,,https://www.google.com/maps/place/?q=place_id:ChIJ393iCWrrdkcRRpVuQpA6mRQ,,
,hotel_90,Hotel de Rome,2,Berlin,Germany,🇩🇪,"Behrenstraße 37, 10117 Berlin",52.515786,13.39406,ChIJsQ4OlttRqEcR3QNihxP152w,,,,https://www.google.com/maps/place/?q=place_id:ChIJsQ4OlttRqEcR3QNihxP152w,,
,hotel_91,Patrick Hellmann Schlosshotel,2,Berlin,Germany,🇩🇪,"Brahmsstraße 10, 14193 Berlin",52.480223,13.274386,ChIJo5cUztpNqEcRJzGMGGIVT6U,,,,https://www.google.com/maps/place/?q=place_id:ChIJo5cUztpNqEcRJzGMGGIVT6U,,
,hotel_92,Telegraphenamt,2,Berlin,Germany,🇩🇪,"Monbijoustraße 11, 10117 Berlin",52.524006,13.394608,ChIJE3pqwudRqEcRV_aaBOuyIe0,,,,https://www.google.com/maps/place/?q=place_id:ChIJE3pqwudRqEcRV_aaBOuyIe0,,
,hotel_93,"The Ritz-Carlton, Berlin",2,Berlin,Germany,🇩🇪,"Potsdamer Platz 3, 10785 Berlin",52.510384,13.375274,ChIJDcQdDslRqEcRPfEx1bivOaQ,,,,https://www.google.com/maps/place/?q=place_id:ChIJDcQdDslRqEcRPfEx1bivOaQ,,
,hotel_94,Spa & Golf Hotel Weimarer Land,2,Blankenhain,Germany,🇩🇪,"Lindenallee 1, 99444 Blankenhain",50.875019,11.342774,ChIJwR9vOaYGpEcR6OGAUmD1FQU,,,,https://www.google.com/maps/place/?q=place_id:ChIJwR9vOaYGpEcR6OGAUmD1FQU,,
,hotel_95,Hotel Ketschauer Hof,2,Deidesheim,Germany,🇩🇪,"Ketschauerhofstraße 1, 67146 Deidesheim",49.407845,8.185532,ChIJ39Ju4NA3lkcR61q9SsSow_w,,,,https://www.google.com/maps/place/?q=place_id:ChIJ39Ju4NA3lkcR61q9SsSow_w,,
,hotel_96,Der Öschberghof,2,Donaueschingen,Germany,🇩🇪,"Golfplatz 1, 78166 Donaueschingen",47.965716,8.547439,ChIJ6U8u0GCakEcRM1SEVgSOYjI,,,,https://www.google.com/maps/place/?q=place_id:ChIJ6U8u0GCakEcRM1SEVgSOYjI,,
,hotel_97,Bülow Palais,2,Dresden,Germany,🇩🇪,"Königstraße 14, 01097 Dresden",51.06112,13.742107,ChIJdzSDVWrPCUcRrol_Xs_Phao,,,,https://www.google.com/maps/place/?q=place_id:ChIJdzSDVWrPCUcRrol_Xs_Phao,,
,hotel_98,Kempinski Hotel Taschenbergpalais,2,Dresden,Germany,🇩🇪,"Taschenberg 3, 01067 Dresden",51.052015,13.735818,ChIJe-d6MmbPCUcR3h5dsYWQJec,,,,https://www.google.com/maps/place/?q=place_id:ChIJe-d6MmbPCUcR3h5dsYWQJec,,
,hotel_99,Breidenbacher Hof Düsseldorf,2,Düsseldorf,Germany,🇩🇪,"Königsallee 11, 40212 Düsseldorf",51.225442,6.777816,ChIJL198miLKuEcR8-vP1kts4bM,,,,https://www.google.com/maps/place/?q=place_id:ChIJL198miLKuEcR8-vP1kts4bM,,
,hotel_100,Sofitel Frankfurt Opera,2,Frankfurt am Main,Germany,🇩🇪,"Hochstraße 44, 60313 Frankfurt am Main",50.116047,8.673466,ChIJV_CNVqwOvUcRdkMLglXHp74,,,,https://www.google.com/maps/place/?q=place_id:ChIJV_CNVqwOvUcRdkMLglXHp74,,
,hotel_101,Vitalhotel Alter Meierhof,2,Glücksburg,Germany,🇩🇪,"Uferstraße 1, 24960 Glücksburg",54.822937,9.500114,ChIJX0ZtXbpDs0cRagvXhkQHkwo,,,,https://www.google.com/maps/place/?q=place_id:ChIJX0ZtXbpDs0cRagvXhkQHkwo,,
,hotel_102,Seezeitlodge Hotel & Spa,2,Gonnesweiler,Germany,🇩🇪,"Am Bostalsee 1, 66625 Nohfelden",49.561845,7.07292,ChIJ8-G8fPmTlUcR3eTAmSeg1N8,,,,https://www.google.com/maps/place/?q=place_id:ChIJ8-G8fPmTlUcR3eTAmSeg1N8,,
,hotel_103,Das Achental Resort,2,Grassau,Germany,🇩🇪,"Mietenkamer Straße 65, 83224 Grassau",47.785747,12.464836,ChIJF7kLoFtpdkcRlFmWcDV1llg,,,,https://www.google.com/maps/place/?q=place_id:ChIJF7kLoFtpdkcRlFmWcDV1llg,,
,hotel_104,Hotel Louis C. Jacob,2,Hamburg,Germany,🇩🇪,"Elbchaussee 401-403, 22609 Hamburg",53.550443,9.843636,ChIJq6jOuWGEsUcRr2emZUqEfJ0,,,,https://www.google.com/maps/place/?q=place_id:ChIJq6jOuWGEsUcRr2emZUqEfJ0,,
,hotel_105,Luisenhöhe - Gesundheitsresort Schwarzwald,2,Horben,Germany,🇩🇪,"Luisenhöhestraße 14, 79289 Horben",47.946339,7.855992,ChIJATkGswcDkUcRC2W3EfJx8PM,,,,https://www.google.com/maps/place/?q=place_id:ChIJATkGswcDkUcRC2W3EfJx8PM,,
,hotel_106,Das Kranzbach Hotel & Wellness Retreat,2,Kranzbach,Germany,🇩🇪,"In Kranzbach 1, 82493 Krün",47.472552,11.214521,ChIJHc1D2ecInUcR334vBYTK5ns,,,,https://www.google.com/maps/place/?q=place_id:ChIJHc1D2ecInUcR334vBYTK5ns,,
,hotel_107,Mandarin Oriental Munich,2,Munich,Germany,🇩🇪,"Neuturmstraße 1, 80331 München",48.137299,11.58094,ChIJszTOz4t1nkcRg2XPbFLt8m8,,,,https://www.google.com/maps/place/?q=place_id:ChIJszTOz4t1nkcRg2XPbFLt8m8,,
,hotel_108,Rocco Forte Charles Hotel,2,Munich,Germany,🇩🇪,"Sophienstraße 28, 80333 München",48.142751,11.562496,ChIJEfzlQ_p1nkcRGfkuLu6HdxI,,,,https://www.google.com/maps/place/?q=place_id:ChIJEfzlQ_p1nkcRGfkuLu6HdxI,,
,hotel_109,Rosewood Munich,2,Munich,Germany,🇩🇪,"Kardinal-Faulhaber-Straße 1, 80333 München",48.141091,11.574705,ChIJgQx29H11nkcRgS02tiLbLhA,,,,https://www.google.com/maps/place/?q=place_id:ChIJgQx29H11nkcRgS02tiLbLhA,,
,hotel_110,Sonnenalp Resort,2,Ofterschwang,Germany,🇩🇪,"Sonnenalp 1, 87527 Ofterschwang",47.490419,10.256823,ChIJr0BXi2SDnEcRT87ypRN46yY,,,,https://www.google.com/maps/place/?q=place_id:ChIJr0BXi2SDnEcRT87ypRN46yY,,
,hotel_111,Hotel Gut Steinbach,2,Reit im Winkl,Germany,🇩🇪,"Steinbachweg 10, 83242 Reit im Winkl",47.666855,12.481578,ChIJg-tKqSJDdkcRCQwTtpVEiLI,,,,https://www.google.com/maps/place/?q=place_id:ChIJg-tKqSJDdkcRCQwTtpVEiLI,,
,hotel_112,Wellness & Sport Hotel Jagdhof,2,Röhrnbach,Germany,🇩🇪,"Putzgartenstraße 2, 94133 Röhrnbach",48.738947,13.524529,ChIJR6uqXRjudEcRJsyw4pJlNyw,,,,https://www.google.com/maps/place/?q=place_id:ChIJR6uqXRjudEcRJsyw4pJlNyw,,
,hotel_113,Parkhotel Egerner Höfe,2,Rottach-Egern,Germany,🇩🇪,"Aribostraße 19-26, 83700 Rottach-Egern",47.694223,11.753641,ChIJU7CSPOuOnUcRMV90nuv_0cE,,,,https://www.google.com/maps/place/?q=place_id:ChIJU7CSPOuOnUcRMV90nuv_0cE,,
,hotel_114,Esplanade Saarbrücken,2,Saarbrücken,Germany,🇩🇪,"Nauwieserstraße 5, 66111 Saarbrücken",49.234937,6.999765,ChIJpV526Da3lUcR7o0Rz8oQCdM,,,,https://www.google.com/maps/place/?q=place_id:ChIJpV526Da3lUcR7o0Rz8oQCdM,,
,hotel_115,La Maison,2,Saarlouis,Germany,🇩🇪,"Prälat-Subtil-Ring 22, 66740 Saarlouis",49.317194,6.755507,ChIJdd6Xu4molUcRNtvn6p-Ff28,https://guide.michelin.com/en/hotels-stays/saarlouis/la-maison-120708-9980,,,https://www.google.com/maps/place/?q=place_id:ChIJdd6Xu4molUcRNtvn6p-Ff28,,
,hotel_116,Seesteg Norderney,2,Norderney,Germany,🇩🇪,"Damenpfad 36A, 26548 Norderney",53.707546,7.138772,ChIJdVN7v08FtkcROqcuWm_SFJg,,,,https://www.google.com/maps/place/?q=place_id:ChIJdVN7v08FtkcROqcuWm_SFJg,,
,hotel_117,Landhaus Stricker,2,Sylt,Germany,🇩🇪,"Boy-Nielsen-Straße 10, 25980 Sylt",54.900705,8.333047,ChIJg5ojFirctEcRHnZlQcttRjs,https://guide.michelin.com/en/hotels-stays/sylt/relais-chateaux-landhaus-stricker-9908,,,https://www.google.com/maps/place/?q=place_id:ChIJg5ojFirctEcRHnZlQcttRjs,,
,hotel_118,Söl’ring Hof,2,Sylt,Germany,🇩🇪,"Am Sandwall 1, 25980 Sylt",54.853964,8.28795,ChIJuaITYqDgtEcReuFP9Veym8Y,https://guide.michelin.com/en/hotels-stays/sylt/solring-hof-13906,,,https://www.google.com/maps/place/?q=place_id:ChIJuaITYqDgtEcReuFP9Veym8Y,,
,hotel_158,Cortiina Hotel,1,Munich,Germany,🇩🇪,"Ledererstraße 8, 80331 München",48.136802,11.57948,ChIJZyLWSop1nkcRnQW0FofT8bU,,,,https://www.google.com/maps/place/?q=place_id:ChIJZyLWSop1nkcRnQW0FofT8bU,,
,hotel_159,Hotel Vier Jahreszeiten Kempinski,1,Munich,Germany,🇩🇪,"Maximilianstraße 17, 80539 München",48.138972,11.581828,ChIJ2bu-AIx1nkcRdbxLlmKX8tQ,,,,https://www.google.com/maps/place/?q=place_id:ChIJ2bu-AIx1nkcRdbxLlmKX8tQ,,
,hotel_160,Hotel Adlon Kempinski,1,Berlin,Germany,🇩🇪,"Unter den Linden 77, 10117 Berlin",52.516179,13.380505,ChIJHQQciMZRqEcR2X4b8-vf5Bk,,,,https://www.google.com/maps/place/?q=place_id:ChIJHQQciMZRqEcR2X4b8-vf5Bk,,
,hotel_161,Bayerischer Hof Munich,1,Munich,Germany,🇩🇪,"Promenadeplatz 2-6, 80333 München",48.140343,11.573731,ChIJ9dBze_N1nkcRpMY63pBcxo0,,,,https://www.google.com/maps/place/?q=place_id:ChIJ9dBze_N1nkcRpMY63pBcxo0,,
,hotel_162,Excelsior Hotel Ernst,1,Cologne,Germany,🇩🇪,"Trankgasse 1-5, 50667 Köln",50.941928,6.956518,ChIJtTYLQ6Ulv0cRia3Z5RAHs6k,,,,https://www.google.com/maps/place/?q=place_id:ChIJtTYLQ6Ulv0cRia3Z5RAHs6k,,
,hotel_163,The Mandala Hotel,1,Berlin,Germany,🇩🇪,"Potsdamer Straße 3, 10785 Berlin",52.50898,13.373681,ChIJA-K5lEpQqEcRNkR2Chr-WMc,,,,https://www.google.com/maps/place/?q=place_id:ChIJA-K5lEpQqEcRNkR2Chr-WMc,,
,hotel_164,Wilmina Hotel,1,Berlin,Germany,🇩🇪,"Kantstraße 79, 10627 Berlin",52.506958,13.29759,ChIJLbEdUdFRqEcR7D04SR1GXx4,,,,https://www.google.com/maps/place/?q=place_id:ChIJLbEdUdFRqEcR7D04SR1GXx4,,
,hotel_165,Château Royal Berlin,1,Berlin,Germany,🇩🇪,"Neustädtische Kirchstraße 3, 10117 Berlin",52.517653,13.385855,ChIJ__hkjzJRqEcRLuT7oAwlffM,,,,https://www.google.com/maps/place/?q=place_id:ChIJ__hkjzJRqEcRLuT7oAwlffM,,
,hotel_166,Das Stue,1,Berlin,Germany,🇩🇪,"Drakestraße 1, 10787 Berlin",52.509831,13.345882,ChIJGYTmkKtRqEcRWx2mn3U_McE,,,,https://www.google.com/maps/place/?q=place_id:ChIJGYTmkKtRqEcRWx2mn3U_McE,,
,hotel_167,Hotel Orania.Berlin,1,Berlin,Germany,🇩🇪,"Oranienstraße 40, 10999 Berlin",52.502119,13.41697,ChIJhVPKSjJOqEcR1tXn7XhIBH0,,,,https://www.google.com/maps/place/?q=place_id:ChIJhVPKSjJOqEcR1tXn7XhIBH0,,
,hotel_168,Schloss Eberstein,1,Gernsbach,Germany,🇩🇪,"Schloss Eberstein 1, 76593 Gernsbach",48.749658,8.342547,ChIJk32p1REYl0cR9AiNoBc2YEI,,,,https://www.google.com/maps/place/?q=place_id:ChIJk32p1REYl0cR9AiNoBc2YEI,,
,hotel_169,AMERON Neuschwanstein Alpsee Resort & Spa,1,Schwangau,Germany,🇩🇪,"Alpseestraße 21, 87645 Schwangau",47.553932,10.737671,ChIJ1ycrKkT3nEcR42gkjv16wPo,,,,https://www.google.com/maps/place/?q=place_id:ChIJ1ycrKkT3nEcR42gkjv16wPo,,
,hotel_170,Burg Schwarzenstein,1,Geisenheim,Germany,🇩🇪,"Rosengasse 32, 65366 Geisenheim",50.0085,7.977229,ChIJR5Zk2ffovUcR-CI-Ce0LPv4,,,,https://www.google.com/maps/place/?q=place_id:ChIJR5Zk2ffovUcR-CI-Ce0LPv4,,
,hotel_171,Kloster Hornbach,1,Hornbach,Germany,🇩🇪,"Im Klosterbezirk 1, 66500 Hornbach",49.187073,7.368976,ChIJL8XvOYrTlUcRzx9jk92fadA,,,,https://www.google.com/maps/place/?q=place_id:ChIJL8XvOYrTlUcRzx9jk92fadA,,
,hotel_172,Gasthof Zufriedenheit,1,Naumburg,Germany,🇩🇪,"Steinweg 26, 06618 Naumburg (Saale)",51.153532,11.80589,ChIJIZ5xGOaZpkcRFgKMhN8lxFE,,,,https://www.google.com/maps/place/?q=place_id:ChIJIZ5xGOaZpkcRFgKMhN8lxFE,,
,hotel_173,Villa Sonnenhof Boutique Hotel,1,Bad Reichenhall,Germany,🇩🇪,"Sonnenstraße 11, 83457 Bayerisch Gmain",47.72347,12.88586,ChIJYT8VXUOMdkcRwhV4Q-j45tM,,,,https://www.google.com/maps/place/?q=place_id:ChIJYT8VXUOMdkcRwhV4Q-j45tM,,
,hotel_174,Hotel Landhaus Wachtelhof,1,Rotenburg an der Wümme,Germany,🇩🇪,"Gerberstraße 6, 27356 Rotenburg (Wümme)",53.105023,9.395184,ChIJFc2cdPUDsUcRIELXMpD8nQo,,,,https://www.google.com/maps/place/?q=place_id:ChIJFc2cdPUDsUcRIELXMpD8nQo,,
,hotel_175,Althoff Grandhotel Schloss Bensberg,1,Bensberg,Germany,🇩🇪,"Kadettenstraße, 51429 Bergisch Gladbach",50.966916,7.162146,ChIJ6VO2F4LXvkcRcdQ2FymYvXM,,,,https://www.google.com/maps/place/?q=place_id:ChIJ6VO2F4LXvkcRcdQ2FymYvXM,,
,hotel_176,Grand Hotel Heiligendamm,1,Bad Doberan,Germany,🇩🇪,"Prof.-Dr.-Vogel-Straße 6, 18209 Bad Doberan",54.143641,11.843075,ChIJa6X57qarrUcRVisXO7PNUic,,,,https://www.google.com/maps/place/?q=place_id:ChIJa6X57qarrUcRVisXO7PNUic,,
,hotel_177,Landhaus Flottbek Boutique Hotel,1,Hamburg,Germany,🇩🇪,"Baron-Voght-Straße 179, 22607 Hamburg",53.565242,9.874811,ChIJ87v3C0mEsUcRzoAc75H_5MU,,,,https://www.google.com/maps/place/?q=place_id:ChIJ87v3C0mEsUcRzoAc75H_5MU,,
,hotel_178,Villa Mittermeier,1,Rothenburg ob der Tauber,Germany,🇩🇪,"Vorm Würzburger Tor 7, 91541 Rothenburg ob der Tauber",49.380179,10.184851,ChIJiWI2h6OPmEcRBmrqkdAl0WM,,,,https://www.google.com/maps/place/?q=place_id:ChIJiWI2h6OPmEcRBmrqkdAl0WM,,
,hotel_179,RIVA - Das Hotel am Bodensee,1,Konstanz,Germany,🇩🇪,"Seestraße 25, 78464 Konstanz",47.667508,9.187844,ChIJV9mC_wX3mkcRiPBwBFbAYgA,,,,https://www.google.com/maps/place/?q=place_id:ChIJV9mC_wX3mkcRiPBwBFbAYgA,,
,hotel_180,Hotel München Palace,1,Munich,Germany,🇩🇪,"Trogerstraße 21, 81675 München",48.140042,11.601185,ChIJfTVNiYJ1nkcRyFsj0MCs2AE,,,,https://www.google.com/maps/place/?q=place_id:ChIJfTVNiYJ1nkcRyFsj0MCs2AE,,
,hotel_181,HOTEL ZOO BERLIN,1,Berlin,Germany,🇩🇪,"Kurfürstendamm 25, 10719 Berlin",52.503607,13.329039,ChIJ62wmpv5QqEcRpcxZMjajkGI,,,,https://www.google.com/maps/place/?q=place_id:ChIJ62wmpv5QqEcRpcxZMjajkGI,,
,hotel_182,Der Birkenhof Spa & Genuss Resort,1,Neunburg vorm Wald,Germany,🇩🇪,"Hofenstetten 55, 92431 Neunburg vorm Wald",49.338364,12.261977,ChIJY1qtK9v1n0cR0hPoO04ZU04,,,,https://www.google.com/maps/place/?q=place_id:ChIJY1qtK9v1n0cR0hPoO04ZU04,,
,hotel_183,Schlosshotel Münchhausen,1,Aerzen,Germany,🇩🇪,"Schwöbber 9, 31855 Aerzen",52.069216,9.25152,ChIJ_YkenM6LukcRZpe3qyiwDjs,,,,https://www.google.com/maps/place/?q=place_id:ChIJ_YkenM6LukcRZpe3qyiwDjs,,
,hotel_184,Alpenloge Hotel,1,Scheidegg,Germany,🇩🇪,"Kirchenanger 6, 88175 Scheidegg",47.53988,9.862928,ChIJVyd-d8xzm0cRexffSUIFW2Y,,,,https://www.google.com/maps/place/?q=place_id:ChIJVyd-d8xzm0cRexffSUIFW2Y,,
,hotel_185,Hardenberg Burghotel,1,Nörten-Hardenberg,Germany,🇩🇪,"Hinterhaus 11A, 37176 Nörten-Hardenberg",51.628848,9.949387,ChIJm-URM8wqpUcRUOB2Tt6pO7Q,,,,https://www.google.com/maps/place/?q=place_id:ChIJm-URM8wqpUcRUOB2Tt6pO7Q,,
,hotel_197,Hotel Oswald Gourmet & Spa,1,Kaikenried,Germany,🇩🇪,"Am Platzl 2, 94244 Teisnach-Kaikenried",49.013247,13.029892,ChIJI_3bQj08dUcRo4BW-iIQnQQ,,,,https://www.google.com/maps/place/?q=place_id:ChIJI_3bQj08dUcRo4BW-iIQnQQ,,
,hotel_198,Hanusel Hof,1,Hellengerst,Germany,🇩🇪,"Helingerstraße 5, 87480 Weitnau-Hellengerst",47.659042,10.199154,ChIJJatmpl2Am0cRQzms9frMeto,,,,https://www.google.com/maps/place/?q=place_id:ChIJJatmpl2Am0cRQzms9frMeto,,
,hotel_199,Hotel BEI SCHUMANN,1,Kirschau,Germany,🇩🇪,"Bautzener Straße 74, 02681 Schirgiswalde-Kirschau",51.095935,14.42919,ChIJJ7wNT0MACUcRaaO5K4TuLYI,,,,https://www.google.com/maps/place/?q=place_id:ChIJJ7wNT0MACUcRaaO5K4TuLYI,,
,hotel_200,Hüttenhof - Wellnesshotel & Luxus-Bergchalets,1,Grainet,Germany,🇩🇪,"Hobelsberg 23, 94143 Grainet",48.794085,13.667777,ChIJtZbmtaDsdEcRZnWvcyK3iAk,,,,https://www.google.com/maps/place/?q=place_id:ChIJtZbmtaDsdEcRZnWvcyK3iAk,,
,hotel_201,Chiemgauhof Lakeside Retreat,1,Übersee,Germany,🇩🇪,"Julius-Exter-Promenade 21, 83236 Übersee",47.84669,12.47647,ChIJK7cw19BtdkcRgM6Ps1lw5oI,,,,https://www.google.com/maps/place/?q=place_id:ChIJK7cw19BtdkcRgM6Ps1lw5oI,,
,hotel_202,Steigenberger Icon Europäischer Hof Baden Baden,1,Baden-Baden,Germany,🇩🇪,"Kaiserallee 2, 76530 Baden-Baden",48.76163,8.23804,ChIJfUZcJEIfl0cRSLeooq2lpag,,,,https://www.google.com/maps/place/?q=place_id:ChIJfUZcJEIfl0cRSLeooq2lpag,,
,hotel_203,HUBERTUS Mountain Refugio Allgäu,1,Oberallgäu,Germany,🇩🇪,"Dorf 5, 87538 Balderschwang",47.465979,10.104875,ChIJefyl2Cdjm0cRPfhqn3WuaGw,,,,https://www.google.com/maps/place/?q=place_id:ChIJefyl2Cdjm0cRPfhqn3WuaGw,,
,hotel_204,Schlosshotel Burg Schlitz,1,Hohen Demzin,Germany,🇩🇪,"Burg Schlitz 2, 17166 Hohen Demzin",53.701054,12.542339,ChIJzUCAkjEMrEcRfcQjzCSJ76M,,,,https://www.google.com/maps/place/?q=place_id:ChIJzUCAkjEMrEcRfcQjzCSJ76M,,
,hotel_205,1884 Norderney,1,Norderney,Germany,🇩🇪,"Am Weststrand 3-4, 26548 Norderney",53.702975,7.141419,ChIJg4zdUlgFtkcRT8UNFLeij44,,,,https://www.google.com/maps/place/?q=place_id:ChIJg4zdUlgFtkcRT8UNFLeij44,,
,hotel_206,Hof Galerie,1,Sylt,Germany,🇩🇪,"Serkwai 1, 25980 Sylt",54.870257,8.432532,ChIJ_3iPADfdtEcRAwkVHrqyd0g,,,,https://www.google.com/maps/place/?q=place_id:ChIJ_3iPADfdtEcRAwkVHrqyd0g,,
,hotel_207,Hotel Deimann,1,Schmallenberg,Germany,🇩🇪,"Alte Handelsstraße 5, 57392 Schmallenberg",51.159682,8.340922,ChIJK2GEhmHxu0cRumlvZTEZoTk,,,,https://www.google.com/maps/place/?q=place_id:ChIJK2GEhmHxu0cRumlvZTEZoTk,,
,hotel_208,Hotel Romantischer Winkel - RoLigio® & Wellness Resort,1,Bad Sachsa,Germany,🇩🇪,"Bismarckstraße 23, 37441 Bad Sachsa",51.6,10.545,ChIJHzJ89U8cpUcR02YSIS42ty8,,,,https://www.google.com/maps/place/?q=place_id:ChIJHzJ89U8cpUcR02YSIS42ty8,,
,hotel_209,Hotel Maximilian's,1,Augsburg,Germany,🇩🇪,"Maximilianstraße 40, 86150 Augsburg",48.365495,10.899111,ChIJn2BhZ1S9nkcRw-kUyWbe_pw,,,,https://www.google.com/maps/place/?q=place_id:ChIJn2BhZ1S9nkcRw-kUyWbe_pw,,
,hotel_210,Parkhotel Adler,1,Hinterzarten,Germany,🇩🇪,"Adlerplatz 3, 79856 Hinterzarten",47.903037,8.107603,ChIJA8DBbXf6kEcRTBTzjRY4890,,,,https://www.google.com/maps/place/?q=place_id:ChIJA8DBbXf6kEcRTBTzjRY4890,,
,hotel_211,Strandhotel Fischland,1,Dierhagen,Germany,🇩🇪,"Ernst-Moritz-Arndt-Straße 6, 18347 Dierhagen",54.287526,12.326005,ChIJxQhPFaDxrEcRPO8jCmWdgxU,,,,https://www.google.com/maps/place/?q=place_id:ChIJxQhPFaDxrEcRPO8jCmWdgxU,,
,hotel_212,niXe Boutiquehotel & Spa,1,Binz,Germany,🇩🇪,"Strandpromenade 10, 18609 Binz",54.399482,13.618446,ChIJb9XnP70_q0cRpXaczX_HMs0,,,,https://www.google.com/maps/place/?q=place_id:ChIJb9XnP70_q0cRpXaczX_HMs0,,
,hotel_213,The Wellem,1,Düsseldorf,Germany,🇩🇪,"Mühlenstraße 34, 40213 Düsseldorf",51.227825,6.77441,ChIJKxO4_BjKuEcRMWsgTtgcAi8,,,,https://www.google.com/maps/place/?q=place_id:ChIJKxO4_BjKuEcRMWsgTtgcAi8,,
,hotel_214,Das James,1,Flensburg,Germany,🇩🇪,"Fördepromenade 30, 24944 Flensburg",54.811862,9.455592,ChIJGbcp4adDs0cRZcDaLHIRK4k,,,,https://www.google.com/maps/place/?q=place_id:ChIJGbcp4adDs0cRZcDaLHIRK4k,,
,hotel_215,Strandhaus Spreewald,1,Lübben,Germany,🇩🇪,"Ernst-von-Houwald-Damm 16, 15907 Lübben (Spreewald)",51.938632,13.896807,ChIJZRG42Rb_B0cRX7gPpTOxspA,,,,https://www.google.com/maps/place/?q=place_id:ChIJZRG42Rb_B0cRX7gPpTOxspA,,
,hotel_216,Maison Messmer,1,Baden-Baden,Germany,🇩🇪,"Werderstraße 1, 76530 Baden-Baden",48.759516,8.236865,ChIJbe7BikIfl0cRu_zHO7tHj28,,,,https://www.google.com/maps/place/?q=place_id:ChIJbe7BikIfl0cRu_zHO7tHj28,,
,hotel_217,Do & Co Hotel Munich,1,Munich,Germany,🇩🇪,"Filserbräugasse 1, 80331 München",48.138368,11.574823,ChIJD1Mv9w91nkcRXjR6jKD8Pt8,,,,https://www.google.com/maps/place/?q=place_id:ChIJD1Mv9w91nkcRXjR6jKD8Pt8,,
,hotel_218,Mauritzhof Hotel Münster,1,Münster,Germany,🇩🇪,"Eisenbahnstraße 17, 48143 Münster",51.961392,7.635064,ChIJ6_1SPty6uUcRYWvKeSkpawA,,,,https://www.google.com/maps/place/?q=place_id:ChIJ6_1SPty6uUcRYWvKeSkpawA,,
,hotel_219,Boutique-Hotel Friesinger,1,Kressbronn am Bodensee,Germany,🇩🇪,"Bahnhofstraße 5, 88079 Kressbronn am Bodensee",47.594554,9.600242,ChIJJ71C-FUPm0cRL3jzCRwvqG4,,,,https://www.google.com/maps/place/?q=place_id:ChIJJ71C-FUPm0cRL3jzCRwvqG4,,
,hotel_220,Steigenberger Icon Parkhotel Düsseldorf,1,Düsseldorf,Germany,🇩🇪,"Königsallee 1A, 40212 Düsseldorf",51.226756,6.778417,ChIJU4F0iyLKuEcRQtob67qx2BQ,,,,https://www.google.com/maps/place/?q=place_id:ChIJU4F0iyLKuEcRQtob67qx2BQ,,
,hotel_221,DAS.HOCHGRAT,1,Oberstaufen,Germany,🇩🇪,"Rothenfelsstraße 6-8, 87534 Oberstaufen",47.554966,10.019516,ChIJzT64jyR6m0cRbPPOqUhaOik,,,,https://www.google.com/maps/place/?q=place_id:ChIJzT64jyR6m0cRbPPOqUhaOik,,
,hotel_222,ROEWERS Privathotel,1,Ostseebad Sellin,Germany,🇩🇪,"Wilhelmstraße 34, 18586 Sellin",54.379641,13.695764,ChIJdwh-ugw-q0cRsJA9NrifXLc,,,,https://www.google.com/maps/place/?q=place_id:ChIJdwh-ugw-q0cRsJA9NrifXLc,,
,hotel_223,Hotel Exquisit,1,Oberstdorf,Germany,🇩🇪,"Lorettostraße 20, 87561 Oberstdorf",47.402626,10.280117,ChIJQd09xbWbnEcR1Dp3gF6c76M,,,,https://www.google.com/maps/place/?q=place_id:ChIJQd09xbWbnEcR1Dp3gF6c76M,,
,hotel_224,Hotel Breitenburg,1,Breitenburg,Germany,🇩🇪,"Osterholz 1, 25524 Breitenburg",53.901033,9.559334,ChIJ49kIc2_Fs0cRxQi1SQ2F0y4,,,,https://www.google.com/maps/place/?q=place_id:ChIJ49kIc2_Fs0cRxQi1SQ2F0y4,,
,hotel_225,Maximilian,1,Oberammergau,Germany,🇩🇪,"Ettaler Straße 5, 82487 Oberammergau",47.59546,11.066746,ChIJgVKFZ6OrnUcR-pTEr7XRrE4,,,,https://www.google.com/maps/place/?q=place_id:ChIJgVKFZ6OrnUcR-pTEr7XRrE4,,
,hotel_226,JW Marriott Hotel Frankfurt,1,Frankfurt am Main,Germany,🇩🇪,"Thurn-und-Taxis-Platz 2, 60313 Frankfurt am Main",50.115319,8.680384,ChIJp5mUyq8OvUcRmPrugMFpyUM,,,,https://www.google.com/maps/place/?q=place_id:ChIJp5mUyq8OvUcRmPrugMFpyUM,,
,hotel_227,"Lieser Castle, Autograph Collection",1,Lieser,Germany,🇩🇪,"Moselstraße 33, 54470 Lieser",49.917288,7.01958,ChIJd_NbfhEvvkcRNDF8z-XFeOo,,,,https://www.google.com/maps/place/?q=place_id:ChIJd_NbfhEvvkcRNDF8z-XFeOo,,
,hotel_228,Das Graseck Mountain Hideaway & Healthcare,1,Garmisch-Partenkirchen,Germany,🇩🇪,"Wildenau 6, 82467 Garmisch-Partenkirchen",47.46678,11.122157,ChIJmydjYYcGnUcRy5b1UnCxtD0,,,,https://www.google.com/maps/place/?q=place_id:ChIJmydjYYcGnUcRy5b1UnCxtD0,,
,hotel_229,Boutiquehotel Blaue Burg Falkenstein,1,Pfronten,Germany,🇩🇪,"Auf dem Falkenstein 1, 87629 Pfronten",47.570136,10.592001,ChIJNSW_2cmKnEcRodcrazAjL3Y,,,,https://www.google.com/maps/place/?q=place_id:ChIJNSW_2cmKnEcRodcrazAjL3Y,,
,hotel_230,Staudacherhof,1,Garmisch-Partenkirchen,Germany,🇩🇪,"Höllentalstraße 48, 82467 Garmisch-Partenkirchen",47.490007,11.083528,ChIJC2Puh8wGnUcRhjOruhSdJnM,,,,https://www.google.com/maps/place/?q=place_id:ChIJC2Puh8wGnUcRhjOruhSdJnM,,
,hotel_231,Kulturhof Stanggass,1,Berchtesgaden,Germany,🇩🇪,"Berchtesgadener Straße 111, 83483 Bischofswiesen",47.627748,12.989498,ChIJH3OoihbtdkcRqvhbGwg3ZlQ,,,,https://www.google.com/maps/place/?q=place_id:ChIJH3OoihbtdkcRqvhbGwg3ZlQ,,
,hotel_232,Haubers Naturresort,1,Oberstaufen,Germany,🇩🇪,"Meerau 34, 87534 Oberstaufen",47.567596,10.034838,ChIJh9ZWAIR5m0cRnteL8Sz7FNw,,,,https://www.google.com/maps/place/?q=place_id:ChIJh9ZWAIR5m0cRnteL8Sz7FNw,,
,hotel_233,Das Rübezahl,1,Schwangau,Germany,🇩🇪,"Am Ehberg 31, 87645 Schwangau",47.57303,10.722061,ChIJLSPz5Rv2nEcRSBHJo506704,,,,https://www.google.com/maps/place/?q=place_id:ChIJLSPz5Rv2nEcRSBHJo506704,,
,hotel_234,Gewandhaus Dresden,1,Dresden,Germany,🇩🇪,"Ringstraße 1, 01067 Dresden",51.04853,13.741791,ChIJKw5Dsl3PCUcRYXiKZUoaGzc,,,,https://www.google.com/maps/place/?q=place_id:ChIJKw5Dsl3PCUcRYXiKZUoaGzc,,
,hotel_235,Landhaus Severin*s Morsum Kliff,1,Sylt,Germany,🇩🇪,"Nösistig 13, 25980 Sylt",54.873661,8.459544,ChIJG4-o0M_CtEcR0eZAVGqHg7U,,,,https://www.google.com/maps/place/?q=place_id:ChIJG4-o0M_CtEcR0eZAVGqHg7U,,
,hotel_236,Hotel Engel Obertal - Wellness & Genuss Resort,1,Baiersbronn,Germany,🇩🇪,"Rechtmurgstraße 28, 72270 Baiersbronn-Obertal",48.53169,8.283387,ChIJ948HYCUul0cRhVVWK-tNBX4,,,,https://www.google.com/maps/place/?q=place_id:ChIJ948HYCUul0cRhVVWK-tNBX4,,
,hotel_237,"Koenigshof, a Luxury Collection Hotel, Munich",1,Munich,Germany,🇩🇪,"Karlsplatz 25, 80335 München",48.139696,11.564613,ChIJjZ9BOQB1nkcRW-4o6byQ2Q4,,,,https://www.google.com/maps/place/?q=place_id:ChIJjZ9BOQB1nkcRW-4o6byQ2Q4,,
,hotel_238,Hotel Die Sonne Frankenberg,1,Frankenberg,Germany,🇩🇪,"Marktplatz 2, 35066 Frankenberg (Eder)",51.059044,8.801592,ChIJZx4iqI6doUcRUWD3a4tT4vg,,,,https://www.google.com/maps/place/?q=place_id:ChIJZx4iqI6doUcRUWD3a4tT4vg,,
,hotel_239,Hotel Kronelamm im Schwarzwald,1,Bad Teinach-Zavelstein,Germany,🇩🇪,"Marktplatz 1, 75385 Bad Teinach-Zavelstein",48.693933,8.689007,ChIJmdUSW2dCl0cREeq5T3z91W8,,,,https://www.google.com/maps/place/?q=place_id:ChIJmdUSW2dCl0cREeq5T3z91W8,,
,hotel_240,Hotel Alpenkönig,1,Oberstaufen,Germany,🇩🇪,"Kalzhofer Straße 25, 87534 Oberstaufen",47.557734,10.025931,ChIJAx58BCZ6m0cRbRNHsAQamXw,,,,https://www.google.com/maps/place/?q=place_id:ChIJAx58BCZ6m0cRbRNHsAQamXw,,
,hotel_241,Hotel Restaurant Spa Torkel,1,Nonnenhorn,Germany,🇩🇪,"Seehalde 14, 88149 Nonnenhorn",47.57535,9.61137,ChIJRcA3d2kPm0cRHXdyosliehc,,,,https://www.google.com/maps/place/?q=place_id:ChIJRcA3d2kPm0cRHXdyosliehc,,
,hotel_242,"Roomers Berlin Steinplatz, Autograph Collection",1,Berlin,Germany,🇩🇪,"Steinplatz 4, 10623 Berlin",52.508188,13.326423,ChIJN-yFY_1QqEcR7yx4_k1E4Mk,,,,https://www.google.com/maps/place/?q=place_id:ChIJN-yFY_1QqEcR7yx4_k1E4Mk,,
,hotel_243,Heidelberg Suites,1,Heidelberg,Germany,🇩🇪,"Neuenheimer Landstraße 12, 69120 Heidelberg",49.41512,8.706706,ChIJH1b3RA_Bl0cRiqdFXVUA8RA,,,,https://www.google.com/maps/place/?q=place_id:ChIJH1b3RA_Bl0cRiqdFXVUA8RA,,
,hotel_244,Andaz Munich Schwabinger Tor,1,Munich,Germany,🇩🇪,"Leopoldstraße 170, 80804 München",48.171394,11.586426,ChIJw4QyITd1nkcRGmgDtVnAXD4,,,,https://www.google.com/maps/place/?q=place_id:ChIJw4QyITd1nkcRGmgDtVnAXD4,,
,hotel_245,BEYOND by Geisel,1,Munich,Germany,🇩🇪,"Marienplatz 22, 80331 München",48.136723,11.5754,ChIJ_wpI0Yp1nkcRmBcjtH4D63Q,,,,https://www.google.com/maps/place/?q=place_id:ChIJ_wpI0Yp1nkcRmBcjtH4D63Q,,
,hotel_246,Werdenfelserei,1,Garmisch-Partenkirchen,Germany,🇩🇪,"Alleestraße 28, 82467 Garmisch-Partenkirchen",47.496545,11.089607,ChIJTSsOLOYGnUcR3isy_l5D44Y,,,,https://www.google.com/maps/place/?q=place_id:ChIJTSsOLOYGnUcR3isy_l5D44Y,,
,hotel_247,Tortue Hamburg,1,Hamburg,Germany,🇩🇪,"Stadthausbrücke 10, 20355 Hamburg",53.551523,9.986072,ChIJE9t_jBqPsUcRzddmd-pXmaE,,,,https://www.google.com/maps/place/?q=place_id:ChIJE9t_jBqPsUcRzddmd-pXmaE,,
,hotel_248,Spa & Resort Bachmair Weissach,1,Rottach-Egern,Germany,🇩🇪,"Wiesseer Straße 1, 83700 Kreuth",47.686418,11.758046,ChIJix9_5cKOnUcROUr34sH8nxY,,,,https://www.google.com/maps/place/?q=place_id:ChIJix9_5cKOnUcROUr34sH8nxY,,
,hotel_249,Hotel / Weingut Meintzinger,1,Frickenhausen,Germany,🇩🇪,"Babenbergplatz 4, 97252 Frickenhausen am Main",49.671252,10.093225,ChIJOW3-DziHokcRfoheyUI5CE4,,,,https://www.google.com/maps/place/?q=place_id:ChIJOW3-DziHokcRfoheyUI5CE4,,
,hotel_250,Widmann's Löwen,1,Königsbronn,Germany,🇩🇪,"Struthstraße 17, 89551 Königsbronn-Zang",48.729668,10.064889,ChIJyYwENOQQmUcR26ZAHxoFPjo,,,,https://www.google.com/maps/place/?q=place_id:ChIJyYwENOQQmUcR26ZAHxoFPjo,,
,hotel_251,Hotel Dollenberg,1,Bad Peterstal-Griesbach,Germany,🇩🇪,"Dollenberg 3, 77740 Bad Peterstal-Griesbach",48.45757,8.25101,ChIJneuWnnMtl0cRjbl130iPAyU,,,,https://www.google.com/maps/place/?q=place_id:ChIJneuWnnMtl0cRjbl130iPAyU,,
,hotel_252,Hotel PURS,1,Andernach,Germany,🇩🇪,"Steinweg 30-32, 56626 Andernach",50.438903,7.397401,ChIJ5arRzQZgvkcRezibNFtTxjc,,,,https://www.google.com/maps/place/?q=place_id:ChIJ5arRzQZgvkcRezibNFtTxjc,,
,hotel_253,Hotel Villa Sorgenfrei & Restaurant Atelier Sanssouci,1,Dresden,Germany,🇩🇪,"Augustusweg 48, 01445 Radebeul",51.108216,13.674786,ChIJ-_cV2t7RCUcRKEyZnZXYMRs,,,,https://www.google.com/maps/place/?q=place_id:ChIJ-_cV2t7RCUcRKEyZnZXYMRs,,
,hotel_254,Hotel Europäischer Hof Heidelberg,1,Heidelberg,Germany,🇩🇪,"Friedrich-Ebert-Anlage 1, 69117 Heidelberg",49.408069,8.695161,ChIJ_2GDVxzBl0cREoPKggbXflY,,,,https://www.google.com/maps/place/?q=place_id:ChIJ_2GDVxzBl0cREoPKggbXflY,,
,hotel_255,Hotel Rebstock Durbach,1,Durbach,Germany,🇩🇪,"Halbgütle 30, 77770 Durbach",48.490591,8.034509,ChIJg_rK87LVlkcR8eX9iegcTHY,,,,https://www.google.com/maps/place/?q=place_id:ChIJg_rK87LVlkcR8eX9iegcTHY,,
,hotel_256,The Ritz-Carlton Wolfsburg,1,Wolfsburg,Germany,🇩🇪,"Parkstraße 1, 38440 Wolfsburg",52.433234,10.789827,ChIJwSzI6beTr0cRq_1OU_nrG04,,,,https://www.google.com/maps/place/?q=place_id:ChIJwSzI6beTr0cRq_1OU_nrG04,,
,hotel_257,Hotel Heinzler am See,1,Immenstaad am Bodensee,Germany,🇩🇪,"Strandbadstraße 3, 88090 Immenstaad am Bodensee",47.661138,9.355287,ChIJLZ9gyh3_mkcRrn8V_i7SeJI,,,,https://www.google.com/maps/place/?q=place_id:ChIJLZ9gyh3_mkcRrn8V_i7SeJI,,
,hotel_29,Rosewood Schloss Fuschl,3,Hof bei Salzburg,Austria,🇦🇹,"Schloss-Straße 19, 5322 Hof bei Salzburg",47.808966,13.255739,ChIJYxvrdmujdkcRHpc6UFfb-kA,,,,https://www.google.com/maps/place/?q=place_id:ChIJYxvrdmujdkcRHpc6UFfb-kA,,
,hotel_30,Hotel Sacher Wien,3,Vienna,Austria,🇦🇹,"Philharmonikerstraße 4, 1010 Wien",48.204001,16.369796,ChIJI85wbpwHbUcRiJL_xm_zLE4,,,,https://www.google.com/maps/place/?q=place_id:ChIJI85wbpwHbUcRiJL_xm_zLE4,,
,hotel_31,DAS EDELWEISS - Salzburg Mountain Resort,2,Grossarl,Austria,🇦🇹,"Unterbergstraße 65, 5611 Großarl",47.242923,13.195478,ChIJbY_DqM4od0cRXYgvL0C-gx0,,,,https://www.google.com/maps/place/?q=place_id:ChIJbY_DqM4od0cRXYgvL0C-gx0,,
,hotel_32,Family Nature Resort Moar Gut,2,Grossarl,Austria,🇦🇹,"Moargasse 22, 5611 Großarl",47.21338,13.193769,ChIJV2PfURkvd0cRt2vw3YRZ4Wk,,,,https://www.google.com/maps/place/?q=place_id:ChIJV2PfURkvd0cRt2vw3YRZ4Wk,,
,hotel_33,TOP Hotel Hochgurgl,2,Hochgurgl,Austria,🇦🇹,"Hochgurglerstraße 8, 6456 Hochgurgl",46.900384,11.051799,ChIJL3bs1XrMgkcR5IXICu_mSpk,,,,https://www.google.com/maps/place/?q=place_id:ChIJL3bs1XrMgkcR5IXICu_mSpk,,
,hotel_34,Grand Tirolia Kitzbühel,2,Kitzbühel,Austria,🇦🇹,"Eichenheim 10, 6370 Kitzbühel",47.426212,12.420892,ChIJ-4UOwrdTdkcRxB7-_bIUOYA,,,,https://www.google.com/maps/place/?q=place_id:ChIJ-4UOwrdTdkcRxB7-_bIUOYA,,
,hotel_35,Naturhotel Waldklause,2,Längenfeld,Austria,🇦🇹,"Unterlängenfeld 190, 6444 Unterlängenfeld",47.072122,10.965327,ChIJR5DEsnkvnUcRFot13u03XTw,,,,https://www.google.com/maps/place/?q=place_id:ChIJR5DEsnkvnUcRFot13u03XTw,,
,hotel_36,Hotel Almhof Schneider,2,Lech am Arlberg,Austria,🇦🇹,"Tannberg 59, 6764 Lech",47.20878,10.139727,ChIJ00De0OymnEcRhYy3j_2g01o,,,,https://www.google.com/maps/place/?q=place_id:ChIJ00De0OymnEcRhYy3j_2g01o,,
,hotel_37,Severins – The Alpine Retreat,2,Lech am Arlberg,Austria,🇦🇹,"Stubenbach 273, 6764 Lech",47.22141,10.156837,ChIJv76sLLumnEcRxvzaSpYc_iI,,,,https://www.google.com/maps/place/?q=place_id:ChIJv76sLLumnEcRxvzaSpYc_iI,,
,hotel_38,Alpen-Wellness Resort Hochfirst,2,Obergurgl,Austria,🇦🇹,"Gurglerstraße 123, 6456 Obergurgl",46.873637,11.030839,ChIJmRiwt3rMgkcR-ZxjZuLL-Kk,,,,https://www.google.com/maps/place/?q=place_id:ChIJmRiwt3rMgkcR-ZxjZuLL-Kk,,
,hotel_39,Schloss Mönchstein,2,Salzburg,Austria,🇦🇹,"Mönchsberg Park 26, 5020 Salzburg",47.804082,13.035739,ChIJgzqYv2-QdkcR964su6hRSxc,,,,https://www.google.com/maps/place/?q=place_id:ChIJgzqYv2-QdkcR964su6hRSxc,,
,hotel_40,Hotel Tannenhof,2,St. Anton am Arlberg,Austria,🇦🇹,"Nassereinerstraße 98, 6580 St. Anton am Arlberg",47.139565,10.27711,ChIJp3yPrnCwnEcRBmvaWosulEo,,,,https://www.google.com/maps/place/?q=place_id:ChIJp3yPrnCwnEcRBmvaWosulEo,,
,hotel_41,Hotel Schloss Seefels,2,Techelsberg,Austria,🇦🇹,"Töschling 1, 9212 Techelsberg am Wörther See",46.634064,14.120491,ChIJVaPT8Oh5cEcR-vu6ZSjxc_w,,,,https://www.google.com/maps/place/?q=place_id:ChIJVaPT8Oh5cEcR-vu6ZSjxc_w,,
,hotel_42,Aktiv & Wellnesshotel Bergfried,2,Tux,Austria,🇦🇹,"Lanersbach 483, 6293 Tux",47.154635,11.724594,ChIJY9CFqYXgd0cRYNZaDhtlOC8,,,,https://www.google.com/maps/place/?q=place_id:ChIJY9CFqYXgd0cRYNZaDhtlOC8,,
,hotel_43,Falkensteiner Schlosshotel Velden,2,Velden am Wörthersee,Austria,🇦🇹,"Schlosspark 1, 9220 Velden am Wörthersee",46.611918,14.043457,ChIJz8VgLN14cEcRLubWBZAYGdc,,,,https://www.google.com/maps/place/?q=place_id:ChIJz8VgLN14cEcRLubWBZAYGdc,,
,hotel_44,Hotel Imperial,2,Vienna,Austria,🇦🇹,"Kärntner Ring 16, 1015 Wien",48.20111,16.372871,ChIJs8GwaZ0HbUcRb-caAc8q6-o,,,,https://www.google.com/maps/place/?q=place_id:ChIJs8GwaZ0HbUcRb-caAc8q6-o,,
,hotel_45,Hotel Sans Souci Wien,2,Vienna,Austria,🇦🇹,"Burggasse 2, 1070 Wien",48.20472,16.356525,ChIJ8_JZQZAHbUcRfOCRCB4Q_n4,,,,https://www.google.com/maps/place/?q=place_id:ChIJ8_JZQZAHbUcRfOCRCB4Q_n4,,
,hotel_46,Park Hyatt Vienna,2,Vienna,Austria,🇦🇹,"Am Hof 2, 1010 Wien",48.210524,16.368359,ChIJ__-zxL0HbUcR4trDQRI8pus,,,,https://www.google.com/maps/place/?q=place_id:ChIJ__-zxL0HbUcR4trDQRI8pus,,
,hotel_47,Rosewood Vienna,2,Vienna,Austria,🇦🇹,"Petersplatz 7, 1010 Wien",48.209673,16.369602,ChIJSdXijJgHbUcR2j3eg4_9q1Y,,,,https://www.google.com/maps/place/?q=place_id:ChIJSdXijJgHbUcR2j3eg4_9q1Y,,
,hotel_48,The Amauris Vienna,2,Vienna,Austria,🇦🇹,"Kärntner Ring 8, 1010 Wien",48.201709,16.371032,ChIJlU4DHG4HbUcRocvGLzHlLzU,,,,https://www.google.com/maps/place/?q=place_id:ChIJlU4DHG4HbUcRocvGLzHlLzU,,
,hotel_119,Das Kronthaler,1,Achenkirch,Austria,🇦🇹,"Am Waldweg 105a, 6215 Achenkirch",47.510054,11.695527,ChIJhxsuJSWCnUcRESsGLY_YrAw,,,,https://www.google.com/maps/place/?q=place_id:ChIJhxsuJSWCnUcRESsGLY_YrAw,,
,hotel_120,Scheiblhofer THE RESORT,1,Andau,Austria,🇦🇹,"Resortplatz 1, 7163 Andau",47.784829,17.030141,ChIJL50ph4lzbEcRxACS2_VzBQc,,,,https://www.google.com/maps/place/?q=place_id:ChIJL50ph4lzbEcRxACS2_VzBQc,,
,hotel_121,The Comodo Bad Gastein,1,Bad Gastein,Austria,🇦🇹,"Kaiserhofstraße 18, 5640 Bad Gastein",47.123569,13.144458,ChIJZzxyW3cxd0cRBEouWxXUK4o,,,,https://www.google.com/maps/place/?q=place_id:ChIJZzxyW3cxd0cRBEouWxXUK4o,,
,hotel_122,Eriro,1,Ehrwald,Austria,🇦🇹,"Ehrwalder Alm 4, 6632 Ehrwald",47.383252,10.973669,ChIJq6FKm6kdnUcRxjRxO7aykDQ,,,,https://www.google.com/maps/place/?q=place_id:ChIJq6FKm6kdnUcRxjRxO7aykDQ,,
,hotel_123,Schlosshotel Fiss,1,Fiss,Austria,🇦🇹,"Laurschweg 28, 6533 Fiss",47.055249,10.610112,ChIJJQ3j79_RnEcR5kwB4NnD3HY,,,,https://www.google.com/maps/place/?q=place_id:ChIJJQ3j79_RnEcR5kwB4NnD3HY,,
,hotel_124,Impulshotel FREIGOLD,1,Freistadt,Austria,🇦🇹,"Am Stieranger 4, 4240 Freistadt",48.506635,14.500997,ChIJu1HoDMkLc0cR74Pe99rXzs4,,,,https://www.google.com/maps/place/?q=place_id:ChIJu1HoDMkLc0cR74Pe99rXzs4,,
,hotel_125,Bergblick,1,Grän-Haldensee,Austria,🇦🇹,"Am Lumberg 20, 6673 Grän",47.513011,10.559095,ChIJ9Q_wuaCMnEcRuGlJ4FajY-Q,,,,https://www.google.com/maps/place/?q=place_id:ChIJ9Q_wuaCMnEcRuGlJ4FajY-Q,,
,hotel_126,Genießer- & Romantikhotel DAS SCHIFF,1,Hittisau,Austria,🇦🇹,"Heideggen 311, 6952 Hittisau",47.45643,9.964129,ChIJCdYqiXplm0cRWKMREa7g-fs,,,,https://www.google.com/maps/place/?q=place_id:ChIJCdYqiXplm0cRWKMREa7g-fs,,
,hotel_127,Boutique Hotel Weisses Rössl,1,Innsbruck,Austria,🇦🇹,"Kiebachgasse 8, 6020 Innsbruck",47.267605,11.392232,ChIJuSal__prnUcRp0MlIL14Y_o,,,,https://www.google.com/maps/place/?q=place_id:ChIJuSal__prnUcRp0MlIL14Y_o,,
,hotel_128,Elizabeth Arthotel,1,Ischgl,Austria,🇦🇹,"Fimbabahnweg 4, 6561 Ischgl",47.013225,10.293867,ChIJm9gpb520nEcRm4ecVBaFP-A,,,,https://www.google.com/maps/place/?q=place_id:ChIJm9gpb520nEcRm4ecVBaFP-A,,
,hotel_129,Hotel Trofana Royal Resort,1,Ischgl,Austria,🇦🇹,"Dorfstraße 95, 6561 Ischgl",47.008604,10.286605,ChIJUW_PJGGznEcRHqMExbf1jqU,,,,https://www.google.com/maps/place/?q=place_id:ChIJUW_PJGGznEcRHqMExbf1jqU,,
,hotel_130,Schlosshotel Ischgl,1,Ischgl,Austria,🇦🇹,"Dorfstraße 85, 6561 Ischgl",47.008333,10.287778,ChIJ8Te1HWGznEcRuV4QhWn-SsA,,,,https://www.google.com/maps/place/?q=place_id:ChIJ8Te1HWGznEcRuV4QhWn-SsA,,
,hotel_131,Hotel Kitzhof Mountain Design Resort,1,Kitzbühel,Austria,🇦🇹,"Schwarzseestraße 8/10, 6370 Kitzbühel",47.448311,12.38543,ChIJia99rApNdkcRoMu64c5qDo0,,,,https://www.google.com/maps/place/?q=place_id:ChIJia99rApNdkcRoMu64c5qDo0,,
,hotel_132,Hotel Weisses Roessl,1,Kitzbühel,Austria,🇦🇹,"Bichlstraße 5, 6370 Kitzbühel",47.445447,12.392328,ChIJIcjfYXZNdkcRLqVZmv5lQYs,,,,https://www.google.com/maps/place/?q=place_id:ChIJIcjfYXZNdkcRLqVZmv5lQYs,,
,hotel_133,Schwarzer Adler - Adults Only,1,Kitzbühel,Austria,🇦🇹,"Florianigasse 15, 6370 Kitzbühel",47.444672,12.394441,ChIJywZZBXdNdkcRFicw-qUwUuQ,,,,https://www.google.com/maps/place/?q=place_id:ChIJywZZBXdNdkcRFicw-qUwUuQ,,
,hotel_134,Post Lech Arlberg,1,Lech am Arlberg,Austria,🇦🇹,"Dorf 11, 6764 Lech",47.207167,10.141226,ChIJDfFtjZKmnEcRR8ETSORpkh4,,,,https://www.google.com/maps/place/?q=place_id:ChIJDfFtjZKmnEcRR8ETSORpkh4,,
,hotel_135,Burg Vital Resort,1,Lech am Arlberg,Austria,🇦🇹,"Oberlech 568, 6764 Lech",47.217414,10.138714,ChIJR4YhucGmnEcR0BQd1tCMI-k,,,,https://www.google.com/maps/place/?q=place_id:ChIJR4YhucGmnEcR0BQd1tCMI-k,,
,hotel_136,Walch's Rote Wand Gourmet Hotel,1,Lech am Arlberg,Austria,🇦🇹,"Zug 5, 6764 Lech",47.200761,10.109308,ChIJ__6lUQCnnEcRrSEW6JsST_0,,,,https://www.google.com/maps/place/?q=place_id:ChIJ__6lUQCnnEcRrSEW6JsST_0,,
,hotel_137,Hotel Krallerhof,1,Leogang,Austria,🇦🇹,"Rain 6, 5771 Leogang",47.438217,12.735989,ChIJL4W8mRr8dkcRmQLPmeRxI7w,,,,https://www.google.com/maps/place/?q=place_id:ChIJL4W8mRr8dkcRmQLPmeRxI7w,,
,hotel_138,mama thresl,1,Leogang,Austria,🇦🇹,"Sonnberg 252, 5771 Leogang",47.44116,12.716822,ChIJMULfmg_8dkcRk79DT0VJWSs,,,,https://www.google.com/maps/place/?q=place_id:ChIJMULfmg_8dkcRk79DT0VJWSs,,
,hotel_139,Naturhotel Forsthofgut,1,Leogang,Austria,🇦🇹,"Hütten 2, 5771 Leogang",47.439228,12.715773,ChIJI-ViNKT-dkcRKMOBY_lhOEk,,,,https://www.google.com/maps/place/?q=place_id:ChIJI-ViNKT-dkcRKMOBY_lhOEk,,
,hotel_140,die HOCHKÖNIGIN Mountain Resort,1,Maria Alm am Steinernen Meer,Austria,🇦🇹,"Hochkönigstraße 27, 5761 Maria Alm",47.404541,12.902278,ChIJO1zkXcTjdkcRHz35IHmjOpY,,,,https://www.google.com/maps/place/?q=place_id:ChIJO1zkXcTjdkcRHz35IHmjOpY,,
,hotel_141,Hideaway Hotel Montestyria Chalets & Suiten,1,Mariazell,Austria,🇦🇹,"Kalvarienberg 5, 8630 Mariazell",47.774711,15.321019,ChIJSZiqFKMHckcRGUDwFhip0uM,,,,https://www.google.com/maps/place/?q=place_id:ChIJSZiqFKMHckcRGUDwFhip0uM,,
,hotel_142,ZillergrundRock Luxury Mountain Resort,1,Mayrhofen,Austria,🇦🇹,"Zillergrund 903, 6290 Mayrhofen",47.159067,11.88139,ChIJXcLW5rDCd0cRRw9oHIigy-4,https://guide.michelin.com/en/hotels-stays/Mayrhofen/zillergrundrock-luxury-mountain-resort-14171,,,https://www.google.com/maps/place/?q=place_id:ChIJXcLW5rDCd0cRRw9oHIigy-4,,
,hotel_143,Spa Hotel Jagdhof,1,Neustift im Stubaital,Austria,🇦🇹,"Scheibe 44, 6167 Neustift im Stubaital",47.10817,11.299654,ChIJ49n0zMJGnUcRhkvZ7QuRyO0,,,,https://www.google.com/maps/place/?q=place_id:ChIJ49n0zMJGnUcRhkvZ7QuRyO0,,
,hotel_144,Alpenresort Schwarz,1,Obermieming,Austria,🇦🇹,"Obermieming 141, 6414 Obermieming",47.307222,10.986111,ChIJZRWG-6IenUcR1AKmW17f9BU,,,,https://www.google.com/maps/place/?q=place_id:ChIJZRWG-6IenUcR1AKmW17f9BU,,
,hotel_145,Holzleiten Bio Wellness Hotel,1,Obsteig,Austria,🇦🇹,"Holzleiten 84, 6416 Obsteig",47.30939,10.88497,ChIJn0PTuD0enUcRucX5c2L9-hg,,,,https://www.google.com/maps/place/?q=place_id:ChIJn0PTuD0enUcRucX5c2L9-hg,,
,hotel_146,MALAT Weingut und Hotel,1,Palt,Austria,🇦🇹,"Hafnerstraße 12, 3511 Furth bei Göttweig",48.382871,15.61456,ChIJAZviHAGEckcRqfUNRLQxcmk,,,,https://www.google.com/maps/place/?q=place_id:ChIJAZviHAGEckcRqfUNRLQxcmk,,
,hotel_49,Grand Resort Bad Ragaz,3,Bad Ragaz,Switzerland,🇨🇭,"Bernhard-Simonstrasse 20, 7310 Bad Ragaz",47.000427,9.50371,ChIJSSCOWonLhEcRTqwr1k7lj5k,,,,https://www.google.com/maps/place/?q=place_id:ChIJSSCOWonLhEcRTqwr1k7lj5k,,
,hotel_50,Hotel Les Trois Rois,3,Basel,Switzerland,🇨🇭,"Blumenrain 8, 4001 Basel",47.560439,7.587647,ChIJ9TTWPK-5kUcR-w9C3b0WDKs,,,,https://www.google.com/maps/place/?q=place_id:ChIJ9TTWPK-5kUcR-w9C3b0WDKs,,
,hotel_51,Bürgenstock Resort,3,Bürgenstock,Switzerland,🇨🇭,"Bürgenstock Resort, 6363 Obbürgen",46.996748,8.379181,ChIJOdaL69H5j0cRaFE99l6D5lw,,,,https://www.google.com/maps/place/?q=place_id:ChIJOdaL69H5j0cRaFE99l6D5lw,,
,hotel_52,Beau-Rivage Geneva,3,Geneva,Switzerland,🇨🇭,"Quai du Mont-Blanc 13, 1201 Genève",46.209019,6.149653,ChIJk08TrSVljEcRmdCl-hFxZnw,,,,https://www.google.com/maps/place/?q=place_id:ChIJk08TrSVljEcRmdCl-hFxZnw,,
,hotel_53,"The Woodward, Auberge Collection",3,Geneva,Switzerland,🇨🇭,"Quai Wilson 37, 1201 Genève",46.212132,6.152266,ChIJ6Zr4LyFljEcRuVw8qYnRctQ,https://guide.michelin.com/en/hotels-stays/geneva/the-woodward-auberge-collection-12243,,,https://www.google.com/maps/place/?q=place_id:ChIJ6Zr4LyFljEcRuVw8qYnRctQ,,
,hotel_54,The Alpina Gstaad,3,Gstaad,Switzerland,🇨🇭,"Alpinastrasse 23, 3780 Gstaad",46.475959,7.288417,ChIJGTA3fqnxjkcROrRsX7FCekA,https://guide.michelin.com/en/hotels-stays/gstaad/the-alpina-gstaad-7179,,,https://www.google.com/maps/place/?q=place_id:ChIJGTA3fqnxjkcROrRsX7FCekA,,
,hotel_55,Badrutt's Palace Hotel,3,St. Moritz,Switzerland,🇨🇭,"Via Serlas 27, 7500 St. Moritz",46.497588,9.841159,ChIJzQkBFcB9g0cRnROITY83uLk,https://guide.michelin.com/en/hotels-stays/st-moritz/badrutts-palace-hotel-7322,,,https://www.google.com/maps/place/?q=place_id:ChIJzQkBFcB9g0cRnROITY83uLk,,
,hotel_56,Carlton Hotel St. Moritz,3,St. Moritz,Switzerland,🇨🇭,"Via Johannes Badrutt 11, 7500 St. Moritz",46.499904,9.846402,ChIJFZ0j07h9g0cRPSaha6nRsbc,,,,https://www.google.com/maps/place/?q=place_id:ChIJFZ0j07h9g0cRPSaha6nRsbc,,
,hotel_57,Baur au Lac,3,Zurich,Switzerland,🇨🇭,"Talstrasse 1, 8001 Zürich",47.367301,8.539371,ChIJZcrzZBcLkEcROaEB21geaZk,,,,https://www.google.com/maps/place/?q=place_id:ChIJZcrzZBcLkEcROaEB21geaZk,,
,hotel_58,The Chedi Andermatt,2,Andermatt,Switzerland,🇨🇭,"Gotthardstrasse 4, 6490 Andermatt",46.636352,8.594439,ChIJA3rwat1xhUcRKZxeGFYI5Ek,,,,https://www.google.com/maps/place/?q=place_id:ChIJA3rwat1xhUcRKZxeGFYI5Ek,,
,hotel_59,Tschuggen Grand Hotel,2,Arosa,Switzerland,🇨🇭,"Tschuggentorweg 1, 7050 Arosa",46.777479,9.66933,ChIJp7Y0v_e8hEcR1NRYGOEVwVA,,,,https://www.google.com/maps/place/?q=place_id:ChIJp7Y0v_e8hEcR1NRYGOEVwVA,,
,hotel_60,Valsana Hotel & Appartements,2,Arosa,Switzerland,🇨🇭,"Oberseepromenade 2, 7050 Arosa",46.783503,9.684197,ChIJEXAsIO28hEcR_aOSXcMt8MY,,,,https://www.google.com/maps/place/?q=place_id:ChIJEXAsIO28hEcR_aOSXcMt8MY,,
,hotel_61,Castello del Sole Beach Resort & Spa,2,Ascona,Switzerland,🇨🇭,"Via Muraccio 142, 6612 Ascona",46.152195,8.792258,ChIJH3dKJbPJhUcREM2f08SoJSU,,,,https://www.google.com/maps/place/?q=place_id:ChIJH3dKJbPJhUcREM2f08SoJSU,,
,hotel_62,Hotel Eden Roc,2,Ascona,Switzerland,🇨🇭,"Via Albarelle 16, 6612 Ascona",46.150672,8.773166,ChIJwUDBrVzIhUcR7nWiZEBqDxs,,,,https://www.google.com/maps/place/?q=place_id:ChIJwUDBrVzIhUcR7nWiZEBqDxs,,
,hotel_63,Hotel Bellevue Palace Bern,2,Bern,Switzerland,🇨🇭,"Kochergasse 3/5, 3011 Bern",46.946617,7.44672,ChIJc6vVl8Y5jkcRoEhpjy_ijyk,,,,https://www.google.com/maps/place/?q=place_id:ChIJc6vVl8Y5jkcRoEhpjy_ijyk,,
,hotel_64,Guarda Golf Hotel & Residences,2,Crans-Montana,Switzerland,🇨🇭,"Rte des Zirès 14, 3963 Crans-Montana",46.30685,7.471143,ChIJ-w51EDLgjkcRB1fQqsQ2fWw,,,,https://www.google.com/maps/place/?q=place_id:ChIJ-w51EDLgjkcRB1fQqsQ2fWw,,
,hotel_65,Hostellerie du Pas de l'Ours,2,Crans-Montana,Switzerland,🇨🇭,"Rue du Pas-de-l'Ours 41, 3963 Crans-Montana",46.307448,7.459752,ChIJQ2N1D0rgjkcRMgK3zPRuPZs,,,,https://www.google.com/maps/place/?q=place_id:ChIJQ2N1D0rgjkcRMgK3zPRuPZs,,
,hotel_66,LeCrans Hotel & Spa,2,Crans-Montana,Switzerland,🇨🇭,"Chem. du Mont-Blanc 1, 3963 Crans-Montana",46.315197,7.462376,ChIJYVWC9bXhjkcRUT8ZkwYTlvo,,,,https://www.google.com/maps/place/?q=place_id:ChIJYVWC9bXhjkcRUT8ZkwYTlvo,,
,hotel_67,Hotel Villa Honegg,2,Ennetbürgen,Switzerland,🇨🇭,"Honegg 1, 6373 Ennetbürgen",46.994997,8.402858,ChIJg922PD34j0cRfXeqvEOqmbE,,,,https://www.google.com/maps/place/?q=place_id:ChIJg922PD34j0cRfXeqvEOqmbE,,
,hotel_68,Four Seasons Hotel des Bergues,2,Geneva,Switzerland,🇨🇭,"Quai des Bergues 33, 1201 Genève",46.206989,6.147105,ChIJofKpQyhljEcRL6GtxGPru8o,,,,https://www.google.com/maps/place/?q=place_id:ChIJofKpQyhljEcRL6GtxGPru8o,,
,hotel_69,"The Ritz-Carlton Hotel de la Paix, Geneva",2,Geneva,Switzerland,🇨🇭,"Quai du Mont-Blanc 11, 1201 Genève",46.207878,6.14842,ChIJoenz6yVljEcRd4vm0kv3kdw,,,,https://www.google.com/maps/place/?q=place_id:ChIJoenz6yVljEcRd4vm0kv3kdw,,
,hotel_70,Gstaad Palace,2,Gstaad,Switzerland,🇨🇭,"Palacestrasse 28, 3780 Gstaad",46.473143,7.289359,ChIJvYdRWanxjkcRU2TLGD3EkUs,,,,https://www.google.com/maps/place/?q=place_id:ChIJvYdRWanxjkcRU2TLGD3EkUs,,
,hotel_71,Le Grand Bellevue,2,Gstaad,Switzerland,🇨🇭,"Untergstaadstrasse 17, 3780 Saanen",46.477972,7.2833,ChIJzazSiafxjkcRFINKVIQf2T0,,,,https://www.google.com/maps/place/?q=place_id:ChIJzazSiafxjkcRFINKVIQf2T0,,
,hotel_72,Victoria-Jungfrau Grand Hotel & Spa,2,Interlaken,Switzerland,🇨🇭,"Höheweg 41, 3800 Interlaken",46.686654,7.857386,ChIJjwi_1Zukj0cRsEg812G5gUk,,,,https://www.google.com/maps/place/?q=place_id:ChIJjwi_1Zukj0cRsEg812G5gUk,,
,hotel_73,Beau-Rivage Palace,2,Lausanne,Switzerland,🇨🇭,"Chem. de Beau-Rivage 21, 1006 Lausanne",46.508054,6.630152,ChIJzw62ec8vjEcRuU86s4PT6Pg,,,,https://www.google.com/maps/place/?q=place_id:ChIJzw62ec8vjEcRuU86s4PT6Pg,,
,hotel_74,Lausanne Palace,2,Lausanne,Switzerland,🇨🇭,"Rue du Grand-Chêne 7/9, 1003 Lausanne",46.519403,6.63072,ChIJs_J19TIujEcRAr8G9B1OxWU,,,,https://www.google.com/maps/place/?q=place_id:ChIJs_J19TIujEcRAr8G9B1OxWU,,
,hotel_75,Villa Principe Leopoldo,2,Lugano,Switzerland,🇨🇭,"Via Montalbano 5, 6900 Lugano",45.993434,8.93976,ChIJiZRB5x0thEcRSeFXL5iyHL4,,,,https://www.google.com/maps/place/?q=place_id:ChIJiZRB5x0thEcRSeFXL5iyHL4,,
,hotel_76,"Mandarin Oriental Palace, Luzern",2,Lucerne,Switzerland,🇨🇭,"Haldenstrasse 10, 6002 Luzern",47.055235,8.319756,ChIJo1tayjP7j0cR_U6PIzTNWTE,,,,https://www.google.com/maps/place/?q=place_id:ChIJo1tayjP7j0cR_U6PIzTNWTE,,
,hotel_77,Fairmont Le Montreux Palace,2,Montreux,Switzerland,🇨🇭,"Av. Claude-Nobs 2, 1820 Montreux",46.438612,6.90683,ChIJ__LfUxebjkcRlQmT_GIcu0o,,,,https://www.google.com/maps/place/?q=place_id:ChIJ__LfUxebjkcRlQmT_GIcu0o,,
,hotel_78,Grand Hotel Kronenhof,2,Pontresina,Switzerland,🇨🇭,"Via Maistra 130, 7504 Pontresina",46.493499,9.90105,ChIJZcMwl3J8g0cRJ0LH2dnzXlE,,,,https://www.google.com/maps/place/?q=place_id:ChIJZcMwl3J8g0cRJ0LH2dnzXlE,,
,hotel_79,Boutique Hotel Restaurant Krone Regensberg,2,Regensberg,Switzerland,🇨🇭,"Oberburg 1, 8158 Regensberg",47.482799,8.438733,ChIJ87IvnBtzkEcRNl2cOcJa1Jk,,,,https://www.google.com/maps/place/?q=place_id:ChIJ87IvnBtzkEcRNl2cOcJa1Jk,,
,hotel_80,The Capra,2,Saas-Fee,Switzerland,🇨🇭,"Lomattenstrasse 6, 3906 Saas-Fee",46.110847,7.929194,ChIJ3b3uaaNFj0cRkdXlxNPYSco,,,,https://www.google.com/maps/place/?q=place_id:ChIJ3b3uaaNFj0cRkdXlxNPYSco,,
,hotel_81,Kulm Hotel St. Moritz,2,St. Moritz,Switzerland,🇨🇭,"Via Veglia 18, 7500 St. Moritz",46.499011,9.841272,ChIJWcrXkr99g0cRTh4ZpnJAGiY,,,,https://www.google.com/maps/place/?q=place_id:ChIJWcrXkr99g0cRTh4ZpnJAGiY,,
,hotel_82,Suvretta House,2,St. Moritz,Switzerland,🇨🇭,"Via Chasellas 1, 7500 St. Moritz",46.484771,9.819641,ChIJPYHXbPx9g0cRoXP_7hQj1Bk,,,,https://www.google.com/maps/place/?q=place_id:ChIJPYHXbPx9g0cRoXP_7hQj1Bk,,
,hotel_83,7132 Hotel,2,Vals,Switzerland,🇨🇭,"Poststrasse 560, 7132 Vals",46.622522,9.181223,ChIJux1gOKjkhEcR85YGT1Tr8BI,,,,https://www.google.com/maps/place/?q=place_id:ChIJux1gOKjkhEcR85YGT1Tr8BI,,
,hotel_84,Park Hotel Vitznau,2,Vitznau,Switzerland,🇨🇭,"Seestrasse 18, 6354 Vitznau",47.014948,8.47821,ChIJy7lkm6tXhUcRNVod15iWoXA,,,,https://www.google.com/maps/place/?q=place_id:ChIJy7lkm6tXhUcRNVod15iWoXA,,
,hotel_85,CERVO Mountain Resort,2,Zermatt,Switzerland,🇨🇭,"Riedweg 156, 3920 Zermatt",46.021926,7.75437,ChIJ7VYWyoU1j0cRDKBm7K96w2E,,,,https://www.google.com/maps/place/?q=place_id:ChIJ7VYWyoU1j0cRDKBm7K96w2E,,
,hotel_86,Matterhorn FOCUS,2,Zermatt,Switzerland,🇨🇭,"Schluhmattstrasse 131, 3920 Zermatt",46.013988,7.742718,ChIJv7mF0sQ1j0cRgJwAThrb0Ek,,,,https://www.google.com/maps/place/?q=place_id:ChIJv7mF0sQ1j0cRgJwAThrb0Ek,,
,hotel_87,La Réserve Eden au Lac Zurich,2,Zurich,Switzerland,🇨🇭,"Utoquai 45, 8008 Zürich",47.362874,8.547407,ChIJu8LY9XynmkcR9-20Ynsto8o,,,,https://www.google.com/maps/place/?q=place_id:ChIJu8LY9XynmkcR9-20Ynsto8o,,
,hotel_570,Le Mirador Resort & Spa,1,Vevey,Switzerland,🇨🇭,"Chemin de l'Hôtel Mirador 5, 1801 Chardonne",46.481616,6.827578,ChIJ4YgpodyCjkcRe2yOeM9e6CE,,,,https://www.google.com/maps/place/?q=place_id:ChIJ4YgpodyCjkcRe2yOeM9e6CE,,
,hotel_571,Royal Savoy Hotel & Spa,1,Lausanne,Switzerland,🇨🇭,"Avenue d'Ouchy 40, 1006 Lausanne",46.511368,6.62849,ChIJuzSvIs4vjEcRi8sg1wgYbtU,,,,https://www.google.com/maps/place/?q=place_id:ChIJuzSvIs4vjEcRi8sg1wgYbtU,,
,hotel_572,Grand Hôtel du Lac,1,Vevey,Switzerland,🇨🇭,"Rue d'Italie 1, 1800 Vevey",46.457651,6.851806,ChIJ0T0N9sicjkcRXfnduZdn7f0,,,,https://www.google.com/maps/place/?q=place_id:ChIJ0T0N9sicjkcRXfnduZdn7f0,,
,hotel_186,"Raffles Hotel, Singapore",3,Singapore,Singapore,🇸🇬,"1 Beach Road, Singapore 189673",1.294889,103.854483,ChIJwUTKu6UZ2jERwt5ctkU4f2Q,,,,https://www.google.com/maps/place/?q=place_id:ChIJwUTKu6UZ2jERwt5ctkU4f2Q,,
,hotel_187,Capella Singapore,1,Singapore,Singapore,🇸🇬,"1 The Knolls, Sentosa Island, Singapore 098297",1.249722,103.824167,ChIJF75fVaoe2jERZYVUuHEz-lQ,,,,https://www.google.com/maps/place/?q=place_id:ChIJF75fVaoe2jERZYVUuHEz-lQ,,
,hotel_188,Four Seasons Hotel Singapore,1,Singapore,Singapore,🇸🇬,"190 Orchard Boulevard, Singapore 248646",1.305088,103.828718,ChIJqbrxYIwZ2jERV9rTVcsl1Lk,,,,https://www.google.com/maps/place/?q=place_id:ChIJqbrxYIwZ2jERV9rTVcsl1Lk,,
,hotel_189,"PARKROYAL COLLECTION Pickering, Singapore",1,Singapore,Singapore,🇸🇬,"3 Upper Pickering Street, Singapore 058289",1.285759,103.846041,ChIJo8cvPgsZ2jERzUp0v52SdI0,,,,https://www.google.com/maps/place/?q=place_id:ChIJo8cvPgsZ2jERzUp0v52SdI0,,
,hotel_190,"Mandarin Oriental, Singapore",1,Singapore,Singapore,🇸🇬,"5 Raffles Avenue, Singapore 039797",1.291337,103.857475,ChIJt7a1YKgZ2jER1U6XOjXyMCA,,,,https://www.google.com/maps/place/?q=place_id:ChIJt7a1YKgZ2jER1U6XOjXyMCA,,
,hotel_191,Artyzen Singapore,1,Singapore,Singapore,🇸🇬,"9 Cuscaden Road, Singapore 249719",1.305764,103.827012,ChIJ3e7dBwgZ2jERdBkrWfLO3Pw,,,,https://www.google.com/maps/place/?q=place_id:ChIJ3e7dBwgZ2jERdBkrWfLO3Pw,,
,hotel_192,Raffles Sentosa Singapore,1,Singapore,Singapore,🇸🇬,"4 Bukit Manis Road, Sentosa, Singapore 099947",1.248038,103.827519,ChIJ0cGco1Qf2jERVBqlD7ZvNQ0,,,,https://www.google.com/maps/place/?q=place_id:ChIJ0cGco1Qf2jERVBqlD7ZvNQ0,,
,hotel_193,Hôtel de Paris Monte-Carlo,3,Monte Carlo,Monaco,🇲🇨,"Place du Casino, 98000 Monaco",43.739005,7.427464,ChIJFY1s1ofCzRIRtwOFQihi098,,,,https://www.google.com/maps/place/?q=place_id:ChIJFY1s1ofCzRIRtwOFQihi098,,
,hotel_194,Hotel Metropole Monte Carlo,2,Monte Carlo,Monaco,🇲🇨,"4 Avenue de la Madone, 98000 Monaco",43.740932,7.427933,ChIJXegNVX3CzRIRrR3oUcS2iCU,,,,https://www.google.com/maps/place/?q=place_id:ChIJXegNVX3CzRIRrR3oUcS2iCU,,
,hotel_195,"Copacabana Palace, A Belmond Hotel, Rio de Janeiro",2,Rio de Janeiro,Brazil,🇧🇷,"Avenida Atlântica 1702, Copacabana, Rio de Janeiro - RJ, 22021-001",-22.967311,-43.178954,ChIJjZJPDlTVmwARroitzBhRLu8,,,,https://www.google.com/maps/place/?q=place_id:ChIJjZJPDlTVmwARroitzBhRLu8,,
,hotel_196,Boardwalk Boutique Hotel Aruba,2,Noord,Aruba,🇦🇼,"Bakval 20, Noord",12.583038,-70.042242,ChIJTfsMeAI4hY4RRL4tM6KYuh8,,,,https://www.google.com/maps/place/?q=place_id:ChIJTfsMeAI4hY4RRL4tM6KYuh8,,
,hotel_258,Maslina Resort,1,Stari Grad,Croatia,🇭🇷,"Uvala Maslinica 11, 21460 Stari Grad",43.180312,16.571937,ChIJm210Ozp_ShMRU6Q67A-ZoXo,,,,https://www.google.com/maps/place/?q=place_id:ChIJm210Ozp_ShMRU6Q67A-ZoXo,,
,hotel_259,Villa Nai 3.3,3,Dugi Otok,Croatia,🇭🇷,"Žman 199, 23282 Žman",43.962414,15.121972,ChIJR6irdcmrNBMRtfeOGp0QK7s,,,,https://www.google.com/maps/place/?q=place_id:ChIJR6irdcmrNBMRtfeOGp0QK7s,,
,hotel_260,Villa Dubrovnik,1,Dubrovnik,Croatia,🇭🇷,"Ulica Vlaha Bukovca 6, 20000 Dubrovnik",42.63831,18.127256,ChIJ1y-a9kwLTBMRaNucgQdfvw8,,,,https://www.google.com/maps/place/?q=place_id:ChIJ1y-a9kwLTBMRaNucgQdfvw8,,
,hotel_261,Supetar,1,Cavtat,Croatia,🇭🇷,"Obala Ante Starčevića 27, 20210 Cavtat",42.583715,18.215275,ChIJXW9sSZ8NTBMR1l0pbjlS2wY,,,,https://www.google.com/maps/place/?q=place_id:ChIJXW9sSZ8NTBMR1l0pbjlS2wY,,
,hotel_262,Villa Korta Katarina & Winery,1,Orebić,Croatia,🇭🇷,"Ulica Bana Josipa Jelačića 3, 20250 Orebić",42.97977,17.193797,ChIJ8Vgcsn9RShMRvKphkG0Akqs,,,,https://www.google.com/maps/place/?q=place_id:ChIJ8Vgcsn9RShMRvKphkG0Akqs,,
,hotel_263,Esplanade Zagreb Hotel,1,Zagreb,Croatia,🇭🇷,"Mihanovićeva ulica 1, 10000 Zagreb",45.805394,15.976012,ChIJ-4PswvnWZUcREtjgku_DPV4,,,,https://www.google.com/maps/place/?q=place_id:ChIJ-4PswvnWZUcREtjgku_DPV4,,
,hotel_264,San Canzian,1,Buje,Croatia,🇭🇷,"Mužolini Donji 7, 52460 Buje",45.387639,13.686381,ChIJsQmNVkhhe0cR1pA92V2Cqk8,,,,https://www.google.com/maps/place/?q=place_id:ChIJsQmNVkhhe0cR1pA92V2Cqk8,,
,hotel_265,Meneghetti Wine Hotel and Winery,1,Bale,Croatia,🇭🇷,"Stancija Meneghetti 1, 52211 Bale",45.007487,13.744976,ChIJo8HcV6bIfEcRjSG9LMZxMBk,,,,https://www.google.com/maps/place/?q=place_id:ChIJo8HcV6bIfEcRjSG9LMZxMBk,,
,hotel_266,Grand Park Hotel Rovinj by Maistra Collection,1,Rovinj,Croatia,🇭🇷,"Smareglijeva ulica 1A, 52210 Rovinj",45.075552,13.637031,ChIJfY2tKOzBfEcRjx1vLoiBKYM,,,,https://www.google.com/maps/place/?q=place_id:ChIJfY2tKOzBfEcRjx1vLoiBKYM,,
,hotel_267,Palace Elisabeth Hvar,2,Hvar,Croatia,🇭🇷,"Trg Sv. Stjepana 5, 21450 Hvar",43.17281,16.441318,ChIJv8PtYQOBNRMR9UNwvllPoss,,,,https://www.google.com/maps/place/?q=place_id:ChIJv8PtYQOBNRMR9UNwvllPoss,,
,hotel_268,Platán Manor,1,Tata,Hungary,🇭🇺,"Kastély tér 6, 2890 Tata",47.648017,18.318179,ChIJf0OX_-NFakcRMHAH3gfhtW0,,,,https://www.google.com/maps/place/?q=place_id:ChIJf0OX_-NFakcRMHAH3gfhtW0,,
,hotel_269,Hotel Clark Budapest,1,Budapest,Hungary,🇭🇺,"Clark Ádám tér 1, 1013 Budapest",47.498734,19.039915,ChIJf7wYqz3cQUcRXcyeZEZJfuk,,,,https://www.google.com/maps/place/?q=place_id:ChIJf7wYqz3cQUcRXcyeZEZJfuk,,
,hotel_270,Kozmo Hotel Suites & Spa,1,Budapest,Hungary,🇭🇺,"Horváth Mihály tér 17, 1082 Budapest",47.49002,19.074782,ChIJbyrtH1_dQUcRrf9JBGG_Z_M,,,,https://www.google.com/maps/place/?q=place_id:ChIJbyrtH1_dQUcRrf9JBGG_Z_M,,
,hotel_271,Kimpton Bem Budapest,1,Budapest,Hungary,🇭🇺,"Bem József tér 3, 1027 Budapest",47.512063,19.03793,ChIJO3fFApbdQUcRmQCT-b90YEY,,,,https://www.google.com/maps/place/?q=place_id:ChIJO3fFApbdQUcRmQCT-b90YEY,,
,hotel_272,Anantara New York Palace Budapest,1,Budapest,Hungary,🇭🇺,"Erzsébet körút 9, 1073 Budapest",47.498562,19.070491,ChIJYUYX_WbcQUcRnvSLTnINJoU,,,,https://www.google.com/maps/place/?q=place_id:ChIJYUYX_WbcQUcRnvSLTnINJoU,,
,hotel_273,Verno House,1,Budapest,Hungary,🇭🇺,"Október 6. utca 26, 1051 Budapest",47.502652,19.050451,ChIJ96yS9hTcQUcR2HMAhA0fdxw,,,,https://www.google.com/maps/place/?q=place_id:ChIJ96yS9hTcQUcR2HMAhA0fdxw,,
,hotel_274,Four Seasons Hotel Gresham Palace Budapest,2,Budapest,Hungary,🇭🇺,"Széchenyi István tér 5-6, 1051 Budapest",47.499917,19.047934,ChIJp7NvhxXcQUcRT3GQWPZBEjs,,,,https://www.google.com/maps/place/?q=place_id:ChIJp7NvhxXcQUcRT3GQWPZBEjs,,
,hotel_275,"Matild Palace, a Luxury Collection Hotel",2,Budapest,Hungary,🇭🇺,"Váci utca 36, 1056 Budapest",47.492533,19.054236,ChIJ80yvn0bcQUcR8tkbtdUbnPI,,,,https://www.google.com/maps/place/?q=place_id:ChIJ80yvn0bcQUcR8tkbtdUbnPI,,
,hotel_276,"Dorothea Hotel, Budapest, Autograph Collection",1,Budapest,Hungary,🇭🇺,"Dorottya utca 2, 1051 Budapest",47.49706,19.049463,ChIJd7C0YcTdQUcRVCCBjn-Gonw,,,,https://www.google.com/maps/place/?q=place_id:ChIJd7C0YcTdQUcRVCCBjn-Gonw,,
,hotel_277,Párisi Udvar Hotel Budapest,2,Budapest,Hungary,🇭🇺,"Petőfi Sándor utca 2-4, 1052 Budapest",47.493591,19.054997,ChIJSTy9h5zdQUcRM5H9k3rXYRc,,,,https://www.google.com/maps/place/?q=place_id:ChIJSTy9h5zdQUcRM5H9k3rXYRc,,
,hotel_278,W Budapest,1,Budapest,Hungary,🇭🇺,"Andrássy út 25, 1061 Budapest",47.502032,19.059148,ChIJPf0b7WvcQUcRM0weKfplHCo,,,,https://www.google.com/maps/place/?q=place_id:ChIJPf0b7WvcQUcRM0weKfplHCo,,
,hotel_279,Hotel Petit Bois,1,Balatonfüred,Hungary,🇭🇺,"Táncsics Mihály utca 7, 8230 Balatonfüred",46.958244,17.896737,ChIJMaEQdQC9aUcR1RXpPrTxXas,,,,https://www.google.com/maps/place/?q=place_id:ChIJMaEQdQC9aUcR1RXpPrTxXas,,
,hotel_280,The Bristol Belgrade,1,Belgrade,Serbia,🇷🇸,"Karađorđeva 50, 11000 Beograd",44.812932,20.452552,ChIJcUdKEDN7WkcRbCPbl1nyYWU,,,,https://www.google.com/maps/place/?q=place_id:ChIJcUdKEDN7WkcRbCPbl1nyYWU,,
,hotel_281,SAINT TEN Hotel,1,Belgrade,Serbia,🇷🇸,"Svetog Save 10, 11000 Beograd",44.801314,20.467159,ChIJSS-YNgpwWkcRT7qSc1F8_AE,,,,https://www.google.com/maps/place/?q=place_id:ChIJSS-YNgpwWkcRT7qSc1F8_AE,,
,hotel_282,Square Nine Hotel,1,Belgrade,Serbia,🇷🇸,"Studentski trg 9, 11000 Beograd",44.8194,20.456239,ChIJZVe5U0tlWkcRD4aYWbSpgPw,,,,https://www.google.com/maps/place/?q=place_id:ChIJZVe5U0tlWkcRD4aYWbSpgPw,,
,hotel_283,The St. Regis Belgrade,1,Belgrade,Serbia,🇷🇸,"Nikolaja Kravcova 1, 11000 Beograd",44.805455,20.446449,ChIJ13_sEFRvWkcReYm2JMlcojU,,,,https://www.google.com/maps/place/?q=place_id:ChIJ13_sEFRvWkcReYm2JMlcojU,,
,hotel_284,Grau Roig Andorra Boutique Hotel & Spa,1,Grandvalira,Andorra,🇦🇩,"Grau Roig, AD200 Grau Roig",42.532628,1.701111,ChIJawz0HYyHpRIRKN-D0Jq_Kvs,,,,https://www.google.com/maps/place/?q=place_id:ChIJawz0HYyHpRIRKN-D0Jq_Kvs,,
,hotel_285,The Blackpine Hotel,1,Les Escaldes,Andorra,🇦🇩,"Plaça Coprínceps 4, AD700 Escaldes-Engordany",42.509197,1.539736,ChIJnaBVL3uLpRIRKD5SfuB5f7g,,,,https://www.google.com/maps/place/?q=place_id:ChIJnaBVL3uLpRIRKD5SfuB5f7g,,
,hotel_286,Sport Hotel Hermitage & Spa,1,Soldeu,Andorra,🇦🇩,"Carretera General II, Tram Soldeu 56, AD100 Soldeu",42.57565,1.670603,ChIJuXFfk9dirxIRcjvfcelud3E,,,,https://www.google.com/maps/place/?q=place_id:ChIJuXFfk9dirxIRcjvfcelud3E,,
,hotel_287,L'Ovella Negra Mountain,1,Canillo,Andorra,🇦🇩,AD100 Canillo,42.586239,1.66491,ChIJ73fKEyVjrxIRBwLHrLTQd6k,,,,https://www.google.com/maps/place/?q=place_id:ChIJ73fKEyVjrxIRBwLHrLTQd6k,,
,hotel_288,Rosselli - AX Privilege,1,Valletta,Malta,🇲🇹,"167 Merchants Street, Valletta VLT 1174",35.898876,14.515381,ChIJhVs-yCtFDhMRPSh0dCGESV8,,,,https://www.google.com/maps/place/?q=place_id:ChIJhVs-yCtFDhMRPSh0dCGESV8,,
,hotel_289,The Phoenicia Malta,1,Valletta,Malta,🇲🇹,"The Mall, Floriana FRN 1478",35.895401,14.507147,ChIJOeyKnCtFDhMRLnhVCISStPA,,,,https://www.google.com/maps/place/?q=place_id:ChIJOeyKnCtFDhMRLnhVCISStPA,,
,hotel_290,Lure Hotel & Spa,1,Mellieha,Malta,🇲🇹,"9 Misraħ il-Parroċċa, Mellieħa MLH 1072",35.959811,14.360893,ChIJCcRnbTRMDhMR4RDIcOOX0Jg,,,,https://www.google.com/maps/place/?q=place_id:ChIJCcRnbTRMDhMR4RDIcOOX0Jg,,
,hotel_291,Iniala Valletta,2,Valletta,Malta,🇲🇹,"10 St. Barbara Bastion, Valletta VLT 1961",35.89626,14.51427,ChIJwQof8ixFDhMR7mjzR2DhbVE,,,,https://www.google.com/maps/place/?q=place_id:ChIJwQof8ixFDhMR7mjzR2DhbVE,,
,hotel_292,Xara Palace,1,Mdina,Malta,🇲🇹,"Misraħ il-Kunsill, Mdina MDN 1050",35.885151,14.404168,ChIJa7Vx3b9RDhMRwa9BXzs1Z2E,,,,https://www.google.com/maps/place/?q=place_id:ChIJa7Vx3b9RDhMRwa9BXzs1Z2E,,
,hotel_293,Domus Zamittello,1,Valletta,Malta,🇲🇹,"7 Republic Street, Valletta VLT 1111",35.896858,14.51032,ChIJR0pW6StFDhMRu5uFbIwuVrg,,,,https://www.google.com/maps/place/?q=place_id:ChIJR0pW6StFDhMRu5uFbIwuVrg,,
,hotel_294,Casa del Mare - Mediterraneo,1,Herceg Novi,Montenegro,🇲🇪,"Kamenari bb, 85342 Jošice",42.463147,18.672837,ChIJ7QxLlSQxTBMRh8y56C2VLkg,,,,https://www.google.com/maps/place/?q=place_id:ChIJ7QxLlSQxTBMRh8y56C2VLkg,,
,hotel_295,Villa Geba,1,Sveti Stefan,Montenegro,🇲🇪,"Vukice Mitrović, 86315 Sveti Stefan",42.255519,18.896938,ChIJx__fBX7VTRMRBsjgqTlEPRA,,,,https://www.google.com/maps/place/?q=place_id:ChIJx__fBX7VTRMRBsjgqTlEPRA,,
,hotel_296,The Chedi Luštica Bay,1,Tivat,Montenegro,🇲🇪,"Luštica Bay Marina, 85323 Radovići",42.386582,18.664154,ChIJr5OHuMwvTBMRZ0EQi_gRM3U,,,,https://www.google.com/maps/place/?q=place_id:ChIJr5OHuMwvTBMRZ0EQi_gRM3U,,
,hotel_297,One&Only Portonovi,2,Herceg Novi,Montenegro,🇲🇪,"Portonovi Resort, 85340 Herceg Novi",42.435379,18.596848,ChIJX46E4K07TBMRn4uGjkDzJgI,,,,https://www.google.com/maps/place/?q=place_id:ChIJX46E4K07TBMRn4uGjkDzJgI,,
,hotel_298,Regent Porto Montenegro,1,Tivat,Montenegro,🇲🇪,"Obala bb, Porto Montenegro, 85320 Tivat",42.4334,18.6935,ChIJM2f96XUxTBMRcWxZjTQ4pSo,,,,https://www.google.com/maps/place/?q=place_id:ChIJM2f96XUxTBMRcWxZjTQ4pSo,,
,hotel_299,SIRO Boka Place,1,Tivat,Montenegro,🇲🇪,"Jadranska magistrala, 85320 Tivat",42.438241,18.695678,ChIJlR-kSbMxTBMRoBc3OCNEMxA,,,,https://www.google.com/maps/place/?q=place_id:ChIJlR-kSbMxTBMRoBc3OCNEMxA,,
,hotel_300,Grad Otočec,1,Otočec,Slovenia,🇸🇮,"Grajska cesta 2, 8222 Otočec",45.838009,15.234847,ChIJq17GifaqZUcR4l5Svp5jzlg,,,,https://www.google.com/maps/place/?q=place_id:ChIJq17GifaqZUcR4l5Svp5jzlg,,
,hotel_301,Peterc Vineyard Estate,1,Kojsko,Slovenia,🇸🇮,"Kojsko 4a, 5211 Kojsko",46.01024,13.573819,ChIJSxOR3D-re0cRNSWxi1J4p8E,,,,https://www.google.com/maps/place/?q=place_id:ChIJSxOR3D-re0cRNSWxi1J4p8E,,
,hotel_302,AS Boutique Hotel,1,Ljubljana,Slovenia,🇸🇮,"Čopova ulica 5a, 1000 Ljubljana",46.051822,14.504683,ChIJ01DiS9EtZUcRfzi_ehk1dyo,,,,https://www.google.com/maps/place/?q=place_id:ChIJ01DiS9EtZUcRfzi_ehk1dyo,,
,hotel_303,Zlata Ladjica Boutique Hotel,1,Ljubljana,Slovenia,🇸🇮,"Jurčičev trg 1, 1000 Ljubljana",46.04829,14.505355,ChIJO9b_rCYtZUcR2Nq9MxC470s,,,,https://www.google.com/maps/place/?q=place_id:ChIJO9b_rCYtZUcR2Nq9MxC470s,,
,hotel_304,Chalet Sofija,2,Kranjska Gora,Slovenia,🇸🇮,"Srednji Vrh 10, 4282 Gozd Martuljek",46.489073,13.83722,ChIJC0i5Sjp9ekcRN-Bb9aJG1Rw,,,,https://www.google.com/maps/place/?q=place_id:ChIJC0i5Sjp9ekcRN-Bb9aJG1Rw,,
,hotel_305,Nebesa Chalets,1,Kobarid,Slovenia,🇸🇮,"Livek 39, 5222 Kobarid",46.204844,13.610332,ChIJf08fDCxaekcR0seiUJSuc_s,,,,https://www.google.com/maps/place/?q=place_id:ChIJf08fDCxaekcR0seiUJSuc_s,,
,hotel_306,Jaskółka Dom i SPA,1,Szklarska Poręba,Poland,🇵🇱,"Wolności 10, 58-580 Szklarska Poręba",50.837457,15.505881,ChIJaVJK_enaDkcRKRFx67HUD4g,,,,https://www.google.com/maps/place/?q=place_id:ChIJaVJK_enaDkcRKRFx67HUD4g,,
,hotel_307,Zamek Łeba,2,Łeba,Poland,🇵🇱,"Sosnowa 1, 84-360 Łeba",54.767902,17.563452,ChIJ42nf6DV4_kYRp2atpfqdW48,,,,https://www.google.com/maps/place/?q=place_id:ChIJ42nf6DV4_kYRp2atpfqdW48,,
,hotel_308,Raffles Europejski Warsaw,2,Warsaw,Poland,🇵🇱,"Krakowskie Przedmieście 13, 00-071 Warszawa",52.241701,21.014654,ChIJpTfobI_NHkcRsrTrFAVRhF8,,,,https://www.google.com/maps/place/?q=place_id:ChIJpTfobI_NHkcRsrTrFAVRhF8,,
,hotel_309,Hotel Copernicus,2,Krakow,Poland,🇵🇱,"Kanonicza 16, 31-002 Kraków",50.056301,19.937513,ChIJQY8qLW1bFkcRuAv4L-VpWIk,,,,https://www.google.com/maps/place/?q=place_id:ChIJQY8qLW1bFkcRuAv4L-VpWIk,,
,hotel_310,"Stradom House, Autograph Collection",1,Krakow,Poland,🇵🇱,"Stradomska 12-14, 31-058 Kraków",50.052992,19.940495,ChIJnxYqgmtbFkcRdVgbOFnY4LE,,,,https://www.google.com/maps/place/?q=place_id:ChIJnxYqgmtbFkcRdVgbOFnY4LE,,
,hotel_311,Hotel Altus Palace,2,Wrocław,Poland,🇵🇱,"Wierzbowa 15, 50-056 Wrocław",51.104969,17.036412,ChIJv0zu23DCD0cRdQet8UGzUkY,,,,https://www.google.com/maps/place/?q=place_id:ChIJv0zu23DCD0cRdQet8UGzUkY,,
,hotel_312,Pałac Ciekocinko Hotel Resort & Wellness,1,Ciekocinko,Poland,🇵🇱,"Ciekocinko 9, 84-210 Ciekocinko",54.74555,17.796645,ChIJyaGtHubQ_UYRhzwtPz9ABEg,,,,https://www.google.com/maps/place/?q=place_id:ChIJyaGtHubQ_UYRhzwtPz9ABEg,,
,hotel_313,"Hotel Bristol, A Luxury Collection Hotel, Warsaw",2,Warsaw,Poland,🇵🇱,"Krakowskie Przedmieście 42/44, 00-325 Warszawa",52.24223,21.015882,ChIJl_eTtGDMHkcR3g3LsUh-yw4,,,,https://www.google.com/maps/place/?q=place_id:ChIJl_eTtGDMHkcR3g3LsUh-yw4,,
,hotel_314,EN Hotel,2,Zakopane,Poland,🇵🇱,"Kuźnice 16, 34-500 Zakopane",49.267548,19.979044,ChIJYWwfdqjzFUcRwuCVYQIkW0s,,,,https://www.google.com/maps/place/?q=place_id:ChIJYWwfdqjzFUcRwuCVYQIkW0s,,
,hotel_315,Quadrille,2,Gdynia,Poland,🇵🇱,"Folwarczna 2, 81-547 Gdynia",54.481075,18.539821,ChIJm-3nw5Wg_UYRlZOqkN8Vbo8,,,,https://www.google.com/maps/place/?q=place_id:ChIJm-3nw5Wg_UYRlZOqkN8Vbo8,,
,hotel_316,"H15 Palace, a Luxury Collection Hotel",1,Krakow,Poland,🇵🇱,"Świętego Jana 15, 31-017 Kraków",50.064346,19.939594,ChIJt9c30Q9bFkcRhF5pRjb9nFs,,,,https://www.google.com/maps/place/?q=place_id:ChIJt9c30Q9bFkcRhF5pRjb9nFs,,
,hotel_317,Hotel Santa Caterina,1,Amalfi,Italy,🇮🇹,"Via Mauro Comite 9, 84011 Amalfi SA",40.629415,14.592869,ChIJlWZ_kWiXOxMRbmB5HIkKCVg,,,,https://www.google.com/maps/place/?q=place_id:ChIJlWZ_kWiXOxMRbmB5HIkKCVg,,
,hotel_318,Il Sereno,2,Torno,Italy,🇮🇹,"Via Torrazza 10, 22020 Torno CO",45.859068,9.117708,ChIJKc2Ipk4nhEcRu3kFKUg1h0Y,,,,https://www.google.com/maps/place/?q=place_id:ChIJKc2Ipk4nhEcRu3kFKUg1h0Y,,
,hotel_319,Casa Angelina,2,Praiano,Italy,🇮🇹,"Via Gennaro Capriglione 147, 84010 Praiano SA",40.614508,14.521707,ChIJj3L_GdmWOxMR2mZ7u7eEfAE,,,,https://www.google.com/maps/place/?q=place_id:ChIJj3L_GdmWOxMR2mZ7u7eEfAE,,
,hotel_320,Il San Pietro di Positano,3,Positano,Italy,🇮🇹,"Via Laurito 2, 84017 Positano SA",40.62323,14.503838,ChIJefAlURaXOxMRs59rlVND7g8,,,,https://www.google.com/maps/place/?q=place_id:ChIJefAlURaXOxMRs59rlVND7g8,,
,hotel_321,Brunelleschi Hotel,1,Florence,Italy,🇮🇹,"Piazza Sant'Elisabetta 3, 50122 Firenze FI",43.771716,11.25577,ChIJVYTq1xZLKhMR9hdzECEEL0Q,,,,https://www.google.com/maps/place/?q=place_id:ChIJVYTq1xZLKhMR9hdzECEEL0Q,,
,hotel_322,Villa Fiorella Art Hotel,1,Massa Lubrense,Italy,🇮🇹,"Via Vincenzo Maggio 5, 80061 Massa Lubrense NA",40.611904,14.340721,ChIJ-fUZuDGcOxMRD6x-vE16R6w,,,,https://www.google.com/maps/place/?q=place_id:ChIJ-fUZuDGcOxMRD6x-vE16R6w,,
,hotel_323,COMO Castello del Nero,1,Barberino Tavarnelle,Italy,🇮🇹,"Strada Spicciano 7, 50028 Barberino Tavarnelle FI",43.552023,11.187844,ChIJf95QeSFIKhMR943NoXACdts,,,,https://www.google.com/maps/place/?q=place_id:ChIJf95QeSFIKhMR943NoXACdts,,
,hotel_324,Il Borro,2,San Giustino Valdarno,Italy,🇮🇹,"Località Borro 1, 52024 San Giustino Valdarno AR",43.54154,11.715154,ChIJNTCQBxS8KxMRskL4-uJOOCs,,,,https://www.google.com/maps/place/?q=place_id:ChIJNTCQBxS8KxMRskL4-uJOOCs,,
,hotel_325,Hotel Vilòn,1,Rome,Italy,🇮🇹,"Via dell'Arancio 69, 00186 Roma RM",41.904466,12.476547,ChIJx6Gyx1ZgLxMRNhAuReHiBek,,,,https://www.google.com/maps/place/?q=place_id:ChIJx6Gyx1ZgLxMRNhAuReHiBek,,
,hotel_326,Country House Villadorata,1,Noto,Italy,🇮🇹,"Contrada Portelle, 96017 Noto SR",36.867468,15.039522,ChIJ66ufCCIoEhMRhzfpBlunhIU,,,,https://www.google.com/maps/place/?q=place_id:ChIJ66ufCCIoEhMRhzfpBlunhIU,,
,hotel_327,Grand Hotel Excelsior Vittoria,1,Sorrento,Italy,🇮🇹,"Piazza Torquato Tasso 34, 80067 Sorrento NA",40.628212,14.37564,ChIJQ7kZqK2eOxMRVclM__Vy5nM,,,,https://www.google.com/maps/place/?q=place_id:ChIJQ7kZqK2eOxMRVclM__Vy5nM,,
,hotel_328,Aman Venice,3,Venice,Italy,🇮🇹,"Calle Tiepolo 1364, 30125 Venezia VE",45.436777,12.33204,ChIJadCox9qxfkcR1nZWCLz8jUc,,,,https://www.google.com/maps/place/?q=place_id:ChIJadCox9qxfkcR1nZWCLz8jUc,,
,hotel_329,Castel Fragsburg,1,Merano,Italy,🇮🇹,"Via Fragsburg 3, 39012 Merano BZ",46.637531,11.191437,ChIJGTh1tlu8gkcRavQ2fcnwtWk,,,,https://www.google.com/maps/place/?q=place_id:ChIJGTh1tlu8gkcRavQ2fcnwtWk,,
,hotel_330,Byblos Art Hotel Villa Amistà,1,San Pietro in Cariano,Italy,🇮🇹,"Via Cedrare 78, 37029 Corrubbio VR",45.489717,10.89906,ChIJodfLgYfjgUcRx1VKFFJXWLM,,,,https://www.google.com/maps/place/?q=place_id:ChIJodfLgYfjgUcRx1VKFFJXWLM,,
,hotel_331,Hotel Lungarno,1,Florence,Italy,🇮🇹,"Borgo San Jacopo 14, 50125 Firenze FI",43.767967,11.251556,ChIJez8bNVVRKhMR6QTW0w89UGo,,,,https://www.google.com/maps/place/?q=place_id:ChIJez8bNVVRKhMR6QTW0w89UGo,,
,hotel_332,Therasia Resort Sea & Spa,2,Vulcano,Italy,🇮🇹,"Isola di Vulcano, 98050 Vulcanello ME",38.430342,14.95647,ChIJy24F2rZ-FhMR_0Z8ZJWasnM,,,,https://www.google.com/maps/place/?q=place_id:ChIJy24F2rZ-FhMR_0Z8ZJWasnM,,
,hotel_333,Botania Relais & Spa,1,Island of Ischia,Italy,🇮🇹,"Via Provinciale Lacco-Fango 284, 80075 Forio NA",40.752763,13.879741,ChIJE4NQgmtAOxMRP_zzdP4h27w,,,,https://www.google.com/maps/place/?q=place_id:ChIJE4NQgmtAOxMRP_zzdP4h27w,,
,hotel_334,Grand Hotel Principe di Piemonte,2,Viareggio,Italy,🇮🇹,"Piazza Giacomo Puccini 1, 55049 Viareggio LU",43.881411,10.235524,ChIJu7yTOZWh1RIR5uGBET68O5c,,,,https://www.google.com/maps/place/?q=place_id:ChIJu7yTOZWh1RIR5uGBET68O5c,,
,hotel_335,La Foresteria Planeta Estate,1,Menfi,Italy,🇮🇹,"Contrada Passo di Gurra, SP79 Km 91, 92013 AG",37.600335,12.921953,ChIJ53w8bh9IGhMRBbBsr5KFPcs,,,,https://www.google.com/maps/place/?q=place_id:ChIJ53w8bh9IGhMRBbBsr5KFPcs,,
,hotel_336,Hassler Roma,2,Rome,Italy,🇮🇹,"Piazza della Trinità dei Monti 6, 00187 Roma RM",41.906038,12.4838,ChIJW6tyLVVgLxMRZWOURk7ZVIo,,,,https://www.google.com/maps/place/?q=place_id:ChIJW6tyLVVgLxMRZWOURk7ZVIo,,
,hotel_337,Goldene Rose Karthaus,1,Schnals,Italy,🇮🇹,"Località Certosa 29, 39020 Senales BZ",46.70551,10.909791,ChIJAYJVA5HEgkcRMXMxbjmm8BE,,,,https://www.google.com/maps/place/?q=place_id:ChIJAYJVA5HEgkcRMXMxbjmm8BE,,
,hotel_338,Reschio Hotel,3,Lisciano Niccone,Italy,🇮🇹,"Tabaccaia di Reschio, 06060 Lisciano Niccone PG",43.275894,12.198982,ChIJwcW165IGLBMRPwoOLasPHsc,,,,https://www.google.com/maps/place/?q=place_id:ChIJwcW165IGLBMRPwoOLasPHsc,,
,hotel_339,Riva Lofts Florence,1,Florence,Italy,🇮🇹,"Via Baccio Bandinelli 98, 50142 Firenze FI",43.776576,11.22555,ChIJTYG7P8lWKhMRPW8qmFu8B4M,,,,https://www.google.com/maps/place/?q=place_id:ChIJTYG7P8lWKhMRPW8qmFu8B4M,,
,hotel_340,La Minervetta,2,Sorrento,Italy,🇮🇹,"Via Capo 25, 80067 Sorrento NA",40.627262,14.364318,ChIJ95AU26WeOxMRbEItSaaRr_k,,,,https://www.google.com/maps/place/?q=place_id:ChIJ95AU26WeOxMRbEItSaaRr_k,,
,hotel_341,ADLER Sicilia,2,Siculiana,Italy,🇮🇹,"Contrada Salsa, 92010 Siculiana AG",37.376756,13.318879,ChIJ0yl7e89lGhMRVYdrw_ZO-JU,,,,https://www.google.com/maps/place/?q=place_id:ChIJ0yl7e89lGhMRVYdrw_ZO-JU,,
,hotel_342,"Villa Sant'Andrea, A Belmond Hotel",2,Taormina,Italy,🇮🇹,"Via Nazionale 137, 98039 Taormina ME",37.85411,15.302712,ChIJ47PDOZ0RFBMRnbIto0cV8kI,,,,https://www.google.com/maps/place/?q=place_id:ChIJ47PDOZ0RFBMRnbIto0cV8kI,,
,hotel_343,Le Sirenuse,2,Positano,Italy,🇮🇹,"Via Cristoforo Colombo 30, 84017 Positano SA",40.628834,14.487583,ChIJFUQrOm-XOxMREuopKSa5hgo,,,,https://www.google.com/maps/place/?q=place_id:ChIJFUQrOm-XOxMREuopKSa5hgo,,
,hotel_344,Capri Palace Jumeirah,2,Capri,Italy,🇮🇹,"Via Capodimonte 14, 80071 Anacapri NA",40.55573,14.221849,ChIJ-S_r1d55OxMRUx3283M6SL0,,,,https://www.google.com/maps/place/?q=place_id:ChIJ-S_r1d55OxMRUx3283M6SL0,,
,hotel_345,"Castello di Casole, A Belmond Hotel, Tuscany",2,Casole d'Elsa,Italy,🇮🇹,"Località Querceto, 53031 Casole d'Elsa SI",43.324796,11.084068,ChIJHe4QbKYmKhMRQHTduLK-muM,,,,https://www.google.com/maps/place/?q=place_id:ChIJHe4QbKYmKhMRQHTduLK-muM,,
,hotel_346,Casa Maria Luigia,3,Modena,Italy,🇮🇹,"Stradello Bonaghino 56, 41126 Modena MO",44.61001,10.979721,ChIJ27T4xeXnf0cRvuiee2DnVig,,,,https://www.google.com/maps/place/?q=place_id:ChIJ27T4xeXnf0cRvuiee2DnVig,,
,hotel_347,Grand Hotel Miramare,1,Santa Margherita Ligure,Italy,🇮🇹,"Via Milite Ignoto 30, 16038 Santa Margherita Ligure GE",44.327856,9.214889,ChIJnWVZY4qf1BIR1QeXXCWUpPg,,,,https://www.google.com/maps/place/?q=place_id:ChIJnWVZY4qf1BIR1QeXXCWUpPg,,
,hotel_348,Bellevue Syrene 1820,2,Sorrento,Italy,🇮🇹,"Piazza della Vittoria 5, 80067 Sorrento NA",40.627492,14.370907,ChIJbdtcQ66eOxMR0HLY0FqYuQo,,,,https://www.google.com/maps/place/?q=place_id:ChIJbdtcQ66eOxMR0HLY0FqYuQo,,
,hotel_349,"Splendido, A Belmond Hotel, Portofino",2,Portofino,Italy,🇮🇹,"Viale Baratta 16, 16034 Portofino GE",44.306479,9.210302,ChIJAQAAAN2f1BIRHuxzwH05iXM,,,,https://www.google.com/maps/place/?q=place_id:ChIJAQAAAN2f1BIRHuxzwH05iXM,,
,hotel_350,Palazzo Parigi Hotel & Grand Spa,1,Milan,Italy,🇮🇹,"Corso di Porta Nuova 1, 20121 Milano MI",45.473419,9.191082,ChIJI58xObTGhkcR5_47rs8K5nk,,,,https://www.google.com/maps/place/?q=place_id:ChIJI58xObTGhkcR5_47rs8K5nk,,
,hotel_351,Violino D'Oro,1,Venice,Italy,🇮🇹,"Piazza San Marco 2091, 30124 Venezia VE",45.432783,12.335481,ChIJk1sP1dCxfkcR11GEciUZYZ0,,,,https://www.google.com/maps/place/?q=place_id:ChIJk1sP1dCxfkcR11GEciUZYZ0,,
,hotel_352,San Luis Retreat Hotel & Lodges,1,Avelengo,Italy,🇮🇹,"Vöranerstraße 5, 39010 Hafling BZ",46.630836,11.219794,ChIJ6d0Jque8gkcRq1hsS5oJax0,,,,https://www.google.com/maps/place/?q=place_id:ChIJ6d0Jque8gkcRq1hsS5oJax0,,
,hotel_353,Masseria Torre Coccaro,1,Savelletri di Fasano,Italy,🇮🇹,"Contrada Coccaro 8, 72015 Savelletri di Fasano BR",40.863232,17.386847,ChIJx4z_EX1JRhMR5QdEQs7SkKY,,,,https://www.google.com/maps/place/?q=place_id:ChIJx4z_EX1JRhMR5QdEQs7SkKY,,
,hotel_354,Londra Palace Venezia,1,Venice,Italy,🇮🇹,"Riva degli Schiavoni 4171, 30122 Venezia VE",45.434078,12.343445,ChIJZ65jCyiufkcRBiVjy44xBUs,,,,https://www.google.com/maps/place/?q=place_id:ChIJZ65jCyiufkcRBiVjy44xBUs,,
,hotel_355,Palazzo Margherita,1,Bernalda,Italy,🇮🇹,"Corso Umberto I 64, 75012 Bernalda MT",40.40749,16.687201,ChIJo6QV26RnRxMRKwSvKYqHCaM,,,,https://www.google.com/maps/place/?q=place_id:ChIJo6QV26RnRxMRKwSvKYqHCaM,,
,hotel_356,Hotel Locarno,1,Rome,Italy,🇮🇹,"Via della Penna 22, 00186 Roma RM",41.909753,12.474716,ChIJ-8hcuGTxJRMRMXyB_Rdo7xQ,,,,https://www.google.com/maps/place/?q=place_id:ChIJ-8hcuGTxJRMRMXyB_Rdo7xQ,,
,hotel_357,I Borghi dell'Eremo,2,Piegaro,Italy,🇮🇹,"Vocabolo Crocicchia, 06066 Piegaro PG",42.950009,12.083491,ChIJ14T3OCSzLhMRAvfBa0QlOUE,,,,https://www.google.com/maps/place/?q=place_id:ChIJ14T3OCSzLhMRAvfBa0QlOUE,,
,hotel_358,Vico Milano,1,Milan,Italy,🇮🇹,"Corso Genova 11, 20123 Milano MI",45.457503,9.176258,ChIJwY_HwOnDhkcR26UW3grY300,,,,https://www.google.com/maps/place/?q=place_id:ChIJwY_HwOnDhkcR26UW3grY300,,
,hotel_359,Locanda al Colle,1,Camaiore,Italy,🇮🇹,"Via La Stretta 231, 55041 Camaiore LU",43.932695,10.266213,ChIJr2fmdFp11RIRNSk8UuJkxqQ,,,,https://www.google.com/maps/place/?q=place_id:ChIJr2fmdFp11RIRNSk8UuJkxqQ,,
,hotel_360,Vocabolo Moscatelli Boutique Hotel & Restaurant,1,Umbertide,Italy,🇮🇹,"Via del Refari 2, Calzolaro, 06019 Umbertide PG",43.339598,12.216799,ChIJ2aLtUPwPLBMRPi5fz0jKcTw,,,,https://www.google.com/maps/place/?q=place_id:ChIJ2aLtUPwPLBMRPi5fz0jKcTw,,
,hotel_361,Cascioni Eco Retreat,1,Costa Smeralda,Italy,🇮🇹,"SP 59 bis, 07021 Arzachena SS",41.074189,9.448487,ChIJvzT2rGpF2RIR9LxjwYO1SdU,,,,https://www.google.com/maps/place/?q=place_id:ChIJvzT2rGpF2RIR9LxjwYO1SdU,,
,hotel_362,Grand Hotel Victoria,2,Menaggio,Italy,🇮🇹,"Viale Benedetto Castelli 9/13, 22017 Menaggio CO",46.020898,9.241507,ChIJge3gJQw9hEcRUa6Y_KaCTBU,,,,https://www.google.com/maps/place/?q=place_id:ChIJge3gJQw9hEcRUa6Y_KaCTBU,,
,hotel_363,Monastero Santa Rosa,1,Conca dei Marini,Italy,🇮🇹,"Via Roma 2, 84010 Conca dei Marini SA",40.620727,14.577038,ChIJz5elMiWUOxMRyf9hNlDpnpc,,,,https://www.google.com/maps/place/?q=place_id:ChIJz5elMiWUOxMRyf9hNlDpnpc,,
,hotel_364,Mediterraneo Sorrento,1,Sorrento,Italy,🇮🇹,"Corso Marion Crawford 85, 80065 Sant'Agnello NA",40.634633,14.390603,ChIJy0PZgUiZOxMR8HIyfbU9uWo,,,,https://www.google.com/maps/place/?q=place_id:ChIJy0PZgUiZOxMR8HIyfbU9uWo,,
,hotel_365,Villa Fontelunga,1,Foiano della Chiana,Italy,🇮🇹,"Via Cunicchio 5, 52045 Pozzo della Chiana AR",43.290562,11.809072,ChIJLTKigS3kKxMRExF5Qr5P5Q0,,,,https://www.google.com/maps/place/?q=place_id:ChIJLTKigS3kKxMRExF5Qr5P5Q0,,
,hotel_366,Nordelaia,1,Cremolino,Italy,🇮🇹,"Via Piazze 14, 15010 Cremolino AL",44.644682,8.573707,ChIJjW0iXmQs0xIRfCCvrtE3TeE,,,,https://www.google.com/maps/place/?q=place_id:ChIJjW0iXmQs0xIRfCCvrtE3TeE,,
,hotel_367,Palazzo Daniele,1,Gagliano del Capo,Italy,🇮🇹,"Corso Umberto I 60, 73034 Gagliano del Capo LE",39.844185,18.37299,ChIJqYwMP6wLRBMRoznq2XM8iLA,,,,https://www.google.com/maps/place/?q=place_id:ChIJqYwMP6wLRBMRoznq2XM8iLA,,
,hotel_368,Six Senses Rome,1,Rome,Italy,🇮🇹,"Piazza San Marcello 4, 00187 Roma RM",41.898809,12.481614,ChIJncpa_HVhLxMRf449Spz5kcE,,,,https://www.google.com/maps/place/?q=place_id:ChIJncpa_HVhLxMRf449Spz5kcE,,
,hotel_369,Villa Cora,2,Florence,Italy,🇮🇹,"Viale Machiavelli 18, 50125 Firenze FI",43.757247,11.247523,ChIJuaMLi1lRKhMRqj9DilE3nyU,,,,https://www.google.com/maps/place/?q=place_id:ChIJuaMLi1lRKhMRqj9DilE3nyU,,
,hotel_370,J.K. Place Capri,3,Capri,Italy,🇮🇹,"Via Marina Grande 225, 80073 Capri NA",40.557435,14.235452,ChIJK_MtD353OxMR0D_TkhhWBRA,,,,https://www.google.com/maps/place/?q=place_id:ChIJK_MtD353OxMR0D_TkhhWBRA,,
,hotel_371,Monaci delle Terre Nere,1,Zafferana Etnea,Italy,🇮🇹,"Via Pietralunga sn, 95019 Zafferana Etnea CT",37.673849,15.108152,ChIJE3IwbFn_ExMRhn8eoDWsPAM,,,,https://www.google.com/maps/place/?q=place_id:ChIJE3IwbFn_ExMRhn8eoDWsPAM,,
,hotel_372,Velona's Jungle Luxury Suites,1,Florence,Italy,🇮🇹,"Via Montebello 86, 50123 Firenze FI",43.776976,11.238547,ChIJu5sMWrBWKhMRCMZGeW0MS70,,,,https://www.google.com/maps/place/?q=place_id:ChIJu5sMWrBWKhMRCMZGeW0MS70,,
,hotel_373,Precise Tale Poggio Alla Sala,1,Montepulciano,Italy,🇮🇹,"Via Poggio alla Sala 10, 53045 Montepulciano SI",43.070257,11.877887,ChIJUebIyx5bKRMRooJdZk1ZG9A,,,,https://www.google.com/maps/place/?q=place_id:ChIJUebIyx5bKRMRooJdZk1ZG9A,,
,hotel_374,J.K. Place Roma,2,Rome,Italy,🇮🇹,"Via di Monte d'Oro 30, 00186 Roma RM",41.904444,12.476944,ChIJ0U1yt1ZgLxMR4ViurdnTKck,,,,https://www.google.com/maps/place/?q=place_id:ChIJ0U1yt1ZgLxMR4ViurdnTKck,,
,hotel_375,Castelfalfi,2,Montaione,Italy,🇮🇹,"Località Castelfalfi, 50050 Montaione FI",43.549156,10.855961,ChIJb0Twcg8TKhMRe2UclPKUPWA,,,,https://www.google.com/maps/place/?q=place_id:ChIJb0Twcg8TKhMRe2UclPKUPWA,,
,hotel_376,Canne Bianche Lifestyle Hotel,1,Torre Canne di Fasano,Italy,🇮🇹,"Via Appia Antica 32, 72015 Torre Canne BR",40.830009,17.47577,ChIJux02XqFIRhMRIAxuYN5oumA,,,,https://www.google.com/maps/place/?q=place_id:ChIJux02XqFIRhMRIAxuYN5oumA,,
,hotel_377,Susafa,1,Polizzi Generosa,Italy,🇮🇹,"Contrada Susafa, 90028 Polizzi Generosa PA",37.721899,13.934342,ChIJPeXWjezJEBMRDMn0Uejr6cM,,,,https://www.google.com/maps/place/?q=place_id:ChIJPeXWjezJEBMRDMn0Uejr6cM,,
,hotel_378,Il Palazzo Experimental,1,Venice,Italy,🇮🇹,"Fondamenta Zattere al Ponte Lungo 1411, 30123 Venezia VE",45.430417,12.323084,ChIJ-9rq_VGxfkcR5Gg6DV-UFTE,,,,https://www.google.com/maps/place/?q=place_id:ChIJ-9rq_VGxfkcR5Gg6DV-UFTE,,
,hotel_379,Hotel Metropole Venice,1,Venice,Italy,🇮🇹,"Riva degli Schiavoni 4149, 30122 Venezia VE",45.434068,12.345247,ChIJxdMEfyiufkcRdEk-l-Vo8IA,,,,https://www.google.com/maps/place/?q=place_id:ChIJxdMEfyiufkcRdEk-l-Vo8IA,,
,hotel_380,Corte della Maestà,2,Civita di Bagnoregio,Italy,🇮🇹,"Vicolo della Maestà, 01022 Civita VT",42.627835,12.113888,ChIJ75qXzXTTLhMRUiSJwZWY1Ho,,,,https://www.google.com/maps/place/?q=place_id:ChIJ75qXzXTTLhMRUiSJwZWY1Ho,,
,hotel_381,Sextantio Le Grotte della Civita,1,Matera,Italy,🇮🇹,"Via Civita 28, 75100 Matera MT",40.667636,16.61185,ChIJp2RcNd9-RxMR-tpBtmu5QO4,,,,https://www.google.com/maps/place/?q=place_id:ChIJp2RcNd9-RxMR-tpBtmu5QO4,,
,hotel_382,Palazzo Albricci Peregrini,1,Como,Italy,🇮🇹,"Via Giuseppe Rovelli 28, 22100 Como CO",45.808243,9.08359,ChIJPQYhn0qchkcRxwitWoveees,,,,https://www.google.com/maps/place/?q=place_id:ChIJPQYhn0qchkcRxwitWoveees,,
,hotel_383,Grand Hotel Minerva,1,Florence,Italy,🇮🇹,"Piazza di Santa Maria Novella 16, 50123 Firenze FI",43.773846,11.248967,ChIJWwbzcKlWKhMRoL77zQ8UN7Y,,,,https://www.google.com/maps/place/?q=place_id:ChIJWwbzcKlWKhMRoL77zQ8UN7Y,,
,hotel_384,Castel Monastero,1,Castelnuovo Berardenga,Italy,🇮🇹,"Località Monastero d'Ombrone 19, 53019 Castelnuovo Berardenga SI",43.350987,11.560174,ChIJo9U_yNHaKxMR5vbTEv5rt-w,,,,https://www.google.com/maps/place/?q=place_id:ChIJo9U_yNHaKxMR5vbTEv5rt-w,,
,hotel_385,Castello di Vicarello,1,Cinigiano,Italy,🇮🇹,"Via Vicarello 1, 58044 Poggi del Sasso GR",42.882969,11.307994,ChIJLyjf5x1JLxMRzT_1pd_C1Bc,,,,https://www.google.com/maps/place/?q=place_id:ChIJLyjf5x1JLxMRzT_1pd_C1Bc,,
,hotel_386,Sextantio,1,Santo Stefano di Sessanio,Italy,🇮🇹,"Via Principe Umberto, 67020 Santo Stefano di Sessanio AQ",42.34405,13.644329,ChIJp3-QYqQsMBMRLJTE5A2FzjE,,,,https://www.google.com/maps/place/?q=place_id:ChIJp3-QYqQsMBMRLJTE5A2FzjE,,
,hotel_387,Locanda Rossa,1,Capalbio,Italy,🇮🇹,"Strada Capalbio Pescia Fiorentina 11b, 58011 Capalbio GR",42.446099,11.457984,ChIJk5PCSYfwKBMRvoHQtWTO0dk,,,,https://www.google.com/maps/place/?q=place_id:ChIJk5PCSYfwKBMRvoHQtWTO0dk,,
,hotel_388,Villa le Prata - Residenza del Vescovo,1,Montalcino,Italy,🇮🇹,"Località Le Prata 261, 53024 Montalcino SI",43.041247,11.469391,ChIJESiXBzhxKRMRnxdclkc1kp0,,,,https://www.google.com/maps/place/?q=place_id:ChIJESiXBzhxKRMRnxdclkc1kp0,,
,hotel_389,Aethos Monterosa,1,Champoluc,Italy,🇮🇹,"SR45 16, 11020 Champoluc AO",45.846867,7.734036,ChIJHSp41Cq2iEcReixMm1d_M3M,,,,https://www.google.com/maps/place/?q=place_id:ChIJHSp41Cq2iEcReixMm1d_M3M,,
,hotel_390,Nolinski Venezia - Evok Collection,2,Venice,Italy,🇮🇹,"Calle Larga XXII Marzo 2032, 30124 Venezia VE",45.432971,12.334652,ChIJNVpZkhCxfkcR3TZVrSrb65E,,,,https://www.google.com/maps/place/?q=place_id:ChIJNVpZkhCxfkcR3TZVrSrb65E,,
,hotel_391,Palazzo Talia,1,Rome,Italy,🇮🇹,"Via del Nazareno 25, 00187 Roma RM",41.902896,12.483582,ChIJf_pW-5RhLxMR7wq31PS3AC0,,,,https://www.google.com/maps/place/?q=place_id:ChIJf_pW-5RhLxMR7wq31PS3AC0,,
,hotel_392,Villa Eden The Private Retreat,2,Merano,Italy,🇮🇹,"Via Winkel 68/70, 39012 Merano BZ",46.661288,11.177596,ChIJMwirqQ68gkcRTfJ3oHb2tEE,,,,https://www.google.com/maps/place/?q=place_id:ChIJMwirqQ68gkcRTfJ3oHb2tEE,,
,hotel_393,Monastero di Cortona,1,Cortona,Italy,🇮🇹,"Via del Salvatore, 52044 Cortona AR",43.276378,11.987074,ChIJOTpvNoL5KxMRfw-Z8Qqolo0,,,,https://www.google.com/maps/place/?q=place_id:ChIJOTpvNoL5KxMRfw-Z8Qqolo0,,
,hotel_394,La Monastica Resort & Spa,1,Buggiano Castello,Italy,🇮🇹,"Via Santa Scolastica, 51011 Buggiano Castello PT",43.887521,10.731147,ChIJHTkdN6l9KhMRvrTAlY9VK8A,,,,https://www.google.com/maps/place/?q=place_id:ChIJHTkdN6l9KhMRvrTAlY9VK8A,,
,hotel_395,Monteverdi Tuscany,2,Castiglioncello del Trinoro,Italy,🇮🇹,"Via di Mezzo 2, 53047 Castiglioncello del Trinoro SI",42.991782,11.81344,ChIJLZ4gy45EKRMRu4lG4A_BknQ,,,,https://www.google.com/maps/place/?q=place_id:ChIJLZ4gy45EKRMRu4lG4A_BknQ,,
,hotel_396,Vista Verona,1,Verona,Italy,🇮🇹,"Corticella Leoni 3, 37121 Verona VR",45.440683,11.000007,ChIJNwV2GEhff0cRC4alXXS1mHc,,,,https://www.google.com/maps/place/?q=place_id:ChIJNwV2GEhff0cRC4alXXS1mHc,,
,hotel_397,Palazzo Ripetta,1,Rome,Italy,🇮🇹,"Via di Ripetta 231, 00186 Roma RM",41.908371,12.475978,ChIJw2oMKbthLxMRBFcRrLqsVYE,,,,https://www.google.com/maps/place/?q=place_id:ChIJw2oMKbthLxMRBFcRrLqsVYE,,
,hotel_398,ADLER Lodge RITTEN,1,Soprabolzano,Italy,🇮🇹,"Stella 20, 39054 Soprabolzano BZ",46.534636,11.439575,ChIJDxIqfgl1eEcRo62Y_nh8bzY,,,,https://www.google.com/maps/place/?q=place_id:ChIJDxIqfgl1eEcRo62Y_nh8bzY,,
,hotel_399,LA ROQQA,1,Porto Ercole,Italy,🇮🇹,"Via Panoramica 7, 58018 Porto Ercole GR",42.389785,11.208958,ChIJwbf3mqVdKBMR8yRCHZagbDg,,,,https://www.google.com/maps/place/?q=place_id:ChIJwbf3mqVdKBMR8yRCHZagbDg,,
,hotel_400,Villa Petriolo,1,Cerreto Guidi,Italy,🇮🇹,"Via di Petriolo 7, 50050 Cerreto Guidi FI",43.742573,10.848573,ChIJs1VKtv1lKhMRV0A-eBDUSUs,,,,https://www.google.com/maps/place/?q=place_id:ChIJs1VKtv1lKhMRV0A-eBDUSUs,,
,hotel_401,Portrait Milano,2,Milan,Italy,🇮🇹,"Corso Venezia 11, 20121 Milano MI",45.468135,9.198456,ChIJBTS1TvXHhkcR8W8XL7GMJaw,,,,https://www.google.com/maps/place/?q=place_id:ChIJBTS1TvXHhkcR8W8XL7GMJaw,,
,hotel_402,Hotel Miramalfi,1,Amalfi,Italy,🇮🇹,"Via Salvatore Quasimodo 3, 84011 Amalfi SA",40.630571,14.594686,ChIJbZdxV7OVOxMRaWB9CbcEpc4,,,,https://www.google.com/maps/place/?q=place_id:ChIJbZdxV7OVOxMRaWB9CbcEpc4,,
,hotel_403,COMO Alpina Dolomites,1,Alpe di Siusi,Italy,🇮🇹,"Compatsch 62/3, 39040 Alpe di Siusi BZ",46.543352,11.616647,ChIJnxjCulVseEcRAgzDCQT2-bk,,,,https://www.google.com/maps/place/?q=place_id:ChIJnxjCulVseEcRAgzDCQT2-bk,,
,hotel_404,Aman Rosa Alpina,2,San Cassiano,Italy,🇮🇹,"Strada Micurà de Rü 20, 39036 San Cassiano BZ",46.571428,11.931176,ChIJt9LEx0o5eEcRGuzlID984rI,,,,https://www.google.com/maps/place/?q=place_id:ChIJt9LEx0o5eEcRGuzlID984rI,,
,hotel_405,La Fiermontina Palazzo Bozzi Corso,2,Lecce,Italy,🇮🇹,"Via Umberto I 38, 73100 Lecce LE",40.356071,18.172314,ChIJRy191eUuRBMR9s5J5FMSLzQ,,,,https://www.google.com/maps/place/?q=place_id:ChIJRy191eUuRBMR9s5J5FMSLzQ,,
,hotel_406,Casa Cipriani Milano,1,Milan,Italy,🇮🇹,"Via Palestro 24, 20121 Milano MI",45.472043,9.20173,ChIJ25QoypHHhkcRFEXeMgT35xI,,,,https://www.google.com/maps/place/?q=place_id:ChIJ25QoypHHhkcRFEXeMgT35xI,,
,hotel_407,Palazzo Petrvs,1,Orvieto,Italy,🇮🇹,"Via del Duomo 23, 05018 Orvieto TR",42.717739,12.111547,ChIJ6dsIBk7NLhMRje37Op8vSHM,,,,https://www.google.com/maps/place/?q=place_id:ChIJ6dsIBk7NLhMRje37Op8vSHM,,
,hotel_408,Casa Newton,1,Pienza,Italy,🇮🇹,"Strada Comunale del Borghetto 43, 53026 Pienza SI",43.095561,11.715407,ChIJM8SryaNdKRMRSIIlyeXor8U,,,,https://www.google.com/maps/place/?q=place_id:ChIJM8SryaNdKRMRSIIlyeXor8U,,
,hotel_409,"La Palma Capri, an Oetker Collection Hotel",2,Capri,Italy,🇮🇹,"Via Vittorio Emanuele 39, 80073 Capri NA",40.550366,14.243665,ChIJWzLbDCx4OxMRPMwTakI32b0,,,,https://www.google.com/maps/place/?q=place_id:ChIJWzLbDCx4OxMRPMwTakI32b0,,
,hotel_410,"Collegio alla Querce, Auberge Collection",2,Florence,Italy,🇮🇹,"Via delle Forbici 21B, 50133 Firenze FI",43.787659,11.278082,ChIJtXzJvkZUKhMRqBcu5y4adD4,,,,https://www.google.com/maps/place/?q=place_id:ChIJtXzJvkZUKhMRqBcu5y4adD4,,
,hotel_411,Villa Corallo,1,Sant'Omero,Italy,🇮🇹,"Via Metella Nuova 37, 64027 Sant'Omero TE",42.797493,13.781129,ChIJ64wsCSHuMRMRxevrz1gDBN0,,,,https://www.google.com/maps/place/?q=place_id:ChIJ64wsCSHuMRMRxevrz1gDBN0,,
,hotel_412,Wine Relais Feudi del Pisciotto,1,Niscemi,Italy,🇮🇹,"Contrada Pisciotto, SP 31 km 2, 93015 Niscemi CL",37.113923,14.413341,ChIJLXWfTG0HERMR905SiAXCmVM,,,,https://www.google.com/maps/place/?q=place_id:ChIJLXWfTG0HERMR905SiAXCmVM,,
,hotel_413,Donna Coraly Country Boutique Hotel,1,Syracuse,Italy,🇮🇹,"Traversa San Michele, 96100 Siracusa SR",36.997496,15.238783,ChIJlyh8x0jNExMR19kyGoQ4FHo,,,,https://www.google.com/maps/place/?q=place_id:ChIJlyh8x0jNExMR19kyGoQ4FHo,,
,hotel_414,Villa La Massa,1,Florence,Italy,🇮🇹,"Via della Massa 24, 50012 Candeli FI",43.76506,11.333699,ChIJYyANrahUKhMRif5P9rdrpm8,,,,https://www.google.com/maps/place/?q=place_id:ChIJYyANrahUKhMRif5P9rdrpm8,,
,hotel_415,Corte di Gabriela,1,Venice,Italy,🇮🇹,"Calle dei Avvocati 3836, 30124 Venezia VE",45.434954,12.331717,ChIJJ99HbdCxfkcR7vQWSA2qEk0,,,,https://www.google.com/maps/place/?q=place_id:ChIJJ99HbdCxfkcR7vQWSA2qEk0,,
,hotel_416,Borgo dei Conti Resort,1,Boschetto Vecchio,Italy,🇮🇹,"Strada Tavernelle Castiglione della Valle 36, 06132 Boschetto Vecchio PG",43.006088,12.227181,ChIJx17dpLuvLhMRGWKxn1S7E5E,,,,https://www.google.com/maps/place/?q=place_id:ChIJx17dpLuvLhMRGWKxn1S7E5E,,
,hotel_417,Lido Palace,1,Riva del Garda,Italy,🇮🇹,"Viale Giosuè Carducci 10, 38066 Riva del Garda TN",45.883242,10.846617,ChIJF7lrxNcWgkcRGZsod4m_KBg,,,,https://www.google.com/maps/place/?q=place_id:ChIJF7lrxNcWgkcRGZsod4m_KBg,,
,hotel_418,Palazzo Pascal,1,Scala,Italy,🇮🇹,"Piazza Minuta 1, 84010 Scala SA",40.646439,14.604181,ChIJny1_gZiVOxMRmvcBWvQUrxw,,,,https://www.google.com/maps/place/?q=place_id:ChIJny1_gZiVOxMRmvcBWvQUrxw,,
,hotel_419,Vivere Suites and Rooms,1,Arco,Italy,🇮🇹,"Via Gobbi Epifanio 30, 38062 Arco TN",45.915535,10.865543,ChIJoQaGWKkWgkcRINm4cWywHK0,,,,https://www.google.com/maps/place/?q=place_id:ChIJoQaGWKkWgkcRINm4cWywHK0,,
,hotel_420,Lagació Hotel Mountain Residence,1,San Cassiano,Italy,🇮🇹,"Strada Micurà de Rü 48, 39036 Badia BZ",46.570247,11.933834,ChIJ4Sr6dUo5eEcRtpK5ClbGjZo,,,,https://www.google.com/maps/place/?q=place_id:ChIJ4Sr6dUo5eEcRtpK5ClbGjZo,,
,hotel_421,Casa Clàt,1,Cagliari,Italy,🇮🇹,"Viale Regina Margherita 55/57, 09124 Cagliari CA",39.214042,9.116785,ChIJk46pmQk05xIRwgQjjpqkjUY,,,,https://www.google.com/maps/place/?q=place_id:ChIJk46pmQk05xIRwgQjjpqkjUY,,
,hotel_422,Lake Spa Hotel SEELEITEN,1,Kaltern,Italy,🇮🇹,"San Giuseppe al Lago, Strada del Vino 30, 39052 Caldaro BZ",46.385837,11.252843,ChIJ0cHf27uEgkcRrLVj8HKjXlc,,,,https://www.google.com/maps/place/?q=place_id:ChIJ0cHf27uEgkcRrLVj8HKjXlc,,
,hotel_423,La Fiermontina Luxury Home,1,Lecce,Italy,🇮🇹,"Piazzetta De Summa Scipione 4, 73100 Lecce LE",40.357904,18.169838,ChIJYeMYMOYuRBMRb9KAolQeibY,,,,https://www.google.com/maps/place/?q=place_id:ChIJYeMYMOYuRBMRb9KAolQeibY,,
,hotel_424,Stella d'Italia,1,Florence,Italy,🇮🇹,"Via de' Tornabuoni 7, 50123 Firenze FI",43.77086,11.25127,ChIJV4VF6FVXKhMR6RDZEtQnKsw,,,,https://www.google.com/maps/place/?q=place_id:ChIJV4VF6FVXKhMR6RDZEtQnKsw,,
,hotel_425,Conti di San Bonifacio,1,Gavorrano,Italy,🇮🇹,"Località Casteani 1, 58023 Gavorrano GR",42.996743,10.998343,ChIJZz58AtyUKRMRjW0nl4oUolo,,,,https://www.google.com/maps/place/?q=place_id:ChIJZz58AtyUKRMRjW0nl4oUolo,,
,hotel_426,Portrait Roma,1,Rome,Italy,🇮🇹,"Via Bocca di Leone 23, 00187 Roma RM",41.905349,12.480282,ChIJVWAyUFRgLxMRIpEyP89UFys,,,,https://www.google.com/maps/place/?q=place_id:ChIJVWAyUFRgLxMRIpEyP89UFys,,
,hotel_427,Masseria Calderisi,1,Savelletri di Fasano,Italy,🇮🇹,"Strada Comunale Sarzano 12/A, 72015 Fasano BR",40.85827,17.396548,ChIJt2wTg7JJRhMR6At_Z2-9Mgc,,,,https://www.google.com/maps/place/?q=place_id:ChIJt2wTg7JJRhMR6At_Z2-9Mgc,,
,hotel_428,Ottolire Resort,1,Locorotondo,Italy,🇮🇹,"Contrada Papariello Serafino 59, 70010 Locorotondo BA",40.774502,17.37407,ChIJAwKcld5NRhMRxXgyloL-FUg,,,,https://www.google.com/maps/place/?q=place_id:ChIJAwKcld5NRhMRxXgyloL-FUg,,
,hotel_429,Lefay Resort & Spa Lago di Garda,1,Gargnano,Italy,🇮🇹,"Via Angelo Feltrinelli 136, 25084 Gargnano BS",45.686899,10.645559,ChIJTRELSu6KgUcRua2FgMIrHwA,,,,https://www.google.com/maps/place/?q=place_id:ChIJTRELSu6KgUcRua2FgMIrHwA,,
,hotel_430,Critabianca,1,Cutrofiano,Italy,🇮🇹,"Via vicinale Corraturo, 73020 Cutrofiano LE",40.114227,18.175345,ChIJnY8CoeMYRBMRsuyEyG88O2I,,,,https://www.google.com/maps/place/?q=place_id:ChIJnY8CoeMYRBMRsuyEyG88O2I,,
,hotel_431,Masseria della Volpe,1,Noto,Italy,🇮🇹,"Contrada Casale, 96017 Noto SR",36.80376,14.989914,ChIJLc13aqmJERMR9FCA8mj1Yeg,,,,https://www.google.com/maps/place/?q=place_id:ChIJLc13aqmJERMR9FCA8mj1Yeg,,
,hotel_432,Singer Palace Hotel Roma,1,Rome,Italy,🇮🇹,"Via Alessandro Specchi 10, 00186 Roma RM",41.898942,12.48114,ChIJe3PAh1JgLxMR_eHChuCUgcE,,,,https://www.google.com/maps/place/?q=place_id:ChIJe3PAh1JgLxMR_eHChuCUgcE,,
,hotel_433,Seven Rooms Villadorata,1,Noto,Italy,🇮🇹,"Via Camillo Benso Conte di Cavour 53, 96017 Noto SR",36.892367,15.069724,ChIJGUaiTa4pEhMRUonA0Zp8gzA,,,,https://www.google.com/maps/place/?q=place_id:ChIJGUaiTa4pEhMRUonA0Zp8gzA,,
,hotel_434,Lefay Resort & Spa Dolomiti,2,Pinzolo,Italy,🇮🇹,"Via Alpe di Grual 16, 38086 Pinzolo TN",46.167086,10.766358,ChIJcZHJg_dbgkcRhmrQVwk6YcQ,,,,https://www.google.com/maps/place/?q=place_id:ChIJcZHJg_dbgkcRhmrQVwk6YcQ,,
,hotel_435,Siena House,1,Torrita di Siena,Italy,🇮🇹,"Località Pietrabianca 140, 53049 Torrita di Siena SI",43.188301,11.751272,ChIJH1bXaCvgKxMR6iYrXMQMEvY,,,,https://www.google.com/maps/place/?q=place_id:ChIJH1bXaCvgKxMR6iYrXMQMEvY,,
,hotel_436,Lùme,1,Syracuse,Italy,🇮🇹,"Via Larga 30, 96100 Siracusa SR",37.058934,15.296964,ChIJsabd74HNExMR99P3q4pbBrI,,,,https://www.google.com/maps/place/?q=place_id:ChIJsabd74HNExMR99P3q4pbBrI,,
,hotel_437,Hotel Signum,1,Salina,Italy,🇮🇹,"Via Pastificio, 98050 Malfa ME",38.579196,14.834199,ChIJa25JkC1uFhMR7VIMcd5xXT4,,,,https://www.google.com/maps/place/?q=place_id:ChIJa25JkC1uFhMR7VIMcd5xXT4,,
,hotel_438,Grand Hotel et de Milan,2,Milan,Italy,🇮🇹,"Via Alessandro Manzoni 29, 20121 Milano MI",45.469922,9.192503,ChIJz4oic7HGhkcR6DARPUTOSHk,,,,https://www.google.com/maps/place/?q=place_id:ChIJz4oic7HGhkcR6DARPUTOSHk,,
,hotel_439,Principe Forte dei Marmi,1,Forte dei Marmi,Italy,🇮🇹,"Viale Ammiraglio Morin 67, 55042 Forte dei Marmi LU",43.951805,10.176174,ChIJ58N6WQQK1RIR4fRKTKdJGsQ,,,,https://www.google.com/maps/place/?q=place_id:ChIJ58N6WQQK1RIR4fRKTKdJGsQ,,
,hotel_440,Villa Crespi,1,Lake Orta,Italy,🇮🇹,"Via Giuseppe Fava 18, 28016 Orta San Giulio NO",45.79641,8.416054,ChIJCbA4Ku4MhkcRDYaPQYuwaCI,,,,https://www.google.com/maps/place/?q=place_id:ChIJCbA4Ku4MhkcRDYaPQYuwaCI,,
,hotel_441,La Barchessa di Villa Pisani,1,Bagnolo di Lonigo,Italy,🇮🇹,"Via Risaie 1/3, 36045 Bagnolo VI",45.357815,11.370818,ChIJP6uB9rY_f0cRZ3IOmS7O4zI,,,,https://www.google.com/maps/place/?q=place_id:ChIJP6uB9rY_f0cRZ3IOmS7O4zI,,
,hotel_442,Bellevue Hotel & Spa,2,Cogne,Italy,🇮🇹,"Rue Grand Paradis 22, 11012 Cogne AO",45.606682,7.355521,ChIJD-C-MXLhiEcR9QB0AZB3Ypw,,,,https://www.google.com/maps/place/?q=place_id:ChIJD-C-MXLhiEcR9QB0AZB3Ypw,,
,hotel_443,Paragon 700 Boutique Hotel & SPA,1,Ostuni,Italy,🇮🇹,"Largo Michele Ayroldi Carissimo 14, 72017 Ostuni BR",40.729873,17.577025,ChIJd6NEszhDRhMRHESbCq22jkM,,,,https://www.google.com/maps/place/?q=place_id:ChIJd6NEszhDRhMRHESbCq22jkM,,
,hotel_444,Gardena Grödnerhof Hotel & Spa,1,Ortisei,Italy,🇮🇹,"Via Vidalong 3, 39046 Ortisei BZ",46.572253,11.673661,ChIJXSzwMfwSeEcRSGUJSqQEN8g,,,,https://www.google.com/maps/place/?q=place_id:ChIJXSzwMfwSeEcRSGUJSqQEN8g,,
,hotel_445,"Splendido Mare, A Belmond Hotel, Portofino",1,Portofino,Italy,🇮🇹,"Via Roma 2, 16034 Portofino GE",44.303385,9.209128,ChIJryr6wMCf1BIRxA-YykyJTLU,,,,https://www.google.com/maps/place/?q=place_id:ChIJryr6wMCf1BIRxA-YykyJTLU,,
,hotel_446,The Place Firenze,1,Florence,Italy,🇮🇹,"Piazza di Santa Maria Novella 7, 50123 Firenze FI",43.772926,11.249805,ChIJI4A8galWKhMRMeMpaP5CV9M,,,,https://www.google.com/maps/place/?q=place_id:ChIJI4A8galWKhMRMeMpaP5CV9M,,
,hotel_447,Grand Hotel Tremezzo,2,Tremezzina,Italy,🇮🇹,"Via Statale 5401, 22019 Tremezzina CO",45.984757,9.228526,ChIJ7_uuAswihEcRVIzteVsHb98,,,,https://www.google.com/maps/place/?q=place_id:ChIJ7_uuAswihEcRVIzteVsHb98,,
,hotel_448,Villa d'Este,1,Cernobbio,Italy,🇮🇹,"Via Regina 40, 22012 Cernobbio CO",45.845008,9.079384,ChIJqTV2BISdhkcREpyNyeFCEf0,,,,https://www.google.com/maps/place/?q=place_id:ChIJqTV2BISdhkcREpyNyeFCEf0,,
,hotel_449,Lupaia,1,Torrita di Siena,Italy,🇮🇹,"Località Lupaia 74, 53049 Torrita di Siena SI",43.112952,11.750305,ChIJOQSJcH5eKRMREvXZf2szYa8,,,,https://www.google.com/maps/place/?q=place_id:ChIJOQSJcH5eKRMREvXZf2szYa8,,
,hotel_450,L'Andana,1,Castiglione della Pescaia,Italy,🇮🇹,"Località Badiola, 58043 Castiglione della Pescaia GR",42.797393,10.972716,ChIJKXPET13IKRMRsi8iF2BowNc,,,,https://www.google.com/maps/place/?q=place_id:ChIJKXPET13IKRMRsi8iF2BowNc,,
,hotel_451,Hotel Capo La Gala,1,Vico Equense,Italy,🇮🇹,"Via Luigi Serio 8, 80069 Vico Equense NA",40.674834,14.435947,ChIJO_AJAlyYOxMRvTpLa_SNFYY,,,,https://www.google.com/maps/place/?q=place_id:ChIJO_AJAlyYOxMRvTpLa_SNFYY,,
,hotel_452,Borgo Egnazia,2,Savelletri di Fasano,Italy,🇮🇹,"Strada Comunale Egnazia, 72015 Savelletri BR",40.875191,17.397339,ChIJ9TNOP1pJRhMRBbrDI8lSF4g,,,,https://www.google.com/maps/place/?q=place_id:ChIJ9TNOP1pJRhMRBbrDI8lSF4g,,
,hotel_453,Borgo San Felice Resort,1,Castelnuovo Berardenga,Italy,🇮🇹,"Località San Felice, 53019 Castelnuovo Berardenga SI",43.388062,11.45839,ChIJFbKvehbOKxMRm8e928rOxJY,,,,https://www.google.com/maps/place/?q=place_id:ChIJFbKvehbOKxMRm8e928rOxJY,,
,hotel_454,Capri Tiberio Palace,1,Capri,Italy,🇮🇹,"Via Croce 11-15, 80073 Capri NA",40.550962,14.24705,ChIJL8HpOCl4OxMRnd6pclJPops,,,,https://www.google.com/maps/place/?q=place_id:ChIJL8HpOCl4OxMRnd6pclJPops,,
,hotel_455,Borgo Santo Pietro,3,Chiusdino,Italy,🇮🇹,"Località Palazzetto 110, 53012 Palazzetto SI",43.143248,11.128451,ChIJd8eywwKPKRMRbszjHYowgCM,,,,https://www.google.com/maps/place/?q=place_id:ChIJd8eywwKPKRMRbszjHYowgCM,,
,hotel_456,Castello Banfi - Il Borgo,1,Montalcino,Italy,🇮🇹,"Castello di Poggio alle Mura, 53024 Montalcino SI",42.980003,11.398773,ChIJEbmQto12KRMRCYaHurhLxw0,,,,https://www.google.com/maps/place/?q=place_id:ChIJEbmQto12KRMRCYaHurhLxw0,,
,hotel_457,Relais Blu,1,Massa Lubrense,Italy,🇮🇹,"Via Roncato 60, 80061 Termini NA",40.589358,14.329882,ChIJDZGLfaudOxMRrAcc6YRrtNM,,,,https://www.google.com/maps/place/?q=place_id:ChIJDZGLfaudOxMRrAcc6YRrtNM,,
,hotel_458,Palazzo Avino,1,Ravello,Italy,🇮🇹,"Via San Giovanni del Toro 28, 84010 Ravello SA",40.651072,14.613026,ChIJU45w3J-VOxMRuCjFJd_zaFU,,,,https://www.google.com/maps/place/?q=place_id:ChIJU45w3J-VOxMRuCjFJd_zaFU,,
,hotel_459,"The First Arte, Rome",1,Rome,Italy,🇮🇹,"Via del Vantaggio 14, 00186 Roma RM",41.908741,12.475663,ChIJkYnSJ1ZgLxMRinaZxWR9ahk,,,,https://www.google.com/maps/place/?q=place_id:ChIJkYnSJ1ZgLxMRinaZxWR9ahk,,
,hotel_460,Terra - The Magic Place,1,Sarentino,Italy,🇮🇹,"Prati 21, 39058 Sarentino BZ",46.651791,11.322479,ChIJI0PeyImjgkcRar4w7mUaHAo,,,,https://www.google.com/maps/place/?q=place_id:ChIJI0PeyImjgkcRar4w7mUaHAo,,
,hotel_461,Son Bunyola Hotel & Villas,1,Mallorca,Spain,🇪🇸,"Carretera C-710, 07191 Banyalbufar, Illes Balears",39.69452,2.541154,ChIJcSxusPfzlxIRLVwcpesqGnY,,,,https://www.google.com/maps/place/?q=place_id:ChIJcSxusPfzlxIRLVwcpesqGnY,,
,hotel_462,Faustino Gran,1,Minorca,Spain,🇪🇸,"Carrer de sa Muradeta 22, 07760 Ciutadella, Illes Balears",40.002433,3.836635,ChIJxTO3WQgEvhIRdKabiSkrQcs,,,,https://www.google.com/maps/place/?q=place_id:ChIJxTO3WQgEvhIRdKabiSkrQcs,,
,hotel_463,Only YOU Hotel Atocha,1,Madrid,Spain,🇪🇸,"Paseo de la Infanta Isabel 13, 28014 Madrid",40.407295,-3.688325,ChIJjUEvDCQmQg0Ryh7Zw5eUWGg,,,,https://www.google.com/maps/place/?q=place_id:ChIJjUEvDCQmQg0Ryh7Zw5eUWGg,,
,hotel_464,"The Palace, A Luxury Collection Hotel, Madrid",1,Madrid,Spain,🇪🇸,"Plaza de las Cortes 7, 28014 Madrid",40.415446,-3.695816,ChIJG_oXeZwoQg0RT0nvorPocaA,,,,https://www.google.com/maps/place/?q=place_id:ChIJG_oXeZwoQg0RT0nvorPocaA,,
,hotel_465,Nobis Hotel Palma,1,Mallorca,Spain,🇪🇸,"Carrer de les Caputxines 9, 07003 Palma, Illes Balears",39.572526,2.648759,ChIJfY90BBKTlxIRPRtC3k74MZs,,,,https://www.google.com/maps/place/?q=place_id:ChIJfY90BBKTlxIRPRtC3k74MZs,,
,hotel_466,"Castillo Hotel Son Vida, a Luxury Collection Hotel",1,Mallorca,Spain,🇪🇸,"Carrer Raixa 2, 07013 Son Vida, Illes Balears",39.591798,2.595914,ChIJkWejFxKNlxIRhMBraP1n0_E,,,,https://www.google.com/maps/place/?q=place_id:ChIJkWejFxKNlxIRhMBraP1n0_E,,
,hotel_467,Room Mate Helen Berger,1,Valencia,Spain,🇪🇸,"Carrer de les Comèdies 22-24, 46003 València",39.472443,-0.37261,ChIJr2H7B7NIYA0R1g8wrJuAuyE,,,,https://www.google.com/maps/place/?q=place_id:ChIJr2H7B7NIYA0R1g8wrJuAuyE,,
,hotel_468,Seventy Barcelona,1,Barcelona,Spain,🇪🇸,"Carrer de Còrsega 344-352, 08037 Barcelona",41.398061,2.161556,ChIJr9RlaP6jpBIRdK4q34UIxaM,,,,https://www.google.com/maps/place/?q=place_id:ChIJr9RlaP6jpBIRdK4q34UIxaM,,
,hotel_469,Mirlo Barcelona,1,Barcelona,Spain,🇪🇸,"Avinguda del Tibidabo 32, 08022 Barcelona",41.413537,2.134884,ChIJuRAl2BqYpBIRW2StquLgikU,,,,https://www.google.com/maps/place/?q=place_id:ChIJuRAl2BqYpBIRW2StquLgikU,,
,hotel_470,Four Seasons Hotel Madrid,2,Madrid,Spain,🇪🇸,"Calle de Sevilla 3, 28014 Madrid",40.417212,-3.700341,ChIJ8VTJCWgpQg0RoDKdirL96Hk,,,,https://www.google.com/maps/place/?q=place_id:ChIJ8VTJCWgpQg0RoDKdirL96Hk,,
,hotel_471,La Zambra Resort,1,Malaga,Spain,🇪🇸,"Avenida de Louison Bobet 9, 29650 Mijas, Málaga",36.552909,-4.666753,ChIJrYNyj6bhcg0RJxTIGH2EJng,,,,https://www.google.com/maps/place/?q=place_id:ChIJrYNyj6bhcg0RJxTIGH2EJng,,
,hotel_472,Only YOU Hotel Valencia,1,Valencia,Spain,🇪🇸,"Plaça de Rodrigo Botet 5, 46002 València",39.471361,-0.375023,ChIJpRUYtExPYA0RPvMEDMWEuC8,,,,https://www.google.com/maps/place/?q=place_id:ChIJpRUYtExPYA0RPvMEDMWEuC8,,
,hotel_473,Helguera Palacio Boutique & Antique,1,Santander,Spain,🇪🇸,"Palacio de la Helguera s/n, 39679 Las Presillas, Cantabria",43.318819,-3.980477,ChIJ-WyKSUU7SQ0Rk7dDBP6VpWg,,,,https://www.google.com/maps/place/?q=place_id:ChIJ-WyKSUU7SQ0Rk7dDBP6VpWg,,
,hotel_474,El Llorenç Parc de la Mar,1,Mallorca,Spain,🇪🇸,"Plaça de Llorenç Villalonga 4, 07001 Palma, Illes Balears",39.56571,2.65301,ChIJ_doTdWqTlxIRSS_jRqdFYXw,,,,https://www.google.com/maps/place/?q=place_id:ChIJ_doTdWqTlxIRSS_jRqdFYXw,,
,hotel_475,Hotel Can Ferrereta,2,Mallorca,Spain,🇪🇸,"Carrer de Can Ferrereta 12, 07650 Santanyí, Illes Balears",39.355304,3.1282,ChIJ0yRHtoRUlhIRsDhiej4xDHM,,,,https://www.google.com/maps/place/?q=place_id:ChIJ0yRHtoRUlhIRsDhiej4xDHM,,
,hotel_476,Sant Francesc Hotel Singular,1,Mallorca,Spain,🇪🇸,"Plaça de Sant Francesc 5, 07001 Palma, Illes Balears",39.569009,2.652627,ChIJq91MFE6SlxIROtHO4YzDMH8,,,,https://www.google.com/maps/place/?q=place_id:ChIJq91MFE6SlxIROtHO4YzDMH8,,
,hotel_477,Ohla Eixample,1,Barcelona,Spain,🇪🇸,"Carrer de Còrsega 289, 08008 Barcelona",41.394578,2.156478,ChIJXxO87pCipBIRyTmqW3c9Kt8,,,,https://www.google.com/maps/place/?q=place_id:ChIJXxO87pCipBIRyTmqW3c9Kt8,,
,hotel_478,Torralbenc,1,Minorca,Spain,🇪🇸,"Carretera Maó-Cala en Porter Km 10, 07730 Alaior, Illes Balears",39.887271,4.146087,ChIJWfi_rBiKlRIRYYsx9qjda6M,,,,https://www.google.com/maps/place/?q=place_id:ChIJWfi_rBiKlRIRYYsx9qjda6M,,
,hotel_479,Cristine Bedfor Mahón,1,Minorca,Spain,🇪🇸,"Carrer de la Infanta 19, 07702 Maó, Illes Balears",39.88731,4.265462,ChIJ4ZcWtVqHlRIRyORI0vQDFRo,,,,https://www.google.com/maps/place/?q=place_id:ChIJ4ZcWtVqHlRIRyORI0vQDFRo,,
,hotel_480,Atrio Restaurante Hotel,3,Cáceres,Spain,🇪🇸,"Plaza San Mateo 1, 10003 Cáceres",39.473018,-6.371306,ChIJm1JTpdbfFQ0Rv2Lf-opFjX0,,,,https://www.google.com/maps/place/?q=place_id:ChIJm1JTpdbfFQ0Rv2Lf-opFjX0,,
,hotel_481,Pepe Vieira,2,Pontevedra,Spain,🇪🇸,"Camiño Serpe s/n, 36992 Raxó, Pontevedra",42.409271,-8.754545,ChIJoxQRkNZoLw0RV2H7QGzqXew,,,,https://www.google.com/maps/place/?q=place_id:ChIJoxQRkNZoLw0RV2H7QGzqXew,,
,hotel_482,Monument Hotel,1,Barcelona,Spain,🇪🇸,"Passeig de Gràcia 75, 08008 Barcelona",41.393785,2.16222,ChIJw-1RB5OipBIR0T-aKnKSAIA,,,,https://www.google.com/maps/place/?q=place_id:ChIJw-1RB5OipBIR0T-aKnKSAIA,,
,hotel_483,"Convent de La Missió, Grand Luxury Boutique Hotel",1,Mallorca,Spain,🇪🇸,"Carrer de la Missió 7A, 07003 Palma, Illes Balears",39.573646,2.651271,ChIJhwAiHFGSlxIR4Jw9mnr8CwE,,,,https://www.google.com/maps/place/?q=place_id:ChIJhwAiHFGSlxIR4Jw9mnr8CwE,,
,hotel_484,Abadía Retuerta LeDomaine,3,Valladolid,Spain,🇪🇸,"N-122 km 332,5, 47340 Sardón de Duero, Valladolid",41.616118,-4.410899,ChIJ____L8wdRw0Rw4GbNfM1L9A,,,,https://www.google.com/maps/place/?q=place_id:ChIJ____L8wdRw0Rw4GbNfM1L9A,,
,hotel_485,Hotel Santa María Briones,1,Briones,Spain,🇪🇸,"Calle Concepción 37, 26330 Briones, La Rioja",42.544517,-2.786123,ChIJ4-wo2biLTw0R7gMCQP5_ZT4,,,,https://www.google.com/maps/place/?q=place_id:ChIJ4-wo2biLTw0R7gMCQP5_ZT4,,
,hotel_486,Wittmore,1,Barcelona,Spain,🇪🇸,"Carrer de Riudarenes 7, 08002 Barcelona",41.380947,2.179618,ChIJoeF3VP-ipBIRpjdaHk-xhgk,,,,https://www.google.com/maps/place/?q=place_id:ChIJoeF3VP-ipBIRpjdaHk-xhgk,,
,hotel_487,Cavalta Boutique Hotel,1,Sevilla,Spain,🇪🇸,"Calle San Jacinto 89, 41010 Sevilla",37.381237,-6.008483,ChIJxfoJP2psEg0Rx9xN6z3rwPo,,,,https://www.google.com/maps/place/?q=place_id:ChIJxfoJP2psEg0Rx9xN6z3rwPo,,
,hotel_488,Mercer Barcelona,1,Barcelona,Spain,🇪🇸,"Carrer dels Lledó 7, 08002 Barcelona",41.382539,2.178967,ChIJQ8ly2viipBIRZANMAFMePb8,,,,https://www.google.com/maps/place/?q=place_id:ChIJQ8ly2viipBIRZANMAFMePb8,,
,hotel_489,Es Raco d'Artà,1,Mallorca,Spain,🇪🇸,"Camí des Racó, Ctra. Cala Mitjana Km 1.5, 07579 Artà, Illes Balears",39.705761,3.371635,ChIJ-0b7aZM9lhIR__oSOC3Vm-o,,,,https://www.google.com/maps/place/?q=place_id:ChIJ-0b7aZM9lhIR__oSOC3Vm-o,,
,hotel_490,Antiga Casa Buenavista,1,Barcelona,Spain,🇪🇸,"Ronda de Sant Antoni 84, 08001 Barcelona",41.383775,2.163987,ChIJ3ZT4wIqipBIRGhvErcZvQJE,,,,https://www.google.com/maps/place/?q=place_id:ChIJ3ZT4wIqipBIRGhvErcZvQJE,,
,hotel_491,Terra Dominicata - Hotel & Winery,3,Tarragona,Spain,🇪🇸,"T-702 Km 13, 43379 Escaladei, Tarragona",41.243886,0.796675,ChIJF8NoeQMzoRIRwyhXy5edUEY,,,,https://www.google.com/maps/place/?q=place_id:ChIJF8NoeQMzoRIRwyhXy5edUEY,,
,hotel_492,Alma Barcelona,1,Barcelona,Spain,🇪🇸,"Carrer de Mallorca 269, 08008 Barcelona",41.394541,2.163211,ChIJieF5duejpBIR88M7PSnqtrA,,,,https://www.google.com/maps/place/?q=place_id:ChIJieF5duejpBIR88M7PSnqtrA,,
,hotel_493,CoolRooms Palacio Villapanés,1,Sevilla,Spain,🇪🇸,"Calle Santiago 31, 41003 Sevilla",37.391513,-5.986323,ChIJk2MVLQNsEg0R4uqXt5O0dOo,,,,https://www.google.com/maps/place/?q=place_id:ChIJk2MVLQNsEg0R4uqXt5O0dOo,,
,hotel_494,The Principal Madrid,1,Madrid,Spain,🇪🇸,"Calle del Marqués de Valdeiglesias 1, 28004 Madrid",40.419306,-3.697235,ChIJz271F4QoQg0Rj7DZUDQ7UNE,,,,https://www.google.com/maps/place/?q=place_id:ChIJz271F4QoQg0Rj7DZUDQ7UNE,,
,hotel_495,Hotel Cortijo del Marqués,1,Granada,Spain,🇪🇸,"Camino del Marqués s/n, 18220 Albolote, Granada",37.355257,-3.639549,ChIJE0UDcWsEbg0RF68S1wgt1_c,,,,https://www.google.com/maps/place/?q=place_id:ChIJE0UDcWsEbg0RF68S1wgt1_c,,
,hotel_496,Finca Serena Mallorca,1,Mallorca,Spain,🇪🇸,"Ma-3200 Km 3, 07230 Montuïri, Illes Balears",39.587176,2.946242,ChIJg5xGzQq3lxIRpuZmuuWdeSM,,,,https://www.google.com/maps/place/?q=place_id:ChIJg5xGzQq3lxIRpuZmuuWdeSM,,
,hotel_497,The Artist Grand Hotel of Art,1,Bilbao,Spain,🇪🇸,"Mazarredo Zumarkalea 61, 48009 Bilbao, Bizkaia",43.267255,-2.933896,ChIJOzHiNdlPTg0RDn_G-mhUwu8,,,,https://www.google.com/maps/place/?q=place_id:ChIJOzHiNdlPTg0RDn_G-mhUwu8,,
,hotel_498,Finca Cortesin,1,Marbella,Spain,🇪🇸,"Carretera de Casares Km 2, 29690 Casares, Málaga",36.397025,-5.223518,ChIJ71JF0afQDA0RUiTkTh4mdIA,,,,https://www.google.com/maps/place/?q=place_id:ChIJ71JF0afQDA0RUiTkTh4mdIA,,
,hotel_499,Castillo del Buen Amor,1,Salamanca,Spain,🇪🇸,"Finca Villanueva de Cañedo, N-630 Km 317,6, 37799 Topas, Salamanca",41.157122,-5.67058,ChIJi94RMMHUOA0RS2y0I_nA71o,,,,https://www.google.com/maps/place/?q=place_id:ChIJi94RMMHUOA0RS2y0I_nA71o,,
,hotel_500,Can Mascort Eco Hotel,1,Costa Brava,Spain,🇪🇸,"Carrer Raval Inferior 23, 17200 Palafrugell, Girona",41.915984,3.16358,ChIJq6rOB2JUuhIRbmzZpIE2J3Q,,,,https://www.google.com/maps/place/?q=place_id:ChIJq6rOB2JUuhIRbmzZpIE2J3Q,,
,hotel_501,Can Alberti 1740 Hotel Boutique,1,Minorca,Spain,🇪🇸,"Carrer d'Isabel II 9, 07701 Maó, Illes Balears",39.890102,4.263096,ChIJaSdfWJCHlRIRzGy01ig2jJI,,,,https://www.google.com/maps/place/?q=place_id:ChIJaSdfWJCHlRIRzGy01ig2jJI,,
,hotel_502,Hotel Rector,1,Salamanca,Spain,🇪🇸,"Paseo del Rector Esperabé 10, 37008 Salamanca",40.958752,-5.665721,ChIJ4QoAjWomPw0RawvXAsLC3gA,,,,https://www.google.com/maps/place/?q=place_id:ChIJ4QoAjWomPw0RawvXAsLC3gA,,
,hotel_503,Teranka Formentera,1,Formentera,Spain,🇪🇸,"Carrer Sant Agustí, Platja des Arenals Km 10.7, 07872 Formentera, Illes Balears",38.67182,1.503807,ChIJSUZ7fvlfmRIRIpw2Jo3vqNI,,,,https://www.google.com/maps/place/?q=place_id:ChIJSUZ7fvlfmRIRIpw2Jo3vqNI,,
,hotel_504,Cap Menorca,1,Minorca,Spain,🇪🇸,"Camí de Llucalari, 07730 Alaior, Illes Balears",39.886234,4.089415,ChIJx6iz-suLlRIRHzqnMoJYSKk,,,,https://www.google.com/maps/place/?q=place_id:ChIJx6iz-suLlRIRHzqnMoJYSKk,,
,hotel_505,Brach Madrid - Evok Collection,1,Madrid,Spain,🇪🇸,"Gran Vía 20, 28013 Madrid",40.420058,-3.700063,ChIJObeBgRMpQg0RnCBmL44-3s0,,,,https://www.google.com/maps/place/?q=place_id:ChIJObeBgRMpQg0RnCBmL44-3s0,,
,hotel_506,Cap Rocat,1,Mallorca,Spain,🇪🇸,"Carretera d'Enderrocat s/n, 07609 Cala Blava, Illes Balears",39.47611,2.724302,ChIJ_drNRxOXlxIR0WarZLbVaRQ,,,,https://www.google.com/maps/place/?q=place_id:ChIJ_drNRxOXlxIR0WarZLbVaRQ,,
,hotel_507,"La Residencia, A Belmond Hotel, Mallorca",2,Mallorca,Spain,🇪🇸,"Carrer Son Canals s/n, 07179 Deià, Illes Balears",39.74931,2.649128,ChIJ9birlq3vlxIR_a16RBx3yOQ,,,,https://www.google.com/maps/place/?q=place_id:ChIJ9birlq3vlxIR_a16RBx3yOQ,,
,hotel_508,Akelarre,2,San Sebastian,Spain,🇪🇸,"Padre Orkolaga Ibilbidea 56, 20008 Donostia-San Sebastián, Gipuzkoa",43.307471,-2.04402,ChIJ4bIaMj-xUQ0RdbwuKAnAh48,,,,https://www.google.com/maps/place/?q=place_id:ChIJ4bIaMj-xUQ0RdbwuKAnAh48,,
,hotel_509,Unico,1,Madrid,Spain,🇪🇸,"Calle de Claudio Coello 67, 28001 Madrid",40.428537,-3.686331,ChIJtYDFnpYoQg0RxCiQnrXRZcc,,,,https://www.google.com/maps/place/?q=place_id:ChIJtYDFnpYoQg0RxCiQnrXRZcc,,
,hotel_510,Castell Son Claret,1,Mallorca,Spain,🇪🇸,"Carretera Es Capdellà-Galilea Km 1.7, 07196 Calvià, Illes Balears",39.592174,2.479584,ChIJqeTzXHuKlxIRFaaSn6SS9v4,,,,https://www.google.com/maps/place/?q=place_id:ChIJqeTzXHuKlxIRFaaSn6SS9v4,,
,hotel_511,Es Princep,1,Mallorca,Spain,🇪🇸,"Carrer de Bala Roja 1, 07001 Palma, Illes Balears",39.565653,2.655261,ChIJAUubbkySlxIRsQVKMISNrBA,,,,https://www.google.com/maps/place/?q=place_id:ChIJAUubbkySlxIRsQVKMISNrBA,,
,hotel_512,La Torre del Visco,1,Teruel,Spain,🇪🇸,"Carretera A-1414, 44587 Fuentespalda, Teruel",40.858326,0.076125,ChIJvxCLOfWboBIRu0YnzV42e4c,,,,https://www.google.com/maps/place/?q=place_id:ChIJvxCLOfWboBIRu0YnzV42e4c,,
,hotel_513,URSO,1,Madrid,Spain,🇪🇸,"Calle de Mejía Lequerica 8, 28004 Madrid",40.426912,-3.698108,ChIJE-j1NokoQg0R7vIOKm0HNOk,,,,https://www.google.com/maps/place/?q=place_id:ChIJE-j1NokoQg0R7vIOKm0HNOk,,
,hotel_514,Hospes Palacio Del Bailio,1,Córdoba,Spain,🇪🇸,"Calle Ramírez de las Casas Deza 10-12, 14001 Córdoba",37.887409,-4.777306,ChIJUXGwfXvfbA0RwK-C0h_Q3pQ,,,,https://www.google.com/maps/place/?q=place_id:ChIJUXGwfXvfbA0RwK-C0h_Q3pQ,,
,hotel_515,The One Barcelona,1,Barcelona,Spain,🇪🇸,"Carrer de Provença 277, 08037 Barcelona",41.396113,2.163037,ChIJAweFnpSipBIRKPc2haxNuq8,,,,https://www.google.com/maps/place/?q=place_id:ChIJAweFnpSipBIRKPc2haxNuq8,,
,hotel_516,Can Bordoy Grand House & Garden,1,Mallorca,Spain,🇪🇸,"Carrer del Forn de la Glòria 14, 07012 Palma, Illes Balears",39.56966,2.644423,ChIJJ9iDt0SSlxIRjTMWcgBy7ic,,,,https://www.google.com/maps/place/?q=place_id:ChIJJ9iDt0SSlxIRjTMWcgBy7ic,,
,hotel_517,Almanac Barcelona,1,Barcelona,Spain,🇪🇸,"Gran Via de les Corts Catalanes 619-621, 08007 Barcelona",41.390717,2.169436,ChIJdfJXAfKipBIRdtISLg-8xkY,,,,https://www.google.com/maps/place/?q=place_id:ChIJdfJXAfKipBIRdtISLg-8xkY,,
,hotel_518,Mercer Sevilla,1,Sevilla,Spain,🇪🇸,"Calle de Castelar 26, 41001 Sevilla",37.387558,-5.997449,ChIJi6q6chFsEg0RK00LC3I0zOQ,,,,https://www.google.com/maps/place/?q=place_id:ChIJi6q6chFsEg0RK00LC3I0zOQ,,
,hotel_519,Torre del Marqués Hotel Spa & Winery,2,Teruel,Spain,🇪🇸,"Paraje Torre del Marqués, Carretera A-1414 Km 2,2, 44652 Monroyo, Teruel",40.808342,0.022487,ChIJ3_d2upedoBIRvul3Yf3RJZA,,,,https://www.google.com/maps/place/?q=place_id:ChIJ3_d2upedoBIRvul3Yf3RJZA,,
,hotel_520,Can Cera,1,Mallorca,Spain,🇪🇸,"Carrer de Sant Francesc 8, 07001 Palma, Illes Balears",39.568733,2.651519,ChIJmaYgNk6SlxIRtXb27Crk9h4,,,,https://www.google.com/maps/place/?q=place_id:ChIJmaYgNk6SlxIRtXb27Crk9h4,,
,hotel_521,A Quinta da Auga,1,Santiago de Compostela,Spain,🇪🇸,"Paseo da Amaia 23B, 15706 Santiago de Compostela, A Coruña",42.87033,-8.582582,ChIJkzmplOf9Lg0RwNjh0iNOtGs,,,,https://www.google.com/maps/place/?q=place_id:ChIJkzmplOf9Lg0RwNjh0iNOtGs,,
,hotel_522,"Santa Catalina, a Royal Hideaway Hotel",1,Gran Canaria,Spain,🇪🇸,"Calle León y Castillo 227, 35005 Las Palmas de Gran Canaria",28.121312,-15.428188,ChIJkcrjOdWVQAwRTrmyxmjbGJo,,,,https://www.google.com/maps/place/?q=place_id:ChIJkcrjOdWVQAwRTrmyxmjbGJo,,
,hotel_523,"Canfranc Estación, a Royal Hideaway Hotel",2,Huesca,Spain,🇪🇸,"Calle Huesca, 22880 Canfranc-Estación, Huesca",42.751374,-0.514201,ChIJpyRpXg2bVw0RQImyGMavCio,,,,https://www.google.com/maps/place/?q=place_id:ChIJpyRpXg2bVw0RQImyGMavCio,,
,hotel_524,Bahia del Duque,1,Tenerife,Spain,🇪🇸,"Avenida de Bruselas s/n, 38660 Costa Adeje, Santa Cruz de Tenerife",28.093354,-16.742028,ChIJddc4dkuXagwRZvnrw2JrS7E,,,,https://www.google.com/maps/place/?q=place_id:ChIJddc4dkuXagwRZvnrw2JrS7E,,
,hotel_525,Esperit Roca,1,Girona,Spain,🇪🇸,"Carrer Major, 17481 Sant Julià de Ramis, Girona",42.032183,2.848097,ChIJGQ9RQXvnuhIReQpDCWV3boc,,,,https://www.google.com/maps/place/?q=place_id:ChIJGQ9RQXvnuhIReQpDCWV3boc,,
,hotel_526,Hotel La Caminera Club de Campo,1,Torrenueva,Spain,🇪🇸,"Calle Vega s/n, 13740 Torrenueva, Ciudad Real",38.665994,-3.31073,ChIJF9nVkLgzaQ0RHjUYTOJcQHA,,,,https://www.google.com/maps/place/?q=place_id:ChIJF9nVkLgzaQ0RHjUYTOJcQHA,,
,hotel_527,Fairmont La Hacienda Costa del Sol,1,Alcaidesa,Spain,🇪🇸,"Calle Faro de Punta Mala 2, 11360 San Roque, Cádiz",36.246937,-5.310135,ChIJCZw3jK_DDA0Rxa4hJBdtAv4,,,,https://www.google.com/maps/place/?q=place_id:ChIJCZw3jK_DDA0Rxa4hJBdtAv4,,
,hotel_528,Rural Sant Ignasi,1,Minorca,Spain,🇪🇸,"Ronda Norte s/n, 07760 Ciutadella, Illes Balears",40.025558,3.865362,ChIJz4ROmAsEvhIRBAKFuuHq8aI,,,,https://www.google.com/maps/place/?q=place_id:ChIJz4ROmAsEvhIRBAKFuuHq8aI,,
,hotel_529,Only YOU Boutique Hotel Madrid,1,Madrid,Spain,🇪🇸,"Calle del Barquillo 21, 28004 Madrid",40.422256,-3.695749,ChIJ3_0ZmYUoQg0REPut3yCZGR8,,,,https://www.google.com/maps/place/?q=place_id:ChIJ3_0ZmYUoQg0REPut3yCZGR8,,
,hotel_530,Predi Son Jaumell,1,Mallorca,Spain,🇪🇸,"Carretera Cala Mesquida Km 1, 07580 Capdepera, Illes Balears",39.713442,3.428509,ChIJHcZaRiUWlhIRZEjFTClmky8,,,,https://www.google.com/maps/place/?q=place_id:ChIJHcZaRiUWlhIRZEjFTClmky8,,
,hotel_531,Hotel Mas Lazuli,1,Girona,Spain,🇪🇸,"Carretera de Roses s/n, 17494 Pau, Girona",42.313636,3.124768,ChIJv5IIRvZiuhIRWS6HYIgsSSQ,,,,https://www.google.com/maps/place/?q=place_id:ChIJv5IIRvZiuhIRWS6HYIgsSSQ,,
,hotel_532,"Santo Mauro, a Luxury Collection Hotel",1,Madrid,Spain,🇪🇸,"Calle de Zurbano 36, 28010 Madrid",40.43097,-3.69311,ChIJzzekXDUpQg0Rstt-zySruSY,,,,https://www.google.com/maps/place/?q=place_id:ChIJzzekXDUpQg0Rstt-zySruSY,,
,hotel_533,VIVOOD Landscape Hotel & Spa,1,Alicante,Spain,🇪🇸,"Carretera Guadalest-Alcoi 10, 03516 Benimantell, Alicante",38.679378,-0.204128,ChIJd-a1MUL2YQ0RcLweHfjF0Sw,,,,https://www.google.com/maps/place/?q=place_id:ChIJd-a1MUL2YQ0RcLweHfjF0Sw,,
,hotel_534,Seda Club Hotel,1,Granada,Spain,🇪🇸,"Calle Buensuceso 2, 18001 Granada",37.175818,-3.601964,ChIJke4jepX8cQ0RdofiIom0xzo,,,,https://www.google.com/maps/place/?q=place_id:ChIJke4jepX8cQ0RdofiIom0xzo,,
,hotel_535,Hotel Arts Barcelona,1,Barcelona,Spain,🇪🇸,"Carrer de la Marina 19-21, 08005 Barcelona",41.387057,2.196421,ChIJG11mEw-jpBIRVUCfp2u8Pv8,,,,https://www.google.com/maps/place/?q=place_id:ChIJG11mEw-jpBIRVUCfp2u8Pv8,,
,hotel_536,Sa Creu Nova Petit Palais,1,Mallorca,Spain,🇪🇸,"Carrer Nou 10, 07630 Campos, Illes Balears",39.433661,3.018517,ChIJQQLFaOKtlxIRd99i0Dbcuzs,,,,https://www.google.com/maps/place/?q=place_id:ChIJQQLFaOKtlxIRd99i0Dbcuzs,,
,hotel_537,ABaC Restaurant & Hotel,1,Barcelona,Spain,🇪🇸,"Avinguda del Tibidabo 1, 08022 Barcelona",41.410635,2.136359,ChIJjZxWjQ-YpBIR_xbBOD9lZ1k,,,,https://www.google.com/maps/place/?q=place_id:ChIJjZxWjQ-YpBIR_xbBOD9lZ1k,,
,hotel_538,Son Brull,1,Mallorca,Spain,🇪🇸,"Carretera Palma-Puerto Pollença Km 50, 07460 Pollença, Illes Balears",39.864211,3.024564,ChIJkdwj8gbUlxIRWcq_S1Y96Wo,,,,https://www.google.com/maps/place/?q=place_id:ChIJkdwj8gbUlxIRWcq_S1Y96Wo,,
,hotel_539,Cap Vermell Grand Hotel,1,Mallorca,Spain,🇪🇸,"Urbanització Atalaia de Canyamel, Vial A 12, 07589 Canyamel, Illes Balears",39.668952,3.439541,ChIJQQkcsugVlhIR7bHWYfbZd3I,,,,https://www.google.com/maps/place/?q=place_id:ChIJQQkcsugVlhIR7bHWYfbZd3I,,
,hotel_540,"Mandarin Oriental Ritz, Madrid",3,Madrid,Spain,🇪🇸,"Plaza de la Lealtad 5, 28014 Madrid",40.415758,-3.692607,ChIJYfC-KYMoQg0RhCEOyVqku7k,,,,https://www.google.com/maps/place/?q=place_id:ChIJYfC-KYMoQg0RhCEOyVqku7k,,
,hotel_541,Mandarin Oriental Barcelona,2,Barcelona,Spain,🇪🇸,"Passeig de Gràcia 38-40, 08007 Barcelona",41.391168,2.166577,ChIJ6zCmfe2ipBIRgNs_xHC75Ec,,,,https://www.google.com/maps/place/?q=place_id:ChIJ6zCmfe2ipBIRgNs_xHC75Ec,,
,hotel_542,Hotel Maria Cristina,1,San Sebastian,Spain,🇪🇸,"República Argentina Kalea 4, 20004 Donostia-San Sebastián, Gipuzkoa",43.321808,-1.980106,ChIJkx4kFFClUQ0RCjqo9uELMfs,,,,https://www.google.com/maps/place/?q=place_id:ChIJkx4kFFClUQ0RCjqo9uELMfs,,
,hotel_543,Rosewood Villa Magna,2,Madrid,Spain,🇪🇸,"Paseo de la Castellana 22, 28046 Madrid",40.429952,-3.688152,ChIJv2lEjJMoQg0RK7Lwq40XKPs,,,,https://www.google.com/maps/place/?q=place_id:ChIJv2lEjJMoQg0RK7Lwq40XKPs,,
,hotel_544,"Hotel Marques de Riscal, a Luxury Collection Hotel",1,Elciego,Spain,🇪🇸,"Calle Torrea 1, 01340 Elciego, Álava",42.511588,-2.617609,ChIJAxH59vdXRQ0RD5l06F8sw14,,,,https://www.google.com/maps/place/?q=place_id:ChIJAxH59vdXRQ0RD5l06F8sw14,,
,hotel_545,Royal Hideaway Corales Suites,1,Tenerife,Spain,🇪🇸,"Avenida Virgen de Guadalupe 21, 38679 La Caleta, Santa Cruz de Tenerife",28.100391,-16.75227,ChIJba7tRtuRagwRPF6W9bRihfE,,,,https://www.google.com/maps/place/?q=place_id:ChIJba7tRtuRagwRPF6W9bRihfE,,
,hotel_546,La Almunia del Valle,1,Granada,Spain,🇪🇸,"Camino de la Umbría s/n, 18193 Monachil, Granada",37.122353,-3.533332,ChIJzxN4E1LkcQ0RP8Pfpa6iYN4,,,,https://www.google.com/maps/place/?q=place_id:ChIJzxN4E1LkcQ0RP8Pfpa6iYN4,,
,hotel_547,Anantara Villa Padierna Palace Benahavís Marbella Resort,1,Marbella,Spain,🇪🇸,"Carretera de Cádiz Km 166, 29679 Marbella, Málaga",36.475722,-5.053196,ChIJY0xJF48rcw0Rj17mRI5ee-A,,,,https://www.google.com/maps/place/?q=place_id:ChIJY0xJF48rcw0Rj17mRI5ee-A,,
,hotel_548,"Petunia Ibiza, Beaumier Hotel",1,Ibiza,Spain,🇪🇸,"Carrer de Sa Pala Marina, 07830 Sant Josep de sa Talaia, Illes Balears",38.898237,1.220266,ChIJ3efp3VdLmRIRPabKH_B34kg,,,,https://www.google.com/maps/place/?q=place_id:ChIJ3efp3VdLmRIRPabKH_B34kg,,
,hotel_549,Palacio de Luces,1,Luces,Spain,🇪🇸,"Carretera AS-257 s/n, 33328 Luces, Asturias",43.515863,-5.288206,ChIJv8CX5B8ONg0RarZ8fNJIcBo,,,,https://www.google.com/maps/place/?q=place_id:ChIJv8CX5B8ONg0RarZ8fNJIcBo,,
,hotel_550,Hotel L'Avenida,1,Mallorca,Spain,🇪🇸,"Avinguda de la Gran Via 9, 07100 Sóller, Illes Balears",39.7665,2.712575,ChIJBxzoz7jolxIRvej-4YIeBSU,,,,https://www.google.com/maps/place/?q=place_id:ChIJBxzoz7jolxIRvej-4YIeBSU,,
,hotel_551,Little Beach House Barcelona,1,Garraf,Spain,🇪🇸,"Carrer Mirador del Port 1, 08871 Garraf, Barcelona",41.254558,1.904651,ChIJM-iqQAF_oxIR_xmwGmHDvKI,,,,https://www.google.com/maps/place/?q=place_id:ChIJM-iqQAF_oxIR_xmwGmHDvKI,,
,hotel_552,Fontsanta Thermal Spa & Wellness,1,Mallorca,Spain,🇪🇸,"Carretera Campos-Colonia de Sant Jordi Km 8, 07638 Campos, Illes Balears",39.354149,3.015286,ChIJr_-OK1iplxIRSubL0HcW_x4,,,,https://www.google.com/maps/place/?q=place_id:ChIJr_-OK1iplxIRSubL0HcW_x4,,
,hotel_553,Vincci Selección Unuk,1,Sevilla,Spain,🇪🇸,"Calle Ortiz de Zúñiga 8, 41004 Sevilla",37.391568,-5.990654,ChIJ0_zrJjltEg0RCgQ4X798XfQ,,,,https://www.google.com/maps/place/?q=place_id:ChIJ0_zrJjltEg0RCgQ4X798XfQ,,
,hotel_554,La Fonda Heritage,1,Marbella,Spain,🇪🇸,"Plaza Santo Cristo 9-10, 29601 Marbella, Málaga",36.512221,-4.885222,ChIJN0SiXXnZcg0Rmyk4-uiWYzM,,,,https://www.google.com/maps/place/?q=place_id:ChIJN0SiXXnZcg0Rmyk4-uiWYzM,,
,hotel_555,Gran Hotel Inglés,1,Madrid,Spain,🇪🇸,"Calle de Echegaray 8, 28014 Madrid",40.415938,-3.699805,ChIJk4gpCYEoQg0RR3tk2RIVU38,,,,https://www.google.com/maps/place/?q=place_id:ChIJk4gpCYEoQg0RR3tk2RIVU38,,
,hotel_556,Caro Hotel,1,Valencia,Spain,🇪🇸,"Carrer de l'Almirall 14, 46003 València",39.475965,-0.372066,ChIJ23zCha1IYA0Rle1XU8Lfv0U,,,,https://www.google.com/maps/place/?q=place_id:ChIJ23zCha1IYA0Rle1XU8Lfv0U,,
,hotel_557,Hotel Puntagrande,1,El Hierro,Spain,🇪🇸,"Calle Las Puntas, 38911 Frontera, Santa Cruz de Tenerife",27.797073,-17.99205,ChIJzY3dhfheawwRSH6XG5aKkwk,,,,https://www.google.com/maps/place/?q=place_id:ChIJzY3dhfheawwRSH6XG5aKkwk,,
,hotel_558,Marbella Club Hotel,1,Marbella,Spain,🇪🇸,"Avenida Bulevar Príncipe Alfonso de Hohenlohe s/n, 29602 Marbella, Málaga",36.506716,-4.919159,ChIJ28JYziAocw0RmKPLnSOmWBo,,,,https://www.google.com/maps/place/?q=place_id:ChIJ28JYziAocw0RmKPLnSOmWBo,,
,hotel_559,Serras Barcelona,1,Barcelona,Spain,🇪🇸,"Passeig de Colom 9, 08002 Barcelona",41.380183,2.180797,ChIJswKcjlWipBIRcXDvPKgkezo,,,,https://www.google.com/maps/place/?q=place_id:ChIJswKcjlWipBIRcXDvPKgkezo,,
,hotel_560,Lasala Plaza Hotel,1,San Sebastian,Spain,🇪🇸,"Lasala Plaza 2, 20003 Donostia-San Sebastián, Gipuzkoa",43.322267,-1.986584,ChIJL5wiZU2lUQ0Ru9PzDBfLXvo,,,,https://www.google.com/maps/place/?q=place_id:ChIJL5wiZU2lUQ0Ru9PzDBfLXvo,,
,hotel_561,Yurbban Passage,1,Barcelona,Spain,🇪🇸,"Carrer de Trafalgar 26, 08010 Barcelona",41.388707,2.175948,ChIJ4ew88vqipBIRCxgXWI6vLB8,,,,https://www.google.com/maps/place/?q=place_id:ChIJ4ew88vqipBIRCxgXWI6vLB8,,
,hotel_562,Mas de Torrent,2,Costa Brava,Spain,🇪🇸,"Afueras de Torrent s/n, 17123 Torrent, Girona",41.954088,3.124803,ChIJtRLVTthVuhIRdssQQ4S1fkA,,,,https://www.google.com/maps/place/?q=place_id:ChIJtRLVTthVuhIRdssQQ4S1fkA,,
,hotel_563,Hotel Villa Favorita - Adults Only,1,San Sebastian,Spain,🇪🇸,"Zubieta Kalea 26, 20007 Donostia-San Sebastián, Gipuzkoa",43.316883,-1.986147,ChIJOS6Zg1SlUQ0ReK_dhrBvw8M,,,,https://www.google.com/maps/place/?q=place_id:ChIJOS6Zg1SlUQ0ReK_dhrBvw8M,,
,hotel_564,CoolRooms Palacio de Atocha,1,Madrid,Spain,🇪🇸,"Calle de Atocha 34, 28012 Madrid",40.413214,-3.701095,ChIJ72m4GKYpQg0Rds4AFQP6Hdc,,,,https://www.google.com/maps/place/?q=place_id:ChIJ72m4GKYpQg0Rds4AFQP6Hdc,,
,hotel_565,"Palacio de los Duques, Gran Meliá",1,Madrid,Spain,🇪🇸,"Cuesta de Santo Domingo 5, 28013 Madrid",40.419756,-3.709671,ChIJYZY0u3soQg0RxvxnGKfm25c,,,,https://www.google.com/maps/place/?q=place_id:ChIJYZY0u3soQg0RxvxnGKfm25c,,
,hotel_566,Casa Beatnik Country House,1,La Coruña,Spain,🇪🇸,"Lugar de Galegos 6, 15885 Vedra, A Coruña",42.784762,-8.435512,ChIJB7_7O16pLw0RTYSn04_XbtI,,,,https://www.google.com/maps/place/?q=place_id:ChIJB7_7O16pLw0RTYSn04_XbtI,,
,hotel_567,Hotel Peralada Wine Spa & Golf,1,Girona,Spain,🇪🇸,"Carrer de Rocabertí s/n, 17491 Peralada, Girona",42.314279,3.022492,ChIJMYDK4tSOuhIRDNeUN-Yolq8,,,,https://www.google.com/maps/place/?q=place_id:ChIJMYDK4tSOuhIRDNeUN-Yolq8,,
,hotel_568,Boutique Hotel Posada Terra Santa,1,Mallorca,Spain,🇪🇸,"Carrer de la Posada de Terra Santa 5, 07001 Palma, Illes Balears",39.56989,2.653395,ChIJzVKOAU6SlxIR1Gq7Vsd1bGU,,,,https://www.google.com/maps/place/?q=place_id:ChIJzVKOAU6SlxIR1Gq7Vsd1bGU,,
,hotel_569,Soho House Barcelona,1,Barcelona,Spain,🇪🇸,"Plaça del Duc de Medinaceli 4, 08002 Barcelona",41.37854,2.179353,ChIJaRrLeFaipBIRjZMLadig3Yc,,,,https://www.google.com/maps/place/?q=place_id:ChIJaRrLeFaipBIRjZMLadig3Yc,,
,hotel_573,Yamagata The Takinami,1,Nanyo,Japan,🇯🇵,"3005 Akayu, Nanyo, Yamagata 999-2211",38.047969,140.170572,ChIJhS8C7cBVil8RD6a4eavoH3A,,,,https://www.google.com/maps/place/?q=place_id:ChIJhS8C7cBVil8RD6a4eavoH3A,,
,hotel_574,Rosewood Miyakojima,2,Miyakojima,Japan,🇯🇵,"Nikadori 1068-1 Hirara, Miyakojima, Okinawa 906-0008",24.841647,125.287568,ChIJ4abj8IZT9DQRf4AHZwLbEFo,,,,https://www.google.com/maps/place/?q=place_id:ChIJ4abj8IZT9DQRf4AHZwLbEFo,,
,hotel_575,Patina Osaka,1,Osaka,Japan,🇯🇵,"3-91 Banbacho, Chuo Ward, Osaka 540-0007",34.681913,135.524771,ChIJ-ZHFdZPnAGARvXwROCKwYxM,,,,https://www.google.com/maps/place/?q=place_id:ChIJ-ZHFdZPnAGARvXwROCKwYxM,,
,hotel_576,TAYUTA,1,Kami Amakusa,Japan,🇯🇵,"7488-1 Matsushimamachi Aitsu, Kamiamakusa, Kumamoto 861-6102",32.539794,130.400216,ChIJBxGf-HyJPzUR2w4mmKMnZSI,,,,https://www.google.com/maps/place/?q=place_id:ChIJBxGf-HyJPzUR2w4mmKMnZSI,,
,hotel_577,Fairmont Tokyo,1,Tokyo,Japan,🇯🇵,"BLUE FRONT SHIBAURA TOWER S, 1-1-1 Shibaura, Minato City, Tokyo 105-0023",35.651007,139.757295,ChIJkSlGdwCLGGARqWidkNS00MQ,,,,https://www.google.com/maps/place/?q=place_id:ChIJkSlGdwCLGGARqWidkNS00MQ,,
,hotel_578,Myoken Ishiharaso,1,Kirishima,Japan,🇯🇵,"4376 Hayatocho Kareigawa, Kirishima, Kagoshima 899-5113",31.814214,130.756411,ChIJN7EWY3_9PjUR-DmapzIOP50,,,,https://www.google.com/maps/place/?q=place_id:ChIJN7EWY3_9PjUR-DmapzIOP50,,
,hotel_579,RYOTEI HANZUIRYO,1,Unzen,Japan,🇯🇵,"380-1 Obamacho Unzen, Unzen, Nagasaki 854-0621",32.734603,130.259318,ChIJHThcC64NQDUR0MaGwNTLGqY,,,,https://www.google.com/maps/place/?q=place_id:ChIJHThcC64NQDUR0MaGwNTLGqY,,
,hotel_580,Banyan Tree Higashiyama Kyoto,1,Kyoto,Japan,🇯🇵,"7 Seikanji Ryozancho, Higashiyama Ward, Kyoto 605-0861",34.998361,135.783258,ChIJMeVMWhwJAWARBel6lr-D8v8,,,,https://www.google.com/maps/place/?q=place_id:ChIJMeVMWhwJAWARBel6lr-D8v8,,
,hotel_581,THE HIRAMATSU Karuizawa Miyota,2,Miyota,Japan,🇯🇵,"375-723 Shiono, Miyota, Kitasaku District, Nagano 389-0201",36.344505,138.495574,ChIJGfGMAV_PHWARH_n-StvmSF8,,,,https://www.google.com/maps/place/?q=place_id:ChIJGfGMAV_PHWARH_n-StvmSF8,,
,hotel_582,Shoraiso,1,Yamanouchi,Japan,🇯🇵,"3071-1 Hirao, Yamanouchi, Shimotakai District, Nagano 381-0401",36.739578,138.419959,ChIJWzxpl731HWARzXgp_KGDks4,,,,https://www.google.com/maps/place/?q=place_id:ChIJWzxpl731HWARzXgp_KGDks4,,
,hotel_583,ESPACIO The Hakone Geihinkan Rin-Poh-Ki-Ryu,1,Hakone,Japan,🇯🇵,"72 Miyanoshita, Hakone, Ashigarashimo District, Kanagawa 250-0404",35.24266,139.063145,ChIJN6ih-VOjGWARYOTqrnbwH50,,,,https://www.google.com/maps/place/?q=place_id:ChIJN6ih-VOjGWARYOTqrnbwH50,,
,hotel_584,SIMOSE ART GARDEN VILLA,1,Otake,Japan,🇯🇵,"2-10-50 Harumi, Otake, Hiroshima 739-0622",34.241269,132.226558,ChIJ6WS7z2XLWjURI8V7JQmNMXk,,,,https://www.google.com/maps/place/?q=place_id:ChIJ6WS7z2XLWjURI8V7JQmNMXk,,
,hotel_585,Fuji Speedway Hotel,1,Oyama,Japan,🇯🇵,"645 Omika, Oyama, Sunto District, Shizuoka 410-1308",35.367481,138.918309,ChIJxdytuEZxGWARmyW9bAaOloQ,,,,https://www.google.com/maps/place/?q=place_id:ChIJxdytuEZxGWARmyW9bAaOloQ,,
,hotel_586,Fugaku Gunjo,1,Izu,Japan,🇯🇵,"2461-1 Yagisawa, Izu, Shizuoka 410-3303",34.887901,138.764236,ChIJhUi4--P0GWARWkTqvroA6NE,,,,https://www.google.com/maps/place/?q=place_id:ChIJhUi4--P0GWARWkTqvroA6NE,,
,hotel_587,THE HIRAMATSU HOTELS & RESORTS Kashikojima,1,Shima,Japan,🇯🇵,"3618-52 Agocho Ugata, Shima, Mie 517-0501",34.319094,136.804842,ChIJpQNLP0CqBWARvytJ_xjjMKI,,,,https://www.google.com/maps/place/?q=place_id:ChIJpQNLP0CqBWARvytJ_xjjMKI,,
,hotel_588,"TIAD, Autograph Collection",1,Nagoya,Japan,🇯🇵,"5-15-19 Sakae, Naka Ward, Nagoya, Aichi 460-0008",35.163837,136.909719,ChIJO_zJmPVxA2AR7KyOgNsgs4o,,,,https://www.google.com/maps/place/?q=place_id:ChIJO_zJmPVxA2AR7KyOgNsgs4o,,
,hotel_589,Setsu Niseko,1,Kutchan,Japan,🇯🇵,"1-2-6-9 Nisekohirafu 1 Jo, Kutchan, Abuta District, Hokkaido 044-0080",42.861567,140.707126,ChIJDUV5UzCxCl8R4d0rlg53lkY,,,,https://www.google.com/maps/place/?q=place_id:ChIJDUV5UzCxCl8R4d0rlg53lkY,,
,hotel_590,MUWA NISEKO,1,Kutchan,Japan,🇯🇵,"3-10-1 Nisekohirafu 1 Jo, Kutchan, Abuta District, Hokkaido 044-0080",42.863338,140.699605,ChIJi6nPqU2xCl8RuygT_05B-xQ,,,,https://www.google.com/maps/place/?q=place_id:ChIJi6nPqU2xCl8RuygT_05B-xQ,,
,hotel_591,THE HIRAMATSU HOTELS & RESORTS SENGOKUHARA,1,Hakone,Japan,🇯🇵,"1245-337 Sengokuhara, Hakone, Ashigarashimo District, Kanagawa 250-0631",35.25056,139.000338,ChIJi0MFcKifGWARpyyzOzL_9NE,,,,https://www.google.com/maps/place/?q=place_id:ChIJi0MFcKifGWARpyyzOzL_9NE,,
,hotel_592,Kofuyuden Beniya,1,Awara,Japan,🇯🇵,"4-510 Onsen, Awara, Fukui 910-4104",36.225226,136.192736,ChIJE-NVRQTv-F8RYaJB0v4EQt8,,,,https://www.google.com/maps/place/?q=place_id:ChIJE-NVRQTv-F8RYaJB0v4EQt8,,
,hotel_593,Sansui Niseko,1,Kutchan,Japan,🇯🇵,"4-5-32 Nisekohirafu 1 Jo, Kutchan, Abuta District, Hokkaido 044-0080",42.860873,140.700175,ChIJ7WjeJpaxCl8RfGKzYl_jQXI,,,,https://www.google.com/maps/place/?q=place_id:ChIJ7WjeJpaxCl8RfGKzYl_jQXI,,
,hotel_594,Fufu Nara,1,Nara,Japan,🇯🇵,"1184-1 Takabatakecho, Nara 630-8301",34.678404,135.839067,ChIJw-EmnLc5AWARkelXKSRe5_o,,,,https://www.google.com/maps/place/?q=place_id:ChIJw-EmnLc5AWARkelXKSRe5_o,,
,hotel_595,Nasu Mukunone,1,Nasu,Japan,🇯🇵,"2294-3 Takakuotsu, Nasu, Nasu District, Tochigi 325-0303",37.059376,139.978146,ChIJdbGUMUKJH2ARWaWlEunSGc4,,,,https://www.google.com/maps/place/?q=place_id:ChIJdbGUMUKJH2ARWaWlEunSGc4,,
,hotel_596,Ryokan Onomichi Nishiyama,1,Onomichi,Japan,🇯🇵,"678-1 Sanbacho, Onomichi, Hiroshima 722-0052",34.41612,133.231972,ChIJJ5NNYwwBUTURwLw1ths9QyU,,,,https://www.google.com/maps/place/?q=place_id:ChIJJ5NNYwwBUTURwLw1ths9QyU,,
,hotel_597,Fufu Karuizawa Wind in the Sunshine,1,Karuizawa,Japan,🇯🇵,"568-1 Nagakura, Karuizawa, Kitasaku District, Nagano 389-0111",36.331908,138.605965,ChIJ07qUV8XTHWAReZuDhx9UYkQ,,,,https://www.google.com/maps/place/?q=place_id:ChIJ07qUV8XTHWAReZuDhx9UYkQ,,
,hotel_598,THE HIRAMATSU HOTELS & RESORTS Ginoza,1,Ginoza,Japan,🇯🇵,"1425 Matsuda, Ginoza, Kunigami District, Okinawa 904-1301",26.485842,128.001219,ChIJSa59FV6q5TQR5-65IDFPSQc,,,,https://www.google.com/maps/place/?q=place_id:ChIJSa59FV6q5TQR5-65IDFPSQc,,
,hotel_599,The Kahala Hotel & Resort Yokohama,1,Yokohama,Japan,🇯🇵,"1-1-3 Minatomirai, Nishi Ward, Yokohama, Kanagawa 220-0012",35.462349,139.633974,ChIJ7RoIJU5dGGARt_5Hg4fQVHM,,,,https://www.google.com/maps/place/?q=place_id:ChIJ7RoIJU5dGGARt_5Hg4fQVHM,,
,hotel_600,One Suite THE GRAND,1,Nakijin,Japan,🇯🇵,"2451 Kouri, Nakijin, Kunigami District, Okinawa 905-0406",26.707125,128.016669,ChIJQZMlN5pZ5DQRbE_7pH7iju0,,,,https://www.google.com/maps/place/?q=place_id:ChIJQZMlN5pZ5DQRbE_7pH7iju0,,
,hotel_601,Garrya Nijo Castle Kyoto,1,Kyoto,Japan,🇯🇵,"180-1 Ichinocho, Nakagyo Ward, Kyoto 604-8305",35.011541,135.749142,ChIJ9af4vjwHAWARQPBuGEpA4IQ,,,,https://www.google.com/maps/place/?q=place_id:ChIJ9af4vjwHAWARQPBuGEpA4IQ,,
,hotel_602,Fufu Nikko,2,Nikko,Japan,🇯🇵,"1573-8 Honcho, Nikko, Tochigi 321-1435",36.751488,139.588779,ChIJ4-O6f-emH2AR_JvZQSCskGM,,,,https://www.google.com/maps/place/?q=place_id:ChIJ4-O6f-emH2AR_JvZQSCskGM,,
,hotel_603,Hakone Gora Karaku,1,Hakone,Japan,🇯🇵,"1300-8 Gora, Hakone, Ashigarashimo District, Kanagawa 250-0408",35.250055,139.049632,ChIJI2F7QPuhGWARxwS547_PAQI,,,,https://www.google.com/maps/place/?q=place_id:ChIJI2F7QPuhGWARxwS547_PAQI,,
,hotel_604,BYAKU Narai,1,Shiojiri,Japan,🇯🇵,"551 Narai, Shiojiri, Nagano 399-6303",35.966198,137.81211,ChIJuSchDl8fHWARiKoVVQXoYro,,,,https://www.google.com/maps/place/?q=place_id:ChIJuSchDl8fHWARiKoVVQXoYro,,
,hotel_605,The Ritz-Carlton Fukuoka,1,Fukuoka,Japan,🇯🇵,"2-6-50 Daimyo, Chuo Ward, Fukuoka 810-0041",33.589741,130.394764,ChIJwYSHTfCRQTURRUbgMtC2xjc,,,,https://www.google.com/maps/place/?q=place_id:ChIJwYSHTfCRQTURRUbgMtC2xjc,,
,hotel_606,Naoshima Ryokan Roka,1,Naoshima,Japan,🇯🇵,"123 Naoshima, Kagawa District, Kagawa 761-3110",34.456132,133.994339,ChIJo_HAa8_xUzURYBgWeOxC0SQ,,,,https://www.google.com/maps/place/?q=place_id:ChIJo_HAa8_xUzURYBgWeOxC0SQ,,
,hotel_607,Fufu Kyu-Karuizawa Restful Forest,1,Karuizawa,Japan,🇯🇵,"1299-2 Karuizawa, Kitasaku District, Nagano 389-0102",36.349163,138.626305,ChIJsQmFgv7THWAR0-KO_mtM8dk,,,,https://www.google.com/maps/place/?q=place_id:ChIJsQmFgv7THWAR0-KO_mtM8dk,,
,hotel_608,ENOWA Yufuin,2,Yufu,Japan,🇯🇵,"544 Yufuincho Kawakami, Yufu, Oita 879-5102",33.2764,131.365517,ChIJnTsev92vRjURc-pNH9gcG5A,,,,https://www.google.com/maps/place/?q=place_id:ChIJnTsev92vRjURc-pNH9gcG5A,,
,hotel_609,Araya Totoan,1,Kaga,Japan,🇯🇵,"18-119 Yamashiroonsen, Kaga, Ishikawa 922-0242",36.28869,136.36198,ChIJFRmM2Rz3-F8RBoprjppaHdQ,,,,https://www.google.com/maps/place/?q=place_id:ChIJFRmM2Rz3-F8RBoprjppaHdQ,,
,hotel_610,Park Hyatt Niseko Hanazono,1,Kutchan,Japan,🇯🇵,"328-47 Iwaobetsu, Kutchan, Abuta District, Hokkaido 044-0082",42.894009,140.698515,ChIJv5iZI1-6Cl8R9XWIzeL28QE,,,,https://www.google.com/maps/place/?q=place_id:ChIJv5iZI1-6Cl8R9XWIzeL28QE,,
,hotel_611,Hyakuna Garan,1,Nanjo,Japan,🇯🇵,"1299-1 Hyakuna, Tamagusuku, Nanjo, Okinawa 901-0603",26.132832,127.785297,ChIJNamAJJVv5TQRObvNcH4l8Ao,,,,https://www.google.com/maps/place/?q=place_id:ChIJNamAJJVv5TQRObvNcH4l8Ao,,
,hotel_612,Izumo Hotel The Cliff,1,Izumo,Japan,🇯🇵,"1870 Takicho Kumura, Izumo, Shimane 699-0901",35.304471,132.645839,ChIJixRCUrRRVzURfRwCid74anI,,,,https://www.google.com/maps/place/?q=place_id:ChIJixRCUrRRVzURfRwCid74anI,,
,hotel_613,GOTO RETREAT by Onko Chishin,1,Goto,Japan,🇯🇵,"2877 Kamisakiyamacho, Goto, Nagasaki 853-0023",32.642796,128.849509,ChIJW1cTN2GPFDURCn3xZY33EUs,,,,https://www.google.com/maps/place/?q=place_id:ChIJW1cTN2GPFDURCn3xZY33EUs,,
,hotel_614,JW Marriott Hotel Nara,1,Nara,Japan,🇯🇵,"1-1-1 Sanjoji, Nara 630-8013",34.684024,135.805248,ChIJ-_S-kd47AWAR_r_MVXkEurE,,,,https://www.google.com/maps/place/?q=place_id:ChIJ-_S-kd47AWAR_r_MVXkEurE,,
,hotel_615,Four Seasons Hotel Kyoto,1,Kyoto,Japan,🇯🇵,"445-3 Myohoin Maekawacho, Higashiyama Ward, Kyoto 605-0932",34.990229,135.77618,ChIJXRfz8csIAWAR7R3vbOxO6J4,,,,https://www.google.com/maps/place/?q=place_id:ChIJXRfz8csIAWAR7R3vbOxO6J4,,
,hotel_616,Fufu Hakone,1,Hakone,Japan,🇯🇵,"1320-807 Gora, Hakone, Ashigarashimo District, Kanagawa 250-0408",35.253283,139.039991,ChIJGX3GgVifGWARFeMMs4JR2DM,,,,https://www.google.com/maps/place/?q=place_id:ChIJGX3GgVifGWARFeMMs4JR2DM,,
,hotel_617,Jusandi,2,Ishigaki,Japan,🇯🇵,"470 Fukai, Ishigaki, Okinawa 907-0451",24.456129,124.19817,ChIJ1wSFlQTnXzQRvNIS0ahFQKA,,,,https://www.google.com/maps/place/?q=place_id:ChIJ1wSFlQTnXzQRvNIS0ahFQKA,,
,hotel_618,Conrad Osaka,1,Osaka,Japan,🇯🇵,"3-2-4 Nakanoshima, Kita Ward, Osaka 530-0005",34.693332,135.495635,ChIJ0YkmyvHmAGARhIuTXo0rkZI,,,,https://www.google.com/maps/place/?q=place_id:ChIJ0YkmyvHmAGARhIuTXo0rkZI,,
,hotel_619,Fufu Kyoto,1,Kyoto,Japan,🇯🇵,"41-41 Nanzenji Kusakawacho, Sakyo Ward, Kyoto 606-8437",35.011623,135.786359,ChIJOdhOrIgJAWARwXmKMmehp7Y,,,,https://www.google.com/maps/place/?q=place_id:ChIJOdhOrIgJAWARwXmKMmehp7Y,,
,hotel_620,W Osaka,1,Osaka,Japan,🇯🇵,"4-1-3 Minamisenba, Chuo Ward, Osaka 542-0081",34.677835,135.500083,ChIJ14tB6IPnAGARHVPDh9i9jCU,,,,https://www.google.com/maps/place/?q=place_id:ChIJ14tB6IPnAGARHVPDh9i9jCU,,
,hotel_621,Fufu Kawaguchiko,2,Fujikawaguchiko,Japan,🇯🇵,"2211-1 Mizuguchi, Kawaguchi, Fujikawaguchiko, Minamitsuru District, Yamanashi 401-0304",35.528259,138.759608,ChIJQciUsSZfGWAR4vgMxH_lL-Q,,,,https://www.google.com/maps/place/?q=place_id:ChIJQciUsSZfGWAR4vgMxH_lL-Q,,
,hotel_622,"The Ritz-Carlton, Nikko",1,Nikko,Japan,🇯🇵,"2482 Chugushi, Nikko, Tochigi 321-1661",36.738333,139.4977,ChIJdzXriwivH2ARRX_JL7-lc8M,,,,https://www.google.com/maps/place/?q=place_id:ChIJdzXriwivH2ARRX_JL7-lc8M,,
,hotel_623,"The Ritz-Carlton, Okinawa",1,Nago,Japan,🇯🇵,"1343-1 Kise, Nago, Okinawa 905-0026",26.528086,127.939848,ChIJtVbyEEoA5TQR-HVMUm2U5OY,,,,https://www.google.com/maps/place/?q=place_id:ChIJtVbyEEoA5TQR-HVMUm2U5OY,,
,hotel_624,The Aoyama Grand Hotel,1,Tokyo,Japan,🇯🇵,"2-14-4 Kitaaoyama, Minato City, Tokyo 107-0061",35.66952,139.715796,ChIJv-GUvJ6MGGAR5g8ZGkUxgNg,,,,https://www.google.com/maps/place/?q=place_id:ChIJv-GUvJ6MGGAR5g8ZGkUxgNg,,
,hotel_625,Sekitei,2,Hatsukaichi,Japan,🇯🇵,"3-5-27 Miyahamaonsen, Hatsukaichi, Hiroshima 739-0454",34.273109,132.252946,ChIJhW0VcAy2WjURdLCLwiUMCIk,,,,https://www.google.com/maps/place/?q=place_id:ChIJhW0VcAy2WjURdLCLwiUMCIk,,
,hotel_626,Wanosato,1,Takayama,Japan,🇯🇵,"1682 Ichinomiyamachi, Takayama, Gifu 509-3505",36.073189,137.210437,ChIJ8YOG5gu8AmARwRZiLryzYRs,,,,https://www.google.com/maps/place/?q=place_id:ChIJ8YOG5gu8AmARwRZiLryzYRs,,
,hotel_627,Ochiairo,1,Izu,Japan,🇯🇵,"1887-1 Yugashima, Izu, Shizuoka 410-3206",34.8895,138.927303,ChIJkfwEV4zuGWARQKDL76-5x2A,,,,https://www.google.com/maps/place/?q=place_id:ChIJkfwEV4zuGWARQKDL76-5x2A,,
,hotel_628,Satoyama Jujo,1,Minamiuonuma,Japan,🇯🇵,"1209-6 Osawa, Minamiuonuma, Niigata 949-6361",37.020564,138.801545,ChIJwxsbde759V8Rge1HGHpS8jM,,,,https://www.google.com/maps/place/?q=place_id:ChIJwxsbde759V8Rge1HGHpS8jM,,
,hotel_629,"Suiran, A Luxury Collection Hotel, Kyoto",1,Kyoto,Japan,🇯🇵,"12 Sagatenryuji Susukinobabacho, Ukyo Ward, Kyoto 616-8385",35.013774,135.673277,ChIJv-qH8gCqAWAR1RMRDlI8gDw,,,,https://www.google.com/maps/place/?q=place_id:ChIJv-qH8gCqAWAR1RMRDlI8gDw,,
,hotel_630,Zaborin,2,Kutchan,Japan,🇯🇵,"76-4 Hanazono, Kutchan, Abuta District, Hokkaido 044-0084",42.904616,140.677359,ChIJAeZ_igC7Cl8Rt7UeTpnAhUU,,,,https://www.google.com/maps/place/?q=place_id:ChIJAeZ_igC7Cl8Rt7UeTpnAhUU,,
,hotel_631,SETOUCHI RETREAT by Onko Chishin,1,Matsuyama,Japan,🇯🇵,"794-1 Yanaidanimachi, Matsuyama, Ehime 790-2641",33.922915,132.817031,ChIJk0FqMq_hTzURrMKisRrSSqQ,,,,https://www.google.com/maps/place/?q=place_id:ChIJk0FqMq_hTzURrMKisRrSSqQ,,
,hotel_632,Halekulani Okinawa,2,Onna,Japan,🇯🇵,"1967-1 Nakama, Onna, Kunigami District, Okinawa 904-0401",26.526608,127.923163,ChIJAVOOAbsB5TQRjKBJ1csS2x4,,,,https://www.google.com/maps/place/?q=place_id:ChIJAVOOAbsB5TQRjKBJ1csS2x4,,
,hotel_633,Four Seasons Hotel Osaka,1,Osaka,Japan,🇯🇵,"2-4-32 Dojima, Kita Ward, Osaka 530-0003",34.696136,135.493542,ChIJueXXyXznAGARAkI6vy8XhEE,,,,https://www.google.com/maps/place/?q=place_id:ChIJueXXyXznAGARAkI6vy8XhEE,,
,hotel_634,Andaz Tokyo,1,Tokyo,Japan,🇯🇵,"Toranomon Hills Mori Tower 51F, 1-23-4 Toranomon, Minato City, Tokyo 105-0001",35.666803,139.749504,ChIJFeBOopOLGGARGOiAaePckew,,,,https://www.google.com/maps/place/?q=place_id:ChIJFeBOopOLGGARGOiAaePckew,,
,hotel_635,The Okura Tokyo,1,Tokyo,Japan,🇯🇵,"2-10-4 Toranomon, Minato City, Tokyo 105-0001",35.667175,139.74386,ChIJuecmcH2LGGARgmOaAPaK9zA,,,,https://www.google.com/maps/place/?q=place_id:ChIJuecmcH2LGGARgmOaAPaK9zA,,
,hotel_636,Hotel The Celestine Kyoto Gion,1,Kyoto,Japan,🇯🇵,"572 Komatsucho, Higashiyama Ward, Kyoto 605-0811",34.998546,135.773743,ChIJv5ie_MYIAWARy3lJNmAmkk4,,,,https://www.google.com/maps/place/?q=place_id:ChIJv5ie_MYIAWARy3lJNmAmkk4,,
,hotel_637,Four Seasons Hotel Tokyo at Marunouchi,1,Tokyo,Japan,🇯🇵,"Pacific Century Place Marunouchi, 1-11-1 Marunouchi, Chiyoda City, Tokyo 100-6277",35.678149,139.766991,ChIJo8OKQ_uLGGARyqJtyEFXiRA,,,,https://www.google.com/maps/place/?q=place_id:ChIJo8OKQ_uLGGARyqJtyEFXiRA,,
,hotel_638,Shangri-La Tokyo,1,Tokyo,Japan,🇯🇵,"Marunouchi Trust Tower Main, 1-8-3 Marunouchi, Chiyoda City, Tokyo 100-8283",35.68243,139.769383,ChIJL6nVJvyLGGAR8jHaHUYIL48,,,,https://www.google.com/maps/place/?q=place_id:ChIJL6nVJvyLGGAR8jHaHUYIL48,,
,hotel_639,Hiiragiya,1,Kyoto,Japan,🇯🇵,"277 Nakahakusancho, Nakagyo Ward, Kyoto 604-8094",35.010333,135.765667,ChIJtfozjyoGAWAR01ztP88vfV4,,,,https://www.google.com/maps/place/?q=place_id:ChIJtfozjyoGAWAR01ztP88vfV4,,
,hotel_640,"The Prince Gallery Tokyo Kioicho, a Luxury Collection Hotel",1,Tokyo,Japan,🇯🇵,"1-2 Kioicho, Chiyoda City, Tokyo 102-8585",35.679644,139.737112,ChIJ4Z9j7XuMGGARAgZ2C6hMq5w,,,,https://www.google.com/maps/place/?q=place_id:ChIJ4Z9j7XuMGGARAgZ2C6hMq5w,,
,hotel_641,Mandarin Oriental Tokyo,1,Tokyo,Japan,🇯🇵,"2-1-1 Nihonbashi Muromachi, Chuo City, Tokyo 103-8328",35.687048,139.773063,ChIJ281VfFWJGGARYaR_hmZuo0I,,,,https://www.google.com/maps/place/?q=place_id:ChIJ281VfFWJGGARYaR_hmZuo0I,,
,hotel_642,The Peninsula Tokyo,1,Tokyo,Japan,🇯🇵,"1-8-1 Yurakucho, Chiyoda City, Tokyo 100-0006",35.674759,139.76047,ChIJaYg-KPCLGGAR48E_vAA3k6s,,,,https://www.google.com/maps/place/?q=place_id:ChIJaYg-KPCLGGAR48E_vAA3k6s,,
,hotel_643,HOTEL THE MITSUI KYOTO,3,Kyoto,Japan,🇯🇵,"284 Nijoaburanokojicho, Nakagyo Ward, Kyoto 604-0051",35.013457,135.753351,ChIJ_7QKsOsJAWARXSp7CEweg4A,,,,https://www.google.com/maps/place/?q=place_id:ChIJ_7QKsOsJAWARXSp7CEweg4A,,
,hotel_644,The Ritz-Carlton Tokyo,1,Tokyo,Japan,🇯🇵,"Tokyo Midtown, 9-7-1 Akasaka, Minato City, Tokyo 107-6245",35.666165,139.731175,ChIJ30G_l3iLGGARvCyp7lV4hZI,,,,https://www.google.com/maps/place/?q=place_id:ChIJ30G_l3iLGGARvCyp7lV4hZI,,
,hotel_645,The Ritz-Carlton Osaka,1,Osaka,Japan,🇯🇵,"2-5-25 Umeda, Kita Ward, Osaka 530-0001",34.69834,135.492521,ChIJz4HJq4zmAGAROLy14S_SaLQ,,,,https://www.google.com/maps/place/?q=place_id:ChIJz4HJq4zmAGAROLy14S_SaLQ,,
,hotel_646,"The Ritz-Carlton, Kyoto",1,Kyoto,Japan,🇯🇵,"543 Hokodencho, Nakagyo Ward, Kyoto 604-0902",35.013917,135.770857,ChIJE0AOM40IAWARZLJVJOYzw60,,,,https://www.google.com/maps/place/?q=place_id:ChIJE0AOM40IAWARZLJVJOYzw60,,
,hotel_647,Bvlgari Hotel Tokyo,3,Tokyo,Japan,🇯🇵,"2-2-1 Yaesu, Chuo City, Tokyo 104-0028",35.678839,139.768327,ChIJaZec4c2LGGARhO_j0zirIOw,,,,https://www.google.com/maps/place/?q=place_id:ChIJaZec4c2LGGARhO_j0zirIOw,,
,hotel_648,The Hotel Seiryu Kyoto Kiyomizu,1,Kyoto,Japan,🇯🇵,"2-204-2 Kiyomizu, Higashiyama Ward, Kyoto 605-0862",34.997333,135.779372,ChIJc9P9i3YJAWAR0qOfdNlUqxo,,,,https://www.google.com/maps/place/?q=place_id:ChIJc9P9i3YJAWAR0qOfdNlUqxo,,
,hotel_649,Numazu Club,1,Numazu,Japan,🇯🇵,"1907-8 Hon Senbongorin, Numazu, Shizuoka 410-0849",35.086973,138.852206,ChIJO0akrY-PGWARtHqLdkCriaU,,,,https://www.google.com/maps/place/?q=place_id:ChIJO0akrY-PGWARtHqLdkCriaU,,
,hotel_650,ROKU KYOTO LXR HOTELS & RESORTS,1,Kyoto,Japan,🇯🇵,"44-1 Kinugasa Kagamiishicho, Kita Ward, Kyoto 603-8451",35.047613,135.734681,ChIJe5gElQGpAWARvTkIO-v6H8I,,,,https://www.google.com/maps/place/?q=place_id:ChIJe5gElQGpAWARvTkIO-v6H8I,,
,hotel_651,"Higashiyama Niseko Village, a Ritz-Carlton Reserve",1,Niseko,Japan,🇯🇵,"919-28 Soga, Niseko, Abuta District, Hokkaido 048-1522",42.843349,140.682288,ChIJyXmVQU6vCl8R4FJlsSy_6jY,,,,https://www.google.com/maps/place/?q=place_id:ChIJyXmVQU6vCl8R4FJlsSy_6jY,,
,hotel_652,GAJOEN,2,Kirishima,Japan,🇯🇵,"4230 Shukukubota, Makizonocho, Kirishima, Kagoshima 899-6507",31.813797,130.756801,ChIJ09MMXH_9PjURfbFWRFqFQ6M,,,,https://www.google.com/maps/place/?q=place_id:ChIJ09MMXH_9PjURfbFWRFqFQ6M,,
,hotel_653,Hoshinoya Kyoto,1,Kyoto,Japan,🇯🇵,"11-2 Arashiyama Genrokuzancho, Nishikyo Ward, Kyoto 616-0007",35.011308,135.676973,ChIJ9e5EmAWqAWARpQEhPRuq-Qw,,,,https://www.google.com/maps/place/?q=place_id:ChIJ9e5EmAWqAWARpQEhPRuq-Qw,,
,hotel_654,Yufuin Tamanoyu,1,Yufu,Japan,🇯🇵,"2731-1 Yufuincho Kawakami, Yufu, Oita 879-5102",33.26573,131.362907,ChIJn0SVMX-uRjUR_GTLlR2H3EA,,,,https://www.google.com/maps/place/?q=place_id:ChIJn0SVMX-uRjUR_GTLlR2H3EA,,
,hotel_655,Onyado Chikurintei,2,Takeo,Japan,🇯🇵,"4100 Takeocho, Takeo, Saga 843-0022",33.181722,130.017131,ChIJSzE7_l0oQDUR3ZXYR0h15EM,,,,https://www.google.com/maps/place/?q=place_id:ChIJSzE7_l0oQDUR3ZXYR0h15EM,,
,hotel_656,OSTERIA SINCERITA,1,Nanyo,Japan,🇯🇵,"3005 Akayu, Nanyo, Yamagata 999-2211",38.048639,140.170371,ChIJrbhyiYtVil8RAIS10EwQ6ww,,,,https://www.google.com/maps/place/?q=place_id:ChIJrbhyiYtVil8RAIS10EwQ6ww,,
,hotel_657,InterContinental Yokohama Pier 8,1,Yokohama,Japan,🇯🇵,"2-14-1 Shinko, Naka Ward, Yokohama, Kanagawa 231-0001",35.456107,139.642002,ChIJn6UwM6BdGGARwSg--3xCn5Q,,,,https://www.google.com/maps/place/?q=place_id:ChIJn6UwM6BdGGARwSg--3xCn5Q,,
,hotel_658,Park Hyatt Kyoto,1,Kyoto,Japan,🇯🇵,"360 Masuyacho, Higashiyama Ward, Kyoto 605-0826",34.999112,135.781127,ChIJY1o_4kcJAWARy0VPcxQbz94,,,,https://www.google.com/maps/place/?q=place_id:ChIJY1o_4kcJAWARy0VPcxQbz94,,
,hotel_659,Four Seasons Hotel Tokyo at Otemachi,3,Tokyo,Japan,🇯🇵,"1-2-1 Otemachi, Chiyoda City, Tokyo 100-0004",35.687734,139.763291,ChIJ_3Gd30-NGGARnuBcbf29bPA,,,,https://www.google.com/maps/place/?q=place_id:ChIJ_3Gd30-NGGARnuBcbf29bPA,,
,hotel_660,Kifune Ugenta,1,Kyoto,Japan,🇯🇵,"76 Kuramakibunecho, Sakyo Ward, Kyoto 601-1112",35.124298,135.76386,ChIJkf1rMgimAWARGX37J_M7FKs,,,,https://www.google.com/maps/place/?q=place_id:ChIJkf1rMgimAWARGX37J_M7FKs,,
,hotel_661,The Tokyo Station Hotel,1,Tokyo,Japan,🇯🇵,"1-9-1 Marunouchi, Chiyoda City, Tokyo 100-0005",35.681187,139.766069,ChIJlyah2PuLGGARbtrhWzNbANI,,,,https://www.google.com/maps/place/?q=place_id:ChIJlyah2PuLGGARbtrhWzNbANI,,
,hotel_662,Oyado The Earth,1,Toba,Japan,🇯🇵,"Nakanoyama Tatsunosu, Ijikacho, Toba, Mie 517-0026",34.435608,136.921994,ChIJT9FL02H-BGARKTWHBr2-gdw,,,,https://www.google.com/maps/place/?q=place_id:ChIJT9FL02H-BGARKTWHBr2-gdw,,
,hotel_663,Bettei Otozure,1,Nagato,Japan,🇯🇵,"2208 Fukawayumoto, Nagato, Yamaguchi 759-4103",34.326521,131.174108,ChIJFaLgixNnQzURvMIIt4GX5Wo,,,,https://www.google.com/maps/place/?q=place_id:ChIJFaLgixNnQzURvMIIt4GX5Wo,,
,hotel_664,MUNI KYOTO,1,Kyoto,Japan,🇯🇵,"3 Sagatenryuji Susukinobabacho, Ukyo Ward, Kyoto 616-8385",35.014089,135.676531,ChIJ93MgC7GpAWARBEx4BsZAXS0,,,,https://www.google.com/maps/place/?q=place_id:ChIJ93MgC7GpAWARBEx4BsZAXS0,,
,hotel_665,Gora Kadan,3,Hakone,Japan,🇯🇵,"1300 Gora, Hakone, Ashigarashimo District, Kanagawa 250-0408",35.247364,139.048561,ChIJge73U_-hGWARKnkwi9qEB0E,,,,https://www.google.com/maps/place/?q=place_id:ChIJge73U_-hGWARKnkwi9qEB0E,,
,hotel_666,Arcana Izu,1,Izu,Japan,🇯🇵,"1662 Yugashima, Izu, Shizuoka 410-3206",34.891577,138.923385,ChIJnXb6EYnuGWARrLHoFxrWyVI,,,,https://www.google.com/maps/place/?q=place_id:ChIJnXb6EYnuGWARrLHoFxrWyVI,,
,hotel_667,Ace Hotel Kyoto,1,Kyoto,Japan,🇯🇵,"245-2 Kurumayacho, Nakagyo Ward, Kyoto 604-8185",35.009774,135.75998,ChIJb7q7DYUIAWARCR5_SwDCLXQ,,,,https://www.google.com/maps/place/?q=place_id:ChIJb7q7DYUIAWARCR5_SwDCLXQ,,
,hotel_668,TRUNK (HOTEL) YOYOGI PARK,1,Tokyo,Japan,🇯🇵,"1-15-2 Tomigaya, Shibuya, Tokyo 151-0063",35.666809,139.692354,ChIJRVwkXF2NGGARf276xasJiF8,,,,https://www.google.com/maps/place/?q=place_id:ChIJRVwkXF2NGGARf276xasJiF8,,
,hotel_669,Genji Kyoto,1,Kyoto,Japan,🇯🇵,"362-3 Hashidonocho, Shimogyo Ward, Kyoto 600-8113",34.993348,135.766744,ChIJ6RFsNqYJAWARudZtC9jK-yE,,,,https://www.google.com/maps/place/?q=place_id:ChIJ6RFsNqYJAWARudZtC9jK-yE,,
,hotel_670,Bettei Senjuan,1,Minakami,Japan,🇯🇵,"614 Tanigawa, Minakami, Tone District, Gunma 379-1619",36.78548,138.957495,ChIJYYiWRIkTHmARWmZDqfqQQhM,,,,https://www.google.com/maps/place/?q=place_id:ChIJYYiWRIkTHmARWmZDqfqQQhM,,
,hotel_671,SHISHI-IWA-HOUSE Karuizawa,1,Karuizawa,Japan,🇯🇵,"2147-768 Nagakura, Karuizawa, Kitasaku District, Nagano 389-0111",36.368186,138.587722,ChIJXwJGAc3RHWARW6X4klKYQf8,,,,https://www.google.com/maps/place/?q=place_id:ChIJXwJGAc3RHWARW6X4klKYQf8,,
,hotel_672,Kamenoi Besso,2,Yufu,Japan,🇯🇵,"2633-1 Yufuincho Kawakami, Yufu, Oita 879-5102",33.265743,131.367421,ChIJJZCNSnyuRjURbnuIFnChnnk,,,,https://www.google.com/maps/place/?q=place_id:ChIJJZCNSnyuRjURbnuIFnChnnk,,
,hotel_673,Auberge TOKITO,1,Tachikawa,Japan,🇯🇵,"1-24-26 Nishikicho, Tachikawa, Tokyo 190-0022",35.693199,139.423569,ChIJKTMQVdfjGGARobYDurIJbN4,,,,https://www.google.com/maps/place/?q=place_id:ChIJKTMQVdfjGGARobYDurIJbN4,,
,hotel_674,Hotel New Otani Tokyo - Executive House ZEN,1,Tokyo,Japan,🇯🇵,"11-12F, 4-1 Kioicho, Chiyoda City, Tokyo 102-8578",35.681423,139.734032,ChIJ665ieIGNGGARaxAfunBQI1c,,,,https://www.google.com/maps/place/?q=place_id:ChIJ665ieIGNGGARaxAfunBQI1c,,
,hotel_675,InterContinental Osaka,1,Osaka,Japan,🇯🇵,"3-60 Ofukacho, Kita Ward, Osaka 530-0011",34.70643,135.494291,ChIJ30LI_YvmAGARwsgnmlv_H_4,,,,https://www.google.com/maps/place/?q=place_id:ChIJ30LI_YvmAGARwsgnmlv_H_4,,
,hotel_676,K5,1,Tokyo,Japan,🇯🇵,"3-5 Nihonbashi Kabutocho, Chuo City, Tokyo 103-0026",35.682897,139.778142,ChIJVdGMfCqJGGAR0y3OBauqW5c,,,,https://www.google.com/maps/place/?q=place_id:ChIJVdGMfCqJGGAR0y3OBauqW5c,,
,hotel_677,Beniya Mukayu,1,Kaga,Japan,🇯🇵,"55-1-3 Yamashiroonsen, Kaga, Ishikawa 922-0242",36.288967,136.363085,ChIJ6ThdKgP3-F8R7Ic_4TV_DTg,,,,https://www.google.com/maps/place/?q=place_id:ChIJ6ThdKgP3-F8R7Ic_4TV_DTg,,
,hotel_678,Nishimuraya Honkan,2,Toyooka,Japan,🇯🇵,"469 Kinosakicho Yushima, Toyooka, Hyogo 669-6101",35.62535,134.805617,ChIJXSuMMzfI_18RNkmy3ZthqYs,,,,https://www.google.com/maps/place/?q=place_id:ChIJXSuMMzfI_18RNkmy3ZthqYs,,
,hotel_679,Aman Kyoto,2,Kyoto,Japan,🇯🇵,"1 Okitayama Washiminecho, Kita Ward, Kyoto 603-8458",35.050764,135.730584,ChIJ-8IdwOupAWARZk21GnGrDU8,,,,https://www.google.com/maps/place/?q=place_id:ChIJ-8IdwOupAWARZk21GnGrDU8,,
,hotel_680,Amanemu,3,Shima,Japan,🇯🇵,"2165 Hamajimacho Hazako, Shima, Mie 517-0403",34.29254,136.796958,ChIJFZmD84epBWARx8-NHR5HgAU,,,,https://www.google.com/maps/place/?q=place_id:ChIJFZmD84epBWARx8-NHR5HgAU,,
,hotel_681,JANU Tokyo,2,Tokyo,Japan,🇯🇵,"1-2-2 Azabudai, Minato City, Tokyo 106-0041",35.662168,139.74031,ChIJEWV5V2-LGGARWr133cObY_8,,,,https://www.google.com/maps/place/?q=place_id:ChIJEWV5V2-LGGARWr133cObY_8,,
,hotel_682,Azumi Setoda,1,Onomichi,Japan,🇯🇵,"269 Setodacho Setoda, Onomichi, Hiroshima 722-2411",34.304221,133.085015,ChIJkXIp3q5RUDURmP8gvdT6Tik,,,,https://www.google.com/maps/place/?q=place_id:ChIJkXIp3q5RUDURmP8gvdT6Tik,,
,hotel_683,Dusit Thani Kyoto,1,Kyoto,Japan,🇯🇵,"466 Nishinotoincho, Shimogyo Ward, Kyoto 600-8327",34.991945,135.754928,ChIJly85F0AJAWARisEPr-heHlw,,,,https://www.google.com/maps/place/?q=place_id:ChIJly85F0AJAWARisEPr-heHlw,,
,hotel_684,Six Senses Kyoto,1,Kyoto,Japan,🇯🇵,"431 Myohoin Maekawacho, Higashiyama Ward, Kyoto 605-0932",34.990996,135.774357,ChIJxw86kOEJAWARjz2nCSevbI8,,,,https://www.google.com/maps/place/?q=place_id:ChIJxw86kOEJAWARjz2nCSevbI8,,
,hotel_685,"Bellustar Tokyo, A Pan Pacific Hotel",1,Tokyo,Japan,🇯🇵,"Tokyu Kabukicho Tower 45F, 1-29-1 Kabukicho, Shinjuku City, Tokyo 160-0021",35.69596,139.70041,ChIJRZ9jt02NGGARmNzaOt47Ppk,,,,https://www.google.com/maps/place/?q=place_id:ChIJRZ9jt02NGGARmNzaOt47Ppk,,
,hotel_686,The Tower Hotel Nagoya,1,Nagoya,Japan,🇯🇵,"3-6-15 Nishiki, Naka Ward, Nagoya, Aichi 460-0003",35.172245,136.908331,ChIJIxPGf3RxA2AR311p9yRx41E,,,,https://www.google.com/maps/place/?q=place_id:ChIJIxPGf3RxA2AR311p9yRx41E,,
,hotel_687,Kanamean Nishitomiya,1,Kyoto,Japan,🇯🇵,"562 Honeyanocho, Nakagyo Ward, Kyoto 604-8064",35.006626,135.76478,ChIJ06EAXoMIAWARJSzSIXIrZtU,,,,https://www.google.com/maps/place/?q=place_id:ChIJ06EAXoMIAWARJSzSIXIrZtU,,
