id,restaurant_code,name,michelin_stars,cuisine,city,country,country_flag,address,latitude,longitude,google_place_id,michelin_url,website_url,booking_url,google_maps_url,located_in_hotel,property_name,worlds_50_best_rank,worlds_50_best_year
,rest_0001,Aan de Poel,2,French Contemporary,Amstelveen,Netherlands,🇳🇱,"Handweg 1, 1185 TS Amstelveen",52.3133,4.8494,ChIJa7QlyS3gxUcRxUOJ_-EIV1M,https://guide.michelin.com/nl/nl/north-holland/amstelveen/restaurant/aan-de-poel,,,https://www.google.com/maps/place/?q=place_id:ChIJa7QlyS3gxUcRxUOJ_-EIV1M,False,,,
,rest_0002,ABAC,3,Catalan Creative,Barcelona,Spain,🇪🇸,"Av. del Tibidabo 1, 08022 Barcelona",41.4145,2.1344,ChIJjZxWjQ-YpBIR_xbBOD9lZ1k,https://guide.michelin.com/nl/nl/catalonia/barcelona/restaurant/abac,,,https://www.google.com/maps/place/?q=place_id:ChIJjZxWjQ-YpBIR_xbBOD9lZ1k,True,,,
,rest_0003,Al Gatto Verde,1,Italian,Modena,Italy,🇮🇹,"Via Canaletto 216, 41122 Modena",44.6423,10.9254,ChIJYQwpBIXnf0cRekgb5iH_HMM,https://guide.michelin.com/nl/nl/emilia-romagna/modena/restaurant/al-gatto-verde,,,https://www.google.com/maps/place/?q=place_id:ChIJYQwpBIXnf0cRekgb5iH_HMM,False,,,
,rest_0004,Alain Ducasse at The Dorchester,3,French,London,United Kingdom,🇬🇧,"53 Park Lane, London W1K 1QA",51.5074,-0.1507,ChIJDaP2Ky4FdkgR7VspCxVWiDk,https://guide.michelin.com/nl/nl/greater-london/london/restaurant/alain-ducasse-at-the-dorchester,https://www.alainducasse-dorchester.com/,,https://www.google.com/maps/place/?q=place_id:ChIJDaP2Ky4FdkgR7VspCxVWiDk,False,,,
,rest_0005,Alma,1,Dutch Contemporary,Oisterwijk,Netherlands,🇳🇱,"Lind 28, 5061 HT Oisterwijk",51.5871,5.1928,ChIJoXKlUIvrxkcRgzALON9wHH0,https://guide.michelin.com/nl/nl/north-brabant/oisterwijk/restaurant/alma,,,https://www.google.com/maps/place/?q=place_id:ChIJoXKlUIvrxkcRgzALON9wHH0,False,,,
,rest_0006,Alto,1,Italian Contemporary,Fiorano Modenese,Italy,🇮🇹,"Via Statale Sud 1, 41042 Fiorano Modenese",44.5374,10.8107,ChIJ-TAkCMbjf0cRypwdP0VB2C4,https://guide.michelin.com/nl/nl/emilia-romagna/fiorano-modenese/restaurant/alto,,,https://www.google.com/maps/place/?q=place_id:ChIJ-TAkCMbjf0cRypwdP0VB2C4,False,,,
,rest_0007,Amarone,1,Italian,Rotterdam,Netherlands,🇳🇱,"Meent 72, 3011 JN Rotterdam",51.9227,4.4834,ChIJkx_Eb1kzxEcR_D2VB5OPkHk,https://guide.michelin.com/nl/nl/south-holland/rotterdam/restaurant/amarone,,,https://www.google.com/maps/place/?q=place_id:ChIJkx_Eb1kzxEcR_D2VB5OPkHk,False,,,
,rest_0008,Anne,1,French Contemporary,Paris,France,🇫🇷,"91 Rue du Cherche-Midi, 75006 Paris",48.8461,2.3262,ChIJGZbt11dv5kcRxGUcs6VnlSc,https://guide.michelin.com/nl/nl/ile-de-france/paris/restaurant/anne,,,https://www.google.com/maps/place/?q=place_id:ChIJGZbt11dv5kcRxGUcs6VnlSc,False,,,
,rest_0009,Apicius,1,French,Castricum,Netherlands,🇳🇱,"Dorpsstraat 67, 1901 EC Castricum",52.5488,4.6592,ChIJexaK7g33xUcR4UZCZiegd8A,https://guide.michelin.com/nl/nl/north-holland/castricum/restaurant/apicius,,,https://www.google.com/maps/place/?q=place_id:ChIJexaK7g33xUcR4UZCZiegd8A,False,,,
,rest_0010,Araka,2,Turkish Contemporary,Istanbul,Turkey,🇹🇷,"Tomtom Kaptan Sokak 18, 34433 Istanbul",41.0324,28.9791,ChIJ8yRKQxPLyhQRQx-2zdPdWa0,https://guide.michelin.com/nl/nl/istanbul/istanbul/restaurant/araka,,,https://www.google.com/maps/place/?q=place_id:ChIJ8yRKQxPLyhQRQx-2zdPdWa0,False,,,
,rest_0011,Au Coin des Bons Enfants,1,French,Maastricht,Netherlands,🇳🇱,"Ezelmarkt 4, 6211 LJ Maastricht",50.85,5.6969,ChIJTci4kLDpwEcRZ0iQdsjlsKU,https://guide.michelin.com/nl/nl/limburg/maastricht/restaurant/au-coin-des-bons-enfants,,,https://www.google.com/maps/place/?q=place_id:ChIJTci4kLDpwEcRZ0iQdsjlsKU,False,,,
,rest_0012,Beluga loves you,1,French Contemporary,Maastricht,Netherlands,🇳🇱,"Plein 1992 12, 6221 CJ Maastricht",50.8504,5.7007,ChIJfeXZx73pwEcRysmFc58mnOI,https://guide.michelin.com/nl/nl/limburg/maastricht/restaurant/beluga-loves-you,,,https://www.google.com/maps/place/?q=place_id:ChIJfeXZx73pwEcRysmFc58mnOI,False,,,
,rest_0013,Bistro de la Mer,1,Seafood,Amsterdam,Netherlands,🇳🇱,"Spuistraat 294, 1012 VS Amsterdam",52.3724,4.8893,ChIJFX-OmpQJxkcRcF18TZlXxsw,https://guide.michelin.com/nl/nl/north-holland/amsterdam/restaurant/bistro-de-la-mer,,,https://www.google.com/maps/place/?q=place_id:ChIJFX-OmpQJxkcRcF18TZlXxsw,False,,,
,rest_0014,Bolenius Rembrandtpark,1,Dutch Sustainable,Amsterdam,Netherlands,🇳🇱,"George Gershwinlaan 30, 1082 MT Amsterdam",52.3385,4.8463,ChIJK-siJMzjxUcRiU3bQ-0LbCU,https://guide.michelin.com/nl/nl/north-holland/amsterdam/restaurant/bolenius-rembrandtpark,,,https://www.google.com/maps/place/?q=place_id:ChIJK-siJMzjxUcRiU3bQ-0LbCU,False,,,
,rest_0015,Bottiglieria 1881,2,European Contemporary,Krakow,Poland,🇵🇱,"ul. Bocheńska 5, 31-061 Kraków",50.0595,19.9431,ChIJOzG7EEJbFkcRa-v6voT78XY,https://guide.michelin.com/nl/nl/lesser-poland/krakow/restaurant/bottiglieria-1881,,,https://www.google.com/maps/place/?q=place_id:ChIJOzG7EEJbFkcRa-v6voT78XY,False,,,
,rest_0016,Bougainville,1,French Contemporary,Amsterdam,Netherlands,🇳🇱,"Dam 9, 1012 JS Amsterdam",52.3731,4.8952,ChIJn8V5MccJxkcRHVZpXXoRPps,https://guide.michelin.com/nl/nl/north-holland/amsterdam/restaurant/bougainville,,,https://www.google.com/maps/place/?q=place_id:ChIJn8V5MccJxkcRHVZpXXoRPps,True,,,
,rest_0017,Brass Boer Thuis,1,Dutch Creative,Zwolle,Netherlands,🇳🇱,"Melkmarkt 9, 8011 MR Zwolle",52.5078,6.0958,ChIJ6bRBnu3fx0cRfnI-FYCsDNU,https://guide.michelin.com/nl/nl/overijssel/zwolle/restaurant/brass-boer-thuis,,,https://www.google.com/maps/place/?q=place_id:ChIJ6bRBnu3fx0cRfnI-FYCsDNU,False,,,
,rest_0018,Brut172,2,Contemporary,Reijmerstok,Netherlands,🇳🇱,"Reijmerstokkerdorpsstraat 143, 6274 NK Reijmerstok",50.796661,5.836407,ChIJS-bORZqVwEcRfOqTN1Km-yo,https://guide.michelin.com/us/en/limburg/reijmerstok/restaurant/brut172,https://www.brut172.com/,,https://www.google.com/maps/place/?q=place_id:ChIJS-bORZqVwEcRfOqTN1Km-yo,False,,,
,rest_0019,Calla's,1,French Contemporary,The Hague,Netherlands,🇳🇱,"Laan van Roos en Doorn 51, 2514 BC The Hague",52.0818,4.2892,ChIJX7aGbzm3xUcROXbLVicgbj4,https://guide.michelin.com/nl/nl/south-holland/the-hague/restaurant/callas,,,https://www.google.com/maps/place/?q=place_id:ChIJX7aGbzm3xUcROXbLVicgbj4,False,,,
,rest_0020,Cavallino,1,Italian,Maranello,Italy,🇮🇹,"Via Abetone Inf. 1, 41053 Maranello",44.5268,10.8689,ChIJDcJQWafjf0cR2gLItJnQmMw,https://guide.michelin.com/nl/nl/emilia-romagna/maranello/restaurant/cavallino,,,https://www.google.com/maps/place/?q=place_id:ChIJDcJQWafjf0cR2gLItJnQmMw,False,,,
,rest_0021,Central Park,1,French Contemporary,Voorburg,Netherlands,🇳🇱,"Oosteinde 14, 2271 EH Voorburg",52.059,4.3463,ChIJs1GkErW3xUcRlVjcvv_4TXs,https://guide.michelin.com/us/en/zuid-holland/voorburg/restaurant/central-park,https://www.centralparkvoorburg.com/restaurant/,,https://www.google.com/maps/place/?q=place_id:ChIJs1GkErW3xUcRlVjcvv_4TXs,True,,,
,rest_0022,Chateau Neercanne,1,French Classic,Maastricht,Netherlands,🇳🇱,"Von Dopfflaan 10, 6213 NG Maastricht",50.828,5.6882,ChIJueerN-LowEcRt2mMhYhmkvk,https://guide.michelin.com/nl/nl/limburg/maastricht/restaurant/chateau-neercanne,https://www.oostwegelcollection.nl/chateau-neercanne/en/restaurants/chateau-neercanne,,https://www.google.com/maps/place/?q=place_id:ChIJueerN-LowEcRt2mMhYhmkvk,True,,,
,rest_0023,Cheval Blanc,1,French / Dutch,Heemstede,Netherlands,🇳🇱,"Heemsteedse Dreef 7, 2102 KN Heemstede",52.3474,4.6238,ChIJIeYKDErvxUcRtQ0L_0LXrms,https://guide.michelin.com/nl/nl/north-holland/heemstede/restaurant/cheval-blanc,,,https://www.google.com/maps/place/?q=place_id:ChIJIeYKDErvxUcRtQ0L_0LXrms,False,,,
,rest_0024,Choux,1,French / Seasonal,Amsterdam,Netherlands,🇳🇱,"De Ruijterkade 128, 1011 AC Amsterdam",52.3808,4.9063,ChIJV5ZnZbAJxkcRhkiVQ7jkbXw,https://guide.michelin.com/nl/nl/north-holland/amsterdam/restaurant/choux,,,https://www.google.com/maps/place/?q=place_id:ChIJV5ZnZbAJxkcRhkiVQ7jkbXw,False,,,
,rest_0025,Ciel Bleu,2,French Contemporary,Amsterdam,Netherlands,🇳🇱,"Ferdinand Bolstraat 333, 1072 LH Amsterdam",52.349,4.8956,ChIJMzqLEIsJxkcRaZsOtXi1IsA,https://guide.michelin.com/nl/nl/north-holland/amsterdam/restaurant/ciel-bleu,,,https://www.google.com/maps/place/?q=place_id:ChIJMzqLEIsJxkcRaZsOtXi1IsA,False,,,
,rest_0026,Codium,1,Dutch Seafood,Goes,Netherlands,🇳🇱,"Singelstraat 11, 4461 CG Goes",51.5063,3.8982,ChIJoRq0KF6JxEcRbzMyIConoPQ,https://guide.michelin.com/nl/nl/zeeland/goes/restaurant/codium,,,https://www.google.com/maps/place/?q=place_id:ChIJoRq0KF6JxEcRbzMyIConoPQ,False,,,
,rest_0027,Create by Guido Braeken,2,French / Classic,Eijsden,Netherlands,🇳🇱,"Laamsveldweg 3, 6245 NV Eijsden",50.7765,5.7248,ChIJHzAbTADpwEcRmqDvJuC263E,https://guide.michelin.com/nl/nl/limburg/eijsden/restaurant/create-by-guido-braeken,,,https://www.google.com/maps/place/?q=place_id:ChIJHzAbTADpwEcRmqDvJuC263E,False,,,
,rest_0028,CUE,1,Nordic / Fermented,Amsterdam,Netherlands,🇳🇱,"Weesperzijde 15, 1091 EC Amsterdam",52.3551,4.9215,ChIJmQn4sSwJxkcRlfgr7QtbEyA,https://guide.michelin.com/nl/nl/north-holland/amsterdam/restaurant/cue,,,https://www.google.com/maps/place/?q=place_id:ChIJmQn4sSwJxkcRlfgr7QtbEyA,False,,,
,rest_0029,Da Vinci,1,Dutch Contemporary,Maasbracht,Netherlands,🇳🇱,"Zanddijk 4, 6051 CX Maasbracht",51.1599,5.8833,ChIJ68KZxXDKwEcRQUbEhD9D2UA,https://guide.michelin.com/nl/nl/limburg/maasbracht/restaurant/da-vinci,,,https://www.google.com/maps/place/?q=place_id:ChIJ68KZxXDKwEcRQUbEhD9D2UA,False,,,
,rest_0030,De Bokkedoorns,2,French / Dutch,Overveen,Netherlands,🇳🇱,"Zeeweg 52, 2051 EB Overveen",52.3904,4.5904,ChIJFT5WMYfuxUcRgOF4R-izDp4,https://guide.michelin.com/nl/nl/north-holland/overveen/restaurant/de-bokkedoorns,,,https://www.google.com/maps/place/?q=place_id:ChIJFT5WMYfuxUcRgOF4R-izDp4,False,,,
,rest_0031,De Heeren van Harinxma,1,Dutch Classic,Beetsterzwaag,Netherlands,🇳🇱,"Van Harinxmaweg 2, 9244 CJ Beetsterzwaag",53.0561,6.0811,ChIJE4YclEZbyEcRC9dVWXSe67I,https://guide.michelin.com/nl/nl/friesland/beetsterzwaag/restaurant/de-heeren-van-harinxma,,,https://www.google.com/maps/place/?q=place_id:ChIJE4YclEZbyEcRC9dVWXSe67I,False,,,
,rest_0032,De Juwelier,1,Dutch Contemporary,Amsterdam,Netherlands,🇳🇱,"Utrechtsestraat 141, 1017 VM Amsterdam",52.3601,4.8982,ChIJBXvoaX8JxkcRuWOWTJHtcKc,https://guide.michelin.com/nl/nl/north-holland/amsterdam/restaurant/de-juwelier,,,https://www.google.com/maps/place/?q=place_id:ChIJBXvoaX8JxkcRuWOWTJHtcKc,False,,,
,rest_0033,De kas,1,Dutch Farm-to-Table,Amsterdam,Netherlands,🇳🇱,"Kamerlingh Onneslaan 3, 1097 DE Amsterdam",52.3644,4.9519,ChIJJ-S23XoJxkcRDsSNU2mgH34,https://guide.michelin.com/nl/nl/north-holland/amsterdam/restaurant/de-kas,,,https://www.google.com/maps/place/?q=place_id:ChIJJ-S23XoJxkcRDsSNU2mgH34,False,,,
,rest_0034,De Kromme Dissel,1,Dutch Contemporary,Heelsum,Netherlands,🇳🇱,"Heuvelakkerweg 5, 6866 DS Heelsum",51.974,5.7563,ChIJJc0tfqGux0cRxaAs0wWpqLM,https://guide.michelin.com/nl/nl/gelderland/heelsum/restaurant/de-kromme-dissel,,,https://www.google.com/maps/place/?q=place_id:ChIJJc0tfqGux0cRxaAs0wWpqLM,False,,,
,rest_0035,De Kromme Watergang,1,Dutch Seafood,Hoofdplaat,Netherlands,🇳🇱,"Havenweg 1, 4515 RK Hoofdplaat",51.3764,3.6888,ChIJW_2yvvWbxEcRtxDobLPsVwk,https://guide.michelin.com/nl/nl/zeeland/hoofdplaat/restaurant/de-kromme-watergang,,,https://www.google.com/maps/place/?q=place_id:ChIJW_2yvvWbxEcRtxDobLPsVwk,False,,,
,rest_0036,De Leuf,1,French Contemporary,Ubachsberg,Netherlands,🇳🇱,"Bosweg 6, 6367 BG Ubachsberg",50.8636,5.9428,ChIJGUiIMRqWwEcRf7bToR1h83I,https://guide.michelin.com/nl/nl/limburg/ubachsberg/restaurant/de-leuf,,,https://www.google.com/maps/place/?q=place_id:ChIJGUiIMRqWwEcRf7bToR1h83I,False,,,
,rest_0037,De Librije,3,Dutch Creative,Zwolle,Netherlands,🇳🇱,"Broerenkerkplein 13, 8011 TW Zwolle",52.5117,6.0931,ChIJZTzQ4y_fx0cR4m292pUWJyM,https://guide.michelin.com/nl/nl/overijssel/zwolle/restaurant/de-librije,https://www.librije.com/en/de-librije/,,https://www.google.com/maps/place/?q=place_id:ChIJZTzQ4y_fx0cR4m292pUWJyM,False,,,
,rest_0038,De Lindenhof,2,French / Dutch,Giethoorn,Netherlands,🇳🇱,"Beulakerweg 77, 8355 AC Giethoorn",52.7318,6.0775,ChIJobsPTzdvyEcRQJH8L9EYsMU,https://guide.michelin.com/nl/nl/overijssel/giethoorn/restaurant/de-lindenhof,,,https://www.google.com/maps/place/?q=place_id:ChIJobsPTzdvyEcRQJH8L9EYsMU,False,,,
,rest_0039,De Nederlanden,1,Dutch Classic,Vreeland,Netherlands,🇳🇱,"Duinkerken 3, 3633 EM Vreeland",52.2278,5.0119,ChIJqxl4WJRyxkcRjLyHEiOAPEg,https://guide.michelin.com/nl/nl/north-holland/vreeland/restaurant/de-nederlanden,,,https://www.google.com/maps/place/?q=place_id:ChIJqxl4WJRyxkcRjLyHEiOAPEg,False,,,
,rest_0040,De Nieuwe Winkel,2,Botanical / Vegan,Nijmegen,Netherlands,🇳🇱,"Groesbeekseweg 119, 6523 PE Nijmegen",51.838,5.8653,ChIJcRC6ZUUIx0cR16USmjNd2jk,https://guide.michelin.com/nl/nl/gelderland/nijmegen/restaurant/de-nieuwe-winkel,,,https://www.google.com/maps/place/?q=place_id:ChIJcRC6ZUUIx0cR16USmjNd2jk,False,,,
,rest_0041,De Treeswijkhoeve,2,Dutch Creative,Waalre,Netherlands,🇳🇱,"Meerveldhoven 13, 5581 LV Waalre",51.3877,5.45,ChIJPb_Pp3fXxkcRJ2Yn6pLTvi4,https://guide.michelin.com/nl/nl/north-brabant/waalre/restaurant/de-treeswijkhoeve,,,https://www.google.com/maps/place/?q=place_id:ChIJPb_Pp3fXxkcRJ2Yn6pLTvi4,False,,,
,rest_0042,Deessa,2,Spanish Contemporary,Madrid,Spain,🇪🇸,"Plaza de la Lealtad 5, 28014 Madrid",40.415659,-3.692566,ChIJScMpJv4pQg0R9suDAQ4Lx-I,https://guide.michelin.com/nl/nl/madrid/madrid/restaurant/deesa,,,https://www.google.com/maps/place/?q=place_id:ChIJScMpJv4pQg0R9suDAQ4Lx-I,True,,,
,rest_0043,Demain,1,French Contemporary,Cadzand,Netherlands,🇳🇱,"Visserijweg 1, 4506 CH Cadzand",51.3704,3.4082,ChIJH_Q_PVShxEcRVfT6lBEb-3c,https://guide.michelin.com/nl/nl/zeeland/cadzand/restaurant/demain,,,https://www.google.com/maps/place/?q=place_id:ChIJH_Q_PVShxEcRVfT6lBEb-3c,False,,,
,rest_0044,DiverXO,3,Spanish Creative,Madrid,Spain,🇪🇸,"Calle de Padre Damián 23, 28036 Madrid",40.4516,-3.683,ChIJfUIagAMpQg0RRYLx9K82nJc,https://guide.michelin.com/nl/nl/madrid/madrid/restaurant/diverxo,,,https://www.google.com/maps/place/?q=place_id:ChIJfUIagAMpQg0RRYLx9K82nJc,False,,4.0,2025.0
,rest_0045,Eleven Madison Park,3,Contemporary American,New York,United States,🇺🇸,"11 Madison Ave, New York, NY 10010",40.7416,-73.9869,ChIJEWbXz6ZZwokRLKmKrtPfVFY,https://guide.michelin.com/nl/nl/new-york-state/new-york/restaurant/eleven-madison-park,https://www.elevenmadisonpark.com/,,https://www.google.com/maps/place/?q=place_id:ChIJEWbXz6ZZwokRLKmKrtPfVFY,False,,,
,rest_0046,FG - François Geurds,2,Contemporary,Rotterdam,Netherlands,🇳🇱,"Katshoek 37b, 3032 AE Rotterdam",51.926391,4.479456,ChIJd9GnZ2ozxEcREbrToNssxKE,https://guide.michelin.com/en/zuid-holland/rotterdam/restaurant/fg-francois-geurds,https://www.fgrestaurant.nl/en/,,https://www.google.com/maps/place/?q=place_id:ChIJd9GnZ2ozxEcREbrToNssxKE,False,,,
,rest_0047,Flore,2,Dutch Organic,Amsterdam,Netherlands,🇳🇱,"Nieuwe Doelenstraat 2-14, 1012 CP Amsterdam",52.3638,4.8906,ChIJByFbDsAJxkcRN01cFVhNlAY,https://guide.michelin.com/nl/nl/north-holland/amsterdam/restaurant/flore,,,https://www.google.com/maps/place/?q=place_id:ChIJByFbDsAJxkcRN01cFVhNlAY,True,,,
,rest_0048,Fred,2,French Contemporary,Rotterdam,Netherlands,🇳🇱,"Honingerdijk 95, 3063 AE Rotterdam",51.929,4.5307,ChIJabXGIiMzxEcRyThdVxlYIhA,https://guide.michelin.com/nl/nl/south-holland/rotterdam/restaurant/fred,,,https://www.google.com/maps/place/?q=place_id:ChIJabXGIiMzxEcRyThdVxlYIhA,False,,,
,rest_0049,GEM. by Soenil Bahadoer,2,Surinamese-Dutch Contemporary,Gemert,Netherlands,🇳🇱,"Kasteellaan 1, 5421 CB Gemert",51.553174,5.681279,ChIJhbIdtPcZx0cRRCrpWnFMB3Q,https://guide.michelin.com/en/noord-brabant/gemert/restaurant/gem-by-soenil-bahadoer,https://restaurantgem.com/,,https://www.google.com/maps/place/?q=place_id:ChIJhbIdtPcZx0cRRCrpWnFMB3Q,False,,,
,rest_0050,Herberg Onder de Linden,1,Dutch Classic,Groningen,Netherlands,🇳🇱,"Schipslootweg 13, 9832 BZ Aduard",53.1753,6.4607,ChIJ6zjm6HfLyUcRmApb5iJmnKM,https://guide.michelin.com/nl/nl/groningen/groningen/restaurant/herberg-onder-de-linden,,,https://www.google.com/maps/place/?q=place_id:ChIJ6zjm6HfLyUcRmApb5iJmnKM,False,,,
,rest_0051,Inter Scaldes,2,French Contemporary,Kruiningen,Netherlands,🇳🇱,"Zandweg 2, 4416 NA Kruiningen",51.4532,4.0258,ChIJjwM2-8dkxEcR1h5jNVeLrpw,https://guide.michelin.com/nl/nl/zeeland/kruiningen/restaurant/inter-scaldes,,,https://www.google.com/maps/place/?q=place_id:ChIJjwM2-8dkxEcR1h5jNVeLrpw,False,,,
,rest_0052,Joelia,1,Mediterranean,Rotterdam,Netherlands,🇳🇱,"Kruiskade 6, 3012 EH Rotterdam",51.921,4.4793,ChIJA7FBnac0xEcRkoOE6zmKFlQ,https://guide.michelin.com/nl/nl/south-holland/rotterdam/restaurant/joelia,,,https://www.google.com/maps/place/?q=place_id:ChIJA7FBnac0xEcRkoOE6zmKFlQ,False,,,
,rest_0053,Jungsik New York,3,Korean Contemporary,New York,United States,🇺🇸,"2 Harrison St, New York, NY 10013",40.7191,-74.0082,ChIJpSTN0R9awokRI29rK_SfbeA,https://guide.michelin.com/nl/nl/new-york-state/new-york/restaurant/jungsik-new-york,https://www.jungsik.com/,,https://www.google.com/maps/place/?q=place_id:ChIJpSTN0R9awokRI29rK_SfbeA,False,,,
,rest_0054,Kaatje bij de Sluis,1,Dutch Classic,Blokzijl,Netherlands,🇳🇱,"Brouwersgracht 20, 8356 DX Blokzijl",52.7245,5.9617,ChIJ_8o7G9VkyEcRPIZzDnzhz8o,https://guide.michelin.com/nl/nl/overijssel/blokzijl/restaurant/kaatje-bij-de-sluis,,,https://www.google.com/maps/place/?q=place_id:ChIJ_8o7G9VkyEcRPIZzDnzhz8o,False,,,
,rest_0055,Karel 5,1,French,Utrecht,Netherlands,🇳🇱,"Geertebolwerk 1, 3511 XA Utrecht",52.0911,5.1177,ChIJn6n3nP1vxkcRBncAg9WLYXs,https://guide.michelin.com/nl/nl/utrecht/utrecht/restaurant/karel-5,,,https://www.google.com/maps/place/?q=place_id:ChIJn6n3nP1vxkcRBncAg9WLYXs,False,,,
,rest_0056,La Provence,1,French,Driebergen,Netherlands,🇳🇱,"Langbroekerdijk A 14, 3947 BE Driebergen-Rijsenburg",52.0168,5.2835,ChIJfcFO5SFdxkcRBCj4gjlAMUg,https://guide.michelin.com/nl/nl/utrecht/driebergen-rijsenburg/restaurant/la-provence,,,https://www.google.com/maps/place/?q=place_id:ChIJfcFO5SFdxkcRBCj4gjlAMUg,False,,,
,rest_0057,Lars Amsterdam,1,French / Asian,Amsterdam,Netherlands,🇳🇱,"Danzigerkade 5, 1013 AP Amsterdam",52.3915,4.8779,ChIJdd2greUJxkcRtaZnDt4JiFQ,https://guide.michelin.com/nl/nl/north-holland/amsterdam/restaurant/lars-amsterdam,,,https://www.google.com/maps/place/?q=place_id:ChIJdd2greUJxkcRtaZnDt4JiFQ,False,,,
,rest_0058,Lasarte,3,Basque Contemporary,Barcelona,Spain,🇪🇸,"Carrer de Mallorca 259, 08008 Barcelona",41.3943,2.1617,ChIJ06Abq5OipBIRAAbiw3cStt8,https://guide.michelin.com/nl/nl/catalonia/barcelona/restaurant/lasarte,https://www.restaurantlasarte.com/en,,https://www.google.com/maps/place/?q=place_id:ChIJ06Abq5OipBIRAAbiw3cStt8,True,,,
,rest_0059,Le Bernardin,3,French Seafood,New York,United States,🇺🇸,"155 W 51st St, New York, NY 10019",40.7614,-73.982,ChIJV7QQ6kdZwokRax4615zpSGU,https://guide.michelin.com/nl/nl/new-york-state/new-york/restaurant/le-bernardin,,,https://www.google.com/maps/place/?q=place_id:ChIJV7QQ6kdZwokRax4615zpSGU,False,,,
,rest_0060,Le Gabriel - La Reserve Paris,3,French Contemporary,Paris,France,🇫🇷,"42 Avenue Gabriel, 75008 Paris",48.8697,2.3149,ChIJA1PHDM9v5kcRsdD0Snjw06k,https://guide.michelin.com/nl/nl/ile-de-france/paris/restaurant/le-gabriel-la-reserve-paris,https://www.lareserve-paris.com/en/restaurants-bars/restaurant-le-gabriel/,,https://www.google.com/maps/place/?q=place_id:ChIJA1PHDM9v5kcRsdD0Snjw06k,False,,,
,rest_0061,L'Erba del Re,1,Italian Contemporary,Modena,Italy,🇮🇹,"Via Castelmaraldo 45, 41121 Modena",44.6459,10.9278,ChIJEZGbfhHvf0cRT88ib_V7dQg,https://guide.michelin.com/nl/nl/emilia-romagna/modena/restaurant/lerba-del-re,,,https://www.google.com/maps/place/?q=place_id:ChIJEZGbfhHvf0cRT88ib_V7dQg,False,,,
,rest_0062,Lizz,1,Dutch Contemporary,Gouda,Netherlands,🇳🇱,"Lange Tiendeweg 34, 2801 KD Gouda",52.0109,4.709,ChIJHX1uBdnVxUcRl5yH5J1bpCs,https://guide.michelin.com/nl/nl/south-holland/gouda/restaurant/lizz,,,https://www.google.com/maps/place/?q=place_id:ChIJHX1uBdnVxUcRl5yH5J1bpCs,False,,,
,rest_0063,Lutum,1,Dutch Contemporary,Wijk bij Duurstede,Netherlands,🇳🇱,"Markt 35, 3961 BL Wijk bij Duurstede",51.9742,5.3392,ChIJ46cig0RZxkcR3AG0WThRSSA,https://guide.michelin.com/nl/nl/utrecht/wijk-bij-duurstede/restaurant/lutum,,,https://www.google.com/maps/place/?q=place_id:ChIJ46cig0RZxkcR3AG0WThRSSA,False,,,
,rest_0064,Maeve,1,Dutch / French Contemporary,Utrecht,Netherlands,🇳🇱,"Springweg 13, 3511 VJ Utrecht",52.0905,5.1162,ChIJaW85wfhvxkcRTvEVaIlFUUc,https://guide.michelin.com/nl/nl/utrecht/utrecht/restaurant/maeve,,,https://www.google.com/maps/place/?q=place_id:ChIJaW85wfhvxkcRTvEVaIlFUUc,False,,,
,rest_0065,Marrees,1,Dutch Contemporary,Weert,Netherlands,🇳🇱,"Maaseikerweg 16, 6006 AB Weert",51.2408,5.6934,ChIJSaIVHC4tx0cRtANh8X1-WSk,https://guide.michelin.com/nl/nl/limburg/weert/restaurant/marrees,,,https://www.google.com/maps/place/?q=place_id:ChIJSaIVHC4tx0cRtANh8X1-WSk,False,,,
,rest_0066,ML,1,Dutch Contemporary,Haarlem,Netherlands,🇳🇱,"Kleine Houtstraat 70, 2011 DS Haarlem",52.3825,4.6373,ChIJ-Y4LwfTvxUcRf5eJ5V_JTrQ,https://guide.michelin.com/nl/nl/north-holland/haarlem/restaurant/ml,,,https://www.google.com/maps/place/?q=place_id:ChIJ-Y4LwfTvxUcRf5eJ5V_JTrQ,False,,,
,rest_0067,Moments,1,Catalan,Barcelona,Spain,🇪🇸,"Passeig de Gràcia 38, 08007 Barcelona",41.3924,2.1655,ChIJ6zCmfe2ipBIRHC8FSUmHIEg,https://guide.michelin.com/nl/nl/catalonia/barcelona/restaurant/moments,,,https://www.google.com/maps/place/?q=place_id:ChIJ6zCmfe2ipBIRHC8FSUmHIEg,True,,,
,rest_0068,Monarh,1,Dutch Contemporary,Tilburg,Netherlands,🇳🇱,"Willem II Straat 19, 5038 BD Tilburg",51.558,5.0891,ChIJdyP2Kj--xkcR05ZXmD9foGA,https://guide.michelin.com/nl/nl/north-brabant/tilburg/restaurant/monarh,,,https://www.google.com/maps/place/?q=place_id:ChIJdyP2Kj--xkcR05ZXmD9foGA,False,,,
,rest_0069,MOS,1,International,Amsterdam,Netherlands,🇳🇱,"Prins Hendrikkade 108, 1011 AK Amsterdam",52.3772,4.9019,ChIJEdXdNboJxkcRX4h4XN5zsFM,https://guide.michelin.com/nl/nl/north-holland/amsterdam/restaurant/mos,,,https://www.google.com/maps/place/?q=place_id:ChIJEdXdNboJxkcRX4h4XN5zsFM,False,,,
,rest_0070,Nami,1,Japanese,Cromvoirt,Netherlands,🇳🇱,"Molenstraat 7, 5113 AL Cromvoirt",51.6667,5.17,ChIJaycGvm7sxkcRgV6--kDOHCk,https://guide.michelin.com/nl/nl/north-brabant/cromvoirt/restaurant/nami,,,https://www.google.com/maps/place/?q=place_id:ChIJaycGvm7sxkcRgV6--kDOHCk,False,,,
,rest_0071,Neolokal,1,Turkish Contemporary,Istanbul,Turkey,🇹🇷,"Bankalar Caddesi 11, 34420 Istanbul",41.022,28.9706,ChIJGbaw0-e5yhQRXCPUhlJLb8w,https://guide.michelin.com/nl/nl/istanbul/istanbul/restaurant/neolokal,,,https://www.google.com/maps/place/?q=place_id:ChIJGbaw0-e5yhQRXCPUhlJLb8w,False,,,
,rest_0072,Noor,1,Dutch Contemporary,Groningen,Netherlands,🇳🇱,"Herestraat 123, 9711 AG Groningen",53.2194,6.5703,ChIJJwm5qE7NyUcRRAQ7t3S4-Yc,https://guide.michelin.com/nl/nl/groningen/groningen/restaurant/noor,,,https://www.google.com/maps/place/?q=place_id:ChIJJwm5qE7NyUcRRAQ7t3S4-Yc,False,,,
,rest_0073,Novaela,1,French Seafood,Delft,Netherlands,🇳🇱,"Bagijnhof 118, 2611 AS Delft",52.014007,4.353549,ChIJaReWNAm1xUcRHeqldFEHxHE,https://guide.michelin.com/us/en/zuid-holland/delft/restaurant/novaela,,,https://www.google.com/maps/place/?q=place_id:ChIJaReWNAm1xUcRHeqldFEHxHE,False,,,
,rest_0074,O&O,1,Dutch Contemporary,Sint Willebrord,Netherlands,🇳🇱,"Molenstraat 35, 4711 BB Sint Willebrord",51.5446,4.5888,ChIJe0UiHeIYxEcRyE6h5JrPYAs,https://guide.michelin.com/nl/nl/north-brabant/sint-willebrord/restaurant/o-o,,,https://www.google.com/maps/place/?q=place_id:ChIJe0UiHeIYxEcRyE6h5JrPYAs,False,,,
,rest_0075,Odille,1,Dutch Contemporary,Sint-Oedenrode,Netherlands,🇳🇱,"Markt 3, 5492 CA Sint-Oedenrode",51.5665,5.4591,ChIJ5X3YDmLhxkcR-gZhHzveXU8,https://guide.michelin.com/nl/nl/north-brabant/sint-oedenrode/restaurant/odille,,,https://www.google.com/maps/place/?q=place_id:ChIJ5X3YDmLhxkcR-gZhHzveXU8,False,,,
,rest_0076,One,1,Dutch / International,Roermond,Netherlands,🇳🇱,"Minderbroederssingel 4, 6041 KM Roermond",51.1942,5.9874,ChIJx0iVE6lMx0cRX-T4A64A1PM,https://guide.michelin.com/nl/nl/limburg/roermond/restaurant/one,,,https://www.google.com/maps/place/?q=place_id:ChIJx0iVE6lMx0cRX-T4A64A1PM,False,,,
,rest_0077,Osteria del Viandante,1,Italian,Rubiera,Italy,🇮🇹,"Via Emilia Ovest 1584, 42048 Rubiera",44.6524,10.7792,ChIJN_v-Grrwf0cROkFXZtrmkNo,https://guide.michelin.com/nl/nl/emilia-romagna/rubiera/restaurant/osteria-del-viandante,,,https://www.google.com/maps/place/?q=place_id:ChIJN_v-Grrwf0cROkFXZtrmkNo,False,,,
,rest_0078,Osteria Francescana,3,Italian Contemporary,Modena,Italy,🇮🇹,"Via Stella 22, 41121 Modena",44.6447,10.9256,ChIJf_Es1BLvf0cRXen4-JhzYBk,https://guide.michelin.com/nl/nl/emilia-romagna/modena/restaurant/osteria-francescana,https://osteria-francescana.net/,,https://www.google.com/maps/place/?q=place_id:ChIJf_Es1BLvf0cRXen4-JhzYBk,False,,,
,rest_0079,Parkheuvel,2,French Contemporary,Rotterdam,Netherlands,🇳🇱,"Heuvellaan 21, 3016 GL Rotterdam",51.9069,4.4685,ChIJSxHdIIM0xEcRvcnb5I6LJJc,https://guide.michelin.com/nl/nl/south-holland/rotterdam/restaurant/parkheuvel,,,https://www.google.com/maps/place/?q=place_id:ChIJSxHdIIM0xEcRvcnb5I6LJJc,False,,,
,rest_0080,Per Se,3,French Contemporary,New York,United States,🇺🇸,"10 Columbus Circle, New York, NY 10019",40.7683,-73.9836,ChIJp3PsL_ZYwokRZYqs_40RJF4,https://guide.michelin.com/nl/nl/new-york-state/new-york/restaurant/per-se,https://thomaskeller.com/new-york-new-york/per-se/restaurant/,,https://www.google.com/maps/place/?q=place_id:ChIJp3PsL_ZYwokRZYqs_40RJF4,False,,,
,rest_0081,Perceel,1,Dutch Contemporary,Capelle aan de Ijssel,Netherlands,🇳🇱,"Algerastraat 22, 2909 LB Capelle aan den IJssel",51.9295,4.5714,ChIJffXjgFctxEcRvyBXaVsEJdk,https://guide.michelin.com/nl/nl/south-holland/capelle-aan-den-ijssel/restaurant/perceel,,,https://www.google.com/maps/place/?q=place_id:ChIJffXjgFctxEcRvyBXaVsEJdk,False,,,
,rest_0082,Pieters Restaurant,1,Dutch Contemporary,Bergambacht,Netherlands,🇳🇱,"Klundertseweg 16, 2972 AK Bergambacht",51.9276,4.7812,ChIJsakJX1DVxUcRe3zn1N-fyz0,https://guide.michelin.com/nl/nl/south-holland/bergambacht/restaurant/pieters-restaurant,,,https://www.google.com/maps/place/?q=place_id:ChIJsakJX1DVxUcRe3zn1N-fyz0,False,,,
,rest_0083,Ratatouille Food & Wine,1,French,Haarlem,Netherlands,🇳🇱,"Lange Veerstraat 19, 2011 DD Haarlem",52.3826,4.6368,ChIJ-3Pl2WvvxUcR8vACacFGNYw,https://guide.michelin.com/nl/nl/north-holland/haarlem/restaurant/ratatouille-food-wine,,,https://www.google.com/maps/place/?q=place_id:ChIJ-3Pl2WvvxUcR8vACacFGNYw,False,,,
,rest_0084,Restaurant 1857,1,French / Asian,Roosendaal,Netherlands,🇳🇱,"Kade 7, 4701 PC Roosendaal",51.5328,4.4608,ChIJo6jZfqMXxEcRXqZNQC4bjuE,https://guide.michelin.com/nl/nl/north-brabant/roosendaal/restaurant/restaurant-1857,,,https://www.google.com/maps/place/?q=place_id:ChIJo6jZfqMXxEcRXqZNQC4bjuE,False,,,
,rest_0085,Restaurant 212,2,French Contemporary,Amsterdam,Netherlands,🇳🇱,"Amsteldijk 212, 1079 LK Amsterdam",52.3402,4.906,ChIJk_uX-pUJxkcRLufCYmS40lk,https://guide.michelin.com/nl/nl/north-holland/amsterdam/restaurant/restaurant-212,,,https://www.google.com/maps/place/?q=place_id:ChIJk_uX-pUJxkcRLufCYmS40lk,False,,,
,rest_0086,Restaurant Affect,1,Dutch Contemporary,Zwolle,Netherlands,🇳🇱,"Luttenbergstraat 4, 8012 EE Zwolle",52.5098,6.0967,ChIJzf91X6Xfx0cRot_ep8QMTBg,https://guide.michelin.com/nl/nl/overijssel/zwolle/restaurant/restaurant-affect,,,https://www.google.com/maps/place/?q=place_id:ChIJzf91X6Xfx0cRot_ep8QMTBg,False,,,
,rest_0087,Restaurant Atelier,1,Dutch Contemporary,Gulpen,Netherlands,🇳🇱,"Dorpsstraat 45, 6271 BN Gulpen",50.8146,5.886,ChIJ2dXM8k6UwEcRhO4qxjeHuRc,https://guide.michelin.com/nl/nl/limburg/gulpen/restaurant/restaurant-atelier,,,https://www.google.com/maps/place/?q=place_id:ChIJ2dXM8k6UwEcRhO4qxjeHuRc,False,,,
,rest_0088,Restaurant Calva,1,Dutch Contemporary,Nootdorp,Netherlands,🇳🇱,"Laan 1940-1945 43, 2636 SG Nootdorp",52.031,4.3724,ChIJFXqYzuHJxUcRPt28TRsLXZk,https://guide.michelin.com/nl/nl/south-holland/nootdorp/restaurant/restaurant-calva,,,https://www.google.com/maps/place/?q=place_id:ChIJFXqYzuHJxUcRPt28TRsLXZk,False,,,
,rest_0089,Restaurant de Burgemeester,1,Dutch Contemporary,Linschoten,Netherlands,🇳🇱,"Dorpsstraat 102, 3461 BL Linschoten",52.0212,4.8918,ChIJ7-B6XIl5xkcR48RyBtcHGGQ,https://guide.michelin.com/nl/nl/south-holland/linschoten/restaurant/restaurant-de-burgemeester,,,https://www.google.com/maps/place/?q=place_id:ChIJ7-B6XIl5xkcR48RyBtcHGGQ,False,,,
,rest_0090,Restaurant kasteel Heemstede,1,French / Dutch,Houten,Netherlands,🇳🇱,"Heemsteedse Dreef 20, 3992 LD Houten",52.0036,5.1569,ChIJFb0MbCpkxkcRYJkc4nesVXs,https://guide.michelin.com/nl/nl/utrecht/houten/restaurant/restaurant-kasteel-heemstede,,,https://www.google.com/maps/place/?q=place_id:ChIJFb0MbCpkxkcRYJkc4nesVXs,False,,,
,rest_0091,Restaurant Showw,1,French Classic,Amsterdam,Netherlands,🇳🇱,"Gelrestraat 28, 1078 GR Amsterdam",52.3418,4.873,ChIJFepjd7oLxkcRf--jYYUy8ao,https://guide.michelin.com/nl/nl/north-holland/amsterdam/restaurant/restaurant-showw,,,https://www.google.com/maps/place/?q=place_id:ChIJFepjd7oLxkcRf--jYYUy8ao,False,,,
,rest_0092,Restaurant Wolfslaar,1,Dutch Contemporary,Breda,Netherlands,🇳🇱,"Wolfslaar 20, 4834 CA Breda",51.5765,4.7734,ChIJR1ap776hxkcRf8wJWsHSejE,https://guide.michelin.com/nl/nl/north-brabant/breda/restaurant/restaurant-wolfslaar,,,https://www.google.com/maps/place/?q=place_id:ChIJR1ap776hxkcRf8wJWsHSejE,False,,,
,rest_0093,Rijks,1,Dutch Contemporary,Amsterdam,Netherlands,🇳🇱,"Museumstraat 2, 1071 XX Amsterdam",52.3601,4.8852,ChIJQdf58O4JxkcReTjTVHWqYFk,https://guide.michelin.com/nl/nl/north-holland/amsterdam/restaurant/rijks,,,https://www.google.com/maps/place/?q=place_id:ChIJQdf58O4JxkcReTjTVHWqYFk,False,,,
,rest_0094,Rijnzicht,1,Dutch Classic,Doornenburg,Netherlands,🇳🇱,"Pannerdenseweg 5, 6914 CA Doornenburg",51.8871,6.0165,ChIJSUHKNUCgx0cRJ-9nYFTfYMk,https://guide.michelin.com/nl/nl/gelderland/doornenburg/restaurant/rijnzicht,,,https://www.google.com/maps/place/?q=place_id:ChIJSUHKNUCgx0cRJ-9nYFTfYMk,False,,,
,rest_0095,Ron Gastrobar,1,Creative / Gastrobar,Amsterdam,Netherlands,🇳🇱,"Sophialaan 55, 1075 BP Amsterdam",52.3534,4.8755,ChIJ477hiQPixUcReMGcBUPbVLk,https://guide.michelin.com/nl/nl/north-holland/amsterdam/restaurant/ron-gastrobar,,,https://www.google.com/maps/place/?q=place_id:ChIJ477hiQPixUcReMGcBUPbVLk,False,,,
,rest_0096,Sabero,1,Dutch Contemporary,Leende,Netherlands,🇳🇱,"Leenderweg 37, 5595 AE Leende",51.3547,5.5438,ChIJ_SmR5UpLx0cRR14iYl2AUqI,https://guide.michelin.com/nl/nl/north-brabant/leende/restaurant/sabero,,,https://www.google.com/maps/place/?q=place_id:ChIJ_SmR5UpLx0cRR14iYl2AUqI,False,,,
,rest_0097,Sankai by Nagaya,1,Japanese,Istanbul,Turkey,🇹🇷,"Yıldız Posta Cad. 27, 34394 Istanbul",41.0774,28.9944,ChIJ98PmuB22yhQR8xRpsJwTWYI,https://guide.michelin.com/nl/nl/istanbul/istanbul/restaurant/sankai-by-nagaya,,,https://www.google.com/maps/place/?q=place_id:ChIJ98PmuB22yhQR8xRpsJwTWYI,False,,,
,rest_0098,Sense,1,French Contemporary,Vught,Netherlands,🇳🇱,"Taalstraat 100, 5261 BH Vught",51.6517,5.3026,ChIJe2v56_buxkcRPb3WIFa1vyw,https://guide.michelin.com/nl/nl/north-brabant/vught/restaurant/sense,,,https://www.google.com/maps/place/?q=place_id:ChIJe2v56_buxkcRPb3WIFa1vyw,False,,,
,rest_0099,Sinne,1,French / Mediterranean,Amsterdam,Netherlands,🇳🇱,"Ceintuurbaan 342, 1073 EN Amsterdam",52.3531,4.8916,ChIJzwzS5owJxkcRDZfCjur-OPU,https://guide.michelin.com/nl/nl/north-holland/amsterdam/restaurant/sinne,,,https://www.google.com/maps/place/?q=place_id:ChIJzwzS5owJxkcRDZfCjur-OPU,False,,,
,rest_0100,Spetters,1,Seafood,Breskens,Netherlands,🇳🇱,"Nolledijk 1, 4511 TR Breskens",51.3961,3.5587,ChIJdTGmsmqZxEcRjDcKqxNYqFQ,https://guide.michelin.com/nl/nl/zeeland/breskens/restaurant/spetters,,,https://www.google.com/maps/place/?q=place_id:ChIJdTGmsmqZxEcRjDcKqxNYqFQ,False,,,
,rest_0101,Studio,1,Dutch Contemporary,Maastricht,Netherlands,🇳🇱,"Kesselskade 66, 6211 HM Maastricht",50.85,5.6947,ChIJoXuiqLzpwEcR4Mf1UIP4448,https://guide.michelin.com/nl/nl/limburg/maastricht/restaurant/studio,,,https://www.google.com/maps/place/?q=place_id:ChIJoXuiqLzpwEcR4Mf1UIP4448,False,,,
,rest_0102,Sushi Sho,3,Japanese / Sushi,New York,United States,🇺🇸,"253 W 51st St, New York, NY 10019",40.7624,-73.9843,ChIJT_JHTgFZwokRXleXHadsVaE,https://guide.michelin.com/nl/nl/new-york-state/new-york/restaurant/sushi-sho,,,https://www.google.com/maps/place/?q=place_id:ChIJT_JHTgFZwokRXleXHadsVaE,False,,,
,rest_0103,t Amsterdammertje,1,Dutch Classic,Loenen aan de Vecht,Netherlands,🇳🇱,"Nieuwstraat 1, 3632 BX Loenen aan de Vecht",52.2155,5.0189,ChIJc8feAl9yxkcRvHwtWQdAju8,https://guide.michelin.com/nl/nl/north-holland/loenen-aan-de-vecht/restaurant/t-amsterdammertje,,,https://www.google.com/maps/place/?q=place_id:ChIJc8feAl9yxkcRvHwtWQdAju8,False,,,
,rest_0104,t Ganzenest,1,Dutch Classic,Rijswijk,Netherlands,🇳🇱,"Haagweg 2, 2281 AT Rijswijk",52.038,4.331,ChIJ-8JsCUC3xUcRV5zNIlLNkRc,https://guide.michelin.com/nl/nl/south-holland/rijswijk/restaurant/t-ganzenest,,,https://www.google.com/maps/place/?q=place_id:ChIJ-8JsCUC3xUcRV5zNIlLNkRc,False,,,
,rest_0105,t Raedthuys,1,Dutch Contemporary,Duiven,Netherlands,🇳🇱,"Marktstraat 2, 6921 BG Duiven",51.9509,6.0242,ChIJmQ2Zt4ehx0cRteMDdLFlA0g,https://guide.michelin.com/nl/nl/gelderland/duiven/restaurant/t-raedthuys,,,https://www.google.com/maps/place/?q=place_id:ChIJmQ2Zt4ehx0cRteMDdLFlA0g,False,,,
,rest_0106,Tante Koosje,1,Dutch Contemporary,Loenen aan de Vecht,Netherlands,🇳🇱,"Dorpsstraat 8, 3632 BT Loenen aan de Vecht",52.2155,5.0189,ChIJF2bPS15yxkcRUuL8NHUgFaI,https://guide.michelin.com/nl/nl/north-holland/loenen-aan-de-vecht/restaurant/tante-koosje,,,https://www.google.com/maps/place/?q=place_id:ChIJF2bPS15yxkcRUuL8NHUgFaI,False,,,
,rest_0107,The Millen,1,International,Rotterdam,Netherlands,🇳🇱,"Meent 72-78, 3011 JN Rotterdam",51.9227,4.4834,ChIJz5pdBBk1xEcRWiG_v3hSEUY,https://guide.michelin.com/nl/nl/south-holland/rotterdam/restaurant/the-millen,,,https://www.google.com/maps/place/?q=place_id:ChIJz5pdBBk1xEcRWiG_v3hSEUY,False,,,
,rest_0108,The White Room by Jacob Jan Boerma,1,Dutch Creative,Amsterdam,Netherlands,🇳🇱,"Herengracht 542, 1017 CG Amsterdam",52.3636,4.8952,ChIJsfwjUMcJxkcRcRi3dxYbCKo,https://guide.michelin.com/nl/nl/north-holland/amsterdam/restaurant/the-white-room-by-jacob-jan-boerma,,,https://www.google.com/maps/place/?q=place_id:ChIJsfwjUMcJxkcRcRi3dxYbCKo,False,,,
,rest_0109,Tout a Fait,1,French,Maastricht,Netherlands,🇳🇱,"St. Servaasklooster 13, 6211 TE Maastricht",50.8477,5.6921,ChIJV4xf8rvpwEcRWYiBpw-Ed48,https://guide.michelin.com/nl/nl/limburg/maastricht/restaurant/tout-a-fait,,,https://www.google.com/maps/place/?q=place_id:ChIJV4xf8rvpwEcRWYiBpw-Ed48,False,,,
,rest_0110,Tribeca,2,Italian Contemporary,Heeze,Netherlands,🇳🇱,"Kapelstraat 49, 5591 HE Heeze",51.3776,5.5747,ChIJjc-M8oAox0cR0A7PvbW0A6s,https://guide.michelin.com/nl/nl/north-brabant/heeze/restaurant/tribeca,,,https://www.google.com/maps/place/?q=place_id:ChIJjc-M8oAox0cR0A7PvbW0A6s,False,,,
,rest_0111,Triptyque,1,French Contemporary,Wateringen,Netherlands,🇳🇱,"Poeldijkseweg 4, 2291 PC Wateringen",52.0175,4.288,ChIJh_-DKpCzxUcRXw56QOAuXGM,https://guide.michelin.com/nl/nl/south-holland/wateringen/restaurant/triptyque,,,https://www.google.com/maps/place/?q=place_id:ChIJh_-DKpCzxUcRXw56QOAuXGM,False,,,
,rest_0112,Turk Fatih Tutak,2,Turkish Contemporary,Istanbul,Turkey,🇹🇷,"Meclis-i Mebusan Cd., 34427 Istanbul",41.0314,28.9921,ChIJhazqsPa3yhQRWNzo3ScR25k,https://guide.michelin.com/nl/nl/istanbul/istanbul/restaurant/turk-fatih-tutak,,,https://www.google.com/maps/place/?q=place_id:ChIJhazqsPa3yhQRWNzo3ScR25k,False,,,
,rest_0113,Versaen,1,Dutch Contemporary,Ravenstein,Netherlands,🇳🇱,"Maasdijk 33, 5371 EE Ravenstein",51.7865,5.6496,ChIJMWkkPikCx0cREbD6a7QxOuY,https://guide.michelin.com/nl/nl/north-brabant/ravenstein/restaurant/versaen,,,https://www.google.com/maps/place/?q=place_id:ChIJMWkkPikCx0cREbD6a7QxOuY,False,,,
,rest_0114,Vinkeles,2,French,Amsterdam,Netherlands,🇳🇱,"Keizersgracht 384, 1016 GA Amsterdam",52.3663,4.8851,ChIJg8bf-sIJxkcR9mc7li6y48E,https://guide.michelin.com/nl/nl/north-holland/amsterdam/restaurant/vinkeles,,,https://www.google.com/maps/place/?q=place_id:ChIJg8bf-sIJxkcR9mc7li6y48E,True,,,
,rest_0115,Vista,1,Dutch Contemporary,Willemstad,Netherlands,🇳🇱,"Benedenkade 14, 4761 BA Willemstad",51.6909,4.4325,ChIJA-FL6eI7xEcR9UER4H3wHfU,https://guide.michelin.com/nl/nl/north-brabant/willemstad/restaurant/vista,,,https://www.google.com/maps/place/?q=place_id:ChIJA-FL6eI7xEcR9UER4H3wHfU,False,,,
,rest_0116,Voltaire,1,French / Dutch,Leersum,Netherlands,🇳🇱,"Amerongerweg 1, 3951 AN Leersum",52.0083,5.4175,ChIJBSFeToVbxkcRAuRa6al2zHI,https://guide.michelin.com/nl/nl/utrecht/leersum/restaurant/voltaire,,,https://www.google.com/maps/place/?q=place_id:ChIJBSFeToVbxkcRAuRa6al2zHI,False,,,
,rest_0117,Wiesen,1,Dutch Contemporary,Eindhoven,Netherlands,🇳🇱,"Kardinaal van Rossumstraat 12, 5643 GM Eindhoven",51.4408,5.4748,ChIJx95V8gTZxkcR9NavRDXeM1o,https://guide.michelin.com/nl/nl/north-brabant/eindhoven/restaurant/wiesen,,,https://www.google.com/maps/place/?q=place_id:ChIJx95V8gTZxkcR9NavRDXeM1o,False,,,
,rest_0118,Wils,1,Wood-fired / Contemporary,Amsterdam,Netherlands,🇳🇱,"Stadionplein 26, 1076 CM Amsterdam",52.3408,4.8608,ChIJVWJPJUHhxUcR4eHuJtj8zMc,https://guide.michelin.com/nl/nl/north-holland/amsterdam/restaurant/wils,,,https://www.google.com/maps/place/?q=place_id:ChIJVWJPJUHhxUcR4eHuJtj8zMc,False,,,
,rest_0119,Yamazato,1,Japanese,Amsterdam,Netherlands,🇳🇱,"Ferdinand Bolstraat 333, 1072 LH Amsterdam",52.349,4.8956,ChIJMzqLEIsJxkcRTBXw6KN7hYM,https://guide.michelin.com/nl/nl/north-holland/amsterdam/restaurant/yamazato,,,https://www.google.com/maps/place/?q=place_id:ChIJMzqLEIsJxkcRTBXw6KN7hYM,False,,,
,rest_0120,Zarzo,1,Spanish / Dutch,Eindhoven,Netherlands,🇳🇱,"Woenselse Markt 15, 5612 CS Eindhoven",51.4601,5.4697,ChIJZdE37P3YxkcR7Aj4GavWs-8,https://guide.michelin.com/nl/nl/north-brabant/eindhoven/restaurant/zarzo,,,https://www.google.com/maps/place/?q=place_id:ChIJZdE37P3YxkcR7Aj4GavWs-8,False,,,
,rest_0121,Zeezout,1,Seafood,Rotterdam,Netherlands,🇳🇱,"Westerkade 11b, 3016 CL Rotterdam",51.9105,4.4782,ChIJUzJk6GIzxEcR6E99pKVTKfI,https://guide.michelin.com/nl/nl/south-holland/rotterdam/restaurant/zeezout,,,https://www.google.com/maps/place/?q=place_id:ChIJUzJk6GIzxEcR6E99pKVTKfI,False,,,
,rest_0122,Zoldering,1,French,Amsterdam,Netherlands,🇳🇱,"Geldersekade 29, 1011 EJ Amsterdam",52.3741,4.9012,ChIJ-7KWKfIJxkcRjSc9EMSbNOQ,https://guide.michelin.com/nl/nl/north-holland/amsterdam/restaurant/zoldering,,,https://www.google.com/maps/place/?q=place_id:ChIJ-7KWKfIJxkcRjSc9EMSbNOQ,False,,,
,rest_0123,Zout & Citroen,1,Mediterranean,Oosterhout,Netherlands,🇳🇱,"Heuvelstraat 25, 4901 LG Oosterhout",51.6427,4.86,ChIJp6k8FzqZxkcRastZll1KEq0,https://guide.michelin.com/nl/nl/north-brabant/oosterhout/restaurant/zout-citroen,,,https://www.google.com/maps/place/?q=place_id:ChIJp6k8FzqZxkcRastZll1KEq0,False,,,
,rest_0124,Les Amis,3,French,Singapore,Singapore,🇸🇬,"1 Scotts Rd, #01-16 Shaw Centre, Singapore 228208",1.3066019,103.8314361,ChIJR5yDbY0Z2jER6GcsxL56OLk,https://guide.michelin.com/nl/nl/singapore-region/singapore/restaurant/les-amis,https://www.lesamis.com.sg/,,https://www.google.com/maps/place/?q=place_id:ChIJR5yDbY0Z2jER6GcsxL56OLk,False,,,
,rest_0125,Odette,3,French Contemporary,Singapore,Singapore,🇸🇬,"1 St Andrew's Rd, #01-04 National Gallery, Singapore 178957",1.2897067,103.8514433,ChIJbUjtT6cZ2jERJOB8kHFKljI,https://guide.michelin.com/nl/nl/singapore-region/singapore/restaurant/odette,https://odetterestaurant.com/,,https://www.google.com/maps/place/?q=place_id:ChIJbUjtT6cZ2jERJOB8kHFKljI,False,,25.0,2025.0
,rest_0126,Zen,3,Scandinavian-Japanese,Singapore,Singapore,🇸🇬,"41 Bukit Pasoh Rd, Singapore 089855",1.2794272,103.8403404,ChIJpxlhJpkZ2jER7gzIjfgz8co,https://guide.michelin.com/nl/nl/singapore-region/singapore/restaurant/zen,https://www.restaurantzen.com/,,https://www.google.com/maps/place/?q=place_id:ChIJpxlhJpkZ2jER7gzIjfgz8co,False,,,
,rest_0127,FZN by Bjorn Frantzen,3,Nordic-French,Dubai,United Arab Emirates,🇦🇪,"Atlantis The Royal, Crescent Rd, The Palm Jumeirah, Dubai",25.132137,55.1178279,ChIJVwLdZgAVXz4RVgWqF6R2cdM,https://guide.michelin.com/nl/nl/dubai/dubai/restaurant/fzn-by-bjorn-frantzen,https://www.restaurantfzn.com/,,https://www.google.com/maps/place/?q=place_id:ChIJVwLdZgAVXz4RVgWqF6R2cdM,False,,,
,rest_0128,Tresind Studio,3,Indian Contemporary,Dubai,United Arab Emirates,🇦🇪,"St. Regis Gardens, The Palm Jumeirah, Dubai",25.1142373,55.1396585,ChIJcfzwzo0TXz4RyQpaHkMBWsE,https://guide.michelin.com/nl/nl/dubai/dubai/restaurant/tresind-studio,https://tresindstudio.com/,,https://www.google.com/maps/place/?q=place_id:ChIJcfzwzo0TXz4RyQpaHkMBWsE,False,,27.0,2025.0
,rest_0129,Talea by Antonio Guida,1,Italian,Abu Dhabi,United Arab Emirates,🇦🇪,"Emirates Palace Mandarin Oriental, Al Ras Al Akhdar, Abu Dhabi",24.462512,54.3162115,ChIJZVxxffBlXj4ReQtX5rVcaaA,https://guide.michelin.com/nl/nl/abu-dhabi/abu-dhabi/restaurant/talea-by-antonio-guida,,,https://www.google.com/maps/place/?q=place_id:ChIJZVxxffBlXj4ReQtX5rVcaaA,False,,,
,rest_0130,Hakkasan,1,Cantonese,Abu Dhabi,United Arab Emirates,🇦🇪,"Emirates Palace Mandarin Oriental, W Corniche Rd, Abu Dhabi",24.462711,54.3186278,ChIJp_C3jZZlXj4RCcd7ZdVIgig,https://guide.michelin.com/nl/nl/abu-dhabi/abu-dhabi/restaurant/hakkasan,,,https://www.google.com/maps/place/?q=place_id:ChIJp_C3jZZlXj4RCcd7ZdVIgig,False,,,
,rest_0131,Erth,1,Emirati,Abu Dhabi,United Arab Emirates,🇦🇪,"Qasr Al Hosn, Hamdan Bin Mohammed St, Abu Dhabi",24.4835552,54.3565892,ChIJM3VaORNnXj4Ryr6wlrjXhc8,https://guide.michelin.com/nl/nl/abu-dhabi/abu-dhabi/restaurant/erth,,,https://www.google.com/maps/place/?q=place_id:ChIJM3VaORNnXj4Ryr6wlrjXhc8,False,,,
,rest_0132,Quintonil,2,Mexican Contemporary,Mexico City,Mexico,🇲🇽,"Av. Isaac Newton 55, Polanco, 11560 Ciudad de Mexico",19.4308408,-99.1917115,ChIJbS8EZf8B0oURwwD8B0MpqK0,https://guide.michelin.com/nl/nl/ciudad-de-mexico/miguel-hidalgo/restaurant/quintonil,,,https://www.google.com/maps/place/?q=place_id:ChIJbS8EZf8B0oURwwD8B0MpqK0,False,,3.0,2025.0
,rest_0133,Pujol,2,Mexican Contemporary,Mexico City,Mexico,🇲🇽,"Tennyson 133, Polanco, 11570 Ciudad de Mexico",19.4323763,-99.1948132,ChIJWZ2zdav40YURFvsU_rU3uaE,https://guide.michelin.com/nl/nl/ciudad-de-mexico/miguel-hidalgo/restaurant/pujol,,,https://www.google.com/maps/place/?q=place_id:ChIJWZ2zdav40YURFvsU_rU3uaE,False,,,
,rest_0134,Maido,0,Nikkei (Japanese-Peruvian),Lima,Peru,🇵🇪,"Calle San Martin 399, Miraflores, Lima",-12.1223,-77.0338,ChIJObzkJx_IBZERAQaFKNwiTws,,,,https://www.google.com/maps/place/?q=place_id:ChIJObzkJx_IBZERAQaFKNwiTws,False,,1.0,2025.0
,rest_0135,Kjolle,0,Peruvian Contemporary,Lima,Peru,🇵🇪,"Av. Pedro de Osma 301, Barranco, Lima",-12.145,-77.0211,ChIJr1L1USC3BZEREp0Z1sp3AeU,,,,https://www.google.com/maps/place/?q=place_id:ChIJr1L1USC3BZEREp0Z1sp3AeU,False,,9.0,2025.0
,rest_0136,Don Julio,1,Argentine Grill,Buenos Aires,Argentina,🇦🇷,"Guatemala 4699, Palermo, Buenos Aires",-34.5958,-58.4352,ChIJoYl36oa1vJURWWhqD9z3UV8,,,,https://www.google.com/maps/place/?q=place_id:ChIJoYl36oa1vJURWWhqD9z3UV8,False,,10.0,2025.0
,rest_0137,The Chairman,1,Cantonese,Hong Kong,Hong Kong,🇭🇰,"18 Kau U Fong, Central, Hong Kong",22.2827,114.1527,ChIJhcOtY3wABDQR39uGw41EIYM,,,,https://www.google.com/maps/place/?q=place_id:ChIJhcOtY3wABDQR39uGw41EIYM,False,,19.0,2025.0
,rest_0138,Boragó,0,Chilean Contemporary,Santiago,Chile,🇨🇱,"Av. Nueva Costanera 3467, Vitacura, Santiago",-33.4085,-70.5899,ChIJxSErG0jPYpYRoyEeWBQK0Dk,,,,https://www.google.com/maps/place/?q=place_id:ChIJxSErG0jPYpYRoyEeWBQK0Dk,False,,23.0,2025.0
,rest_0139,Mérito,0,Peruvian-Venezuelan,Lima,Peru,🇵🇪,"Calle 28 de Julio 206, Miraflores, Lima",-12.1194,-77.0303,ChIJJW2CECq3BZER0acewjEiZZ8,,,,https://www.google.com/maps/place/?q=place_id:ChIJJW2CECq3BZER0acewjEiZZ8,False,,26.0,2025.0
,rest_0140,Lasai,2,Brazilian Contemporary,Rio de Janeiro,Brazil,🇧🇷,"Rua Conde de Irajá 191, Botafogo, Rio de Janeiro",-22.9597,-43.1864,ChIJhWl8Qd5_mQAR-xc4FQjSFaQ,,,,https://www.google.com/maps/place/?q=place_id:ChIJhWl8Qd5_mQAR-xc4FQjSFaQ,False,,28.0,2025.0
,rest_0141,Mayta,0,Peruvian Contemporary,Lima,Peru,🇵🇪,"Calle Elias Aguirre 180, Miraflores, Lima",-12.1116,-77.0324,ChIJqz8RPjbIBZERTyuxNQ8LNHs,,,,https://www.google.com/maps/place/?q=place_id:ChIJqz8RPjbIBZERTyuxNQ8LNHs,False,,39.0,2025.0
,rest_0142,Vyn,2,Nordic Contemporary,Skillinge,Sweden,🇸🇪,"Fiskaregatan 2, 276 35 Skillinge, Sweden",55.4833,14.2833,ChIJLbEtuLtvVEYRhbjWJlyxJlI,,,,https://www.google.com/maps/place/?q=place_id:ChIJLbEtuLtvVEYRhbjWJlyxJlI,False,,47.0,2025.0
,rest_0143,Celele,0,Colombian Caribbean,Cartagena,Colombia,🇨🇴,"Calle del Estanco del Tabaco 35-80, Cartagena",10.4234,-75.5508,ChIJBVeqVVgv9o4RhYsb8WvR9EI,,,,https://www.google.com/maps/place/?q=place_id:ChIJBVeqVVgv9o4RhYsb8WvR9EI,False,,48.0,2025.0
,rest_0144,Spectrum,2,Modern French,Amsterdam,Netherlands,🇳🇱,"Herengracht 542-556, 1017 CG Amsterdam",52.364591,4.89658,ChIJRy2BEJUJxkcRWmryvJyDOmk,https://guide.michelin.com/gb/en/noord-holland/amsterdam/restaurant/spectrum437663,https://www.restaurantspectrum.com/,,https://www.google.com/maps/place/?q=place_id:ChIJRy2BEJUJxkcRWmryvJyDOmk,False,,,
,rest_0146,'t Nonnetje,2,Contemporary,Harderwijk,Netherlands,🇳🇱,"Vischmarkt 38, 3841 BG Harderwijk",52.35095,5.62017,ChIJLZow-NMzxkcR_awPVM0zib0,https://guide.michelin.com/us/en/gelderland/harderwijk/restaurant/t-nonnetje,https://www.hetnonnetje.nl/,,https://www.google.com/maps/place/?q=place_id:ChIJLZow-NMzxkcR_awPVM0zib0,False,,,
,rest_0149,De Groene Lantaarn,2,Contemporary,Staphorst,Netherlands,🇳🇱,"Gemeenteweg 364, 7951 PG Staphorst",52.659073,6.244623,ChIJkSwlseMPyEcRWNKYgkjrYzg,https://guide.michelin.com/en/overijssel/staphorst/restaurant/de-groene-lantaarn,https://degroenelantaarn.com/en/home-en/,,https://www.google.com/maps/place/?q=place_id:ChIJkSwlseMPyEcRWNKYgkjrYzg,False,,,
,rest_0150,Olde Marckt,1,Contemporary,Aalten,Netherlands,🇳🇱,"Markt 10, 7121 CS Aalten",51.927491,6.581685,ChIJNaxI0U15uEcRlA4r3F247Bk,https://guide.michelin.com/us/en/gelderland/aalten_2215824/restaurant/olde-marckt,https://www.oldemarckt.nl/,,https://www.google.com/maps/place/?q=place_id:ChIJNaxI0U15uEcRlA4r3F247Bk,False,,,
,rest_0152,Zenith,1,Modern French-Indonesian,Apeldoorn,Netherlands,🇳🇱,"Koninginnelaan 37, 7315 BL Apeldoorn",52.223132,5.95583,ChIJdfEnoy3Hx0cRKZTv0TMIlSk,https://guide.michelin.com/us/en/gelderland/apeldoorn/restaurant/zenith,,,https://www.google.com/maps/place/?q=place_id:ChIJdfEnoy3Hx0cRKZTv0TMIlSk,False,,,
,rest_0153,Joann,1,"Creative, Modern Cuisine",Enschede,Netherlands,🇳🇱,"Nijverheidstraat 2, 7511 JM Enschede",52.220182,6.890931,ChIJ9zIh7cUVuEcRDt8jxKhq7mw,https://guide.michelin.com/en/overijssel/enschede/restaurant/joann,,,https://www.google.com/maps/place/?q=place_id:ChIJ9zIh7cUVuEcRDt8jxKhq7mw,False,,,
,rest_0154,Zilte,3,Contemporary,Antwerp,Belgium,🇧🇪,"Hanzestedenplaats 5, 2000 Antwerpen",51.228978,4.404718,ChIJBXfAoKQ1wUcR6RTA6Ko7laI,https://guide.michelin.com/us/en/antwerpen/be-antwerpen/restaurant/t-zilte,https://www.zilte.be/en/,,https://www.google.com/maps/place/?q=place_id:ChIJBXfAoKQ1wUcR6RTA6Ko7laI,False,,,
,rest_0155,Boury,3,Contemporary,Roeselare,Belgium,🇧🇪,"Rumbeeksesteenweg 300, 8800 Roeselare",50.937388,3.140299,ChIJJWbHmcM1w0cRrzNcwfHum0M,https://guide.michelin.com/us/en/west-vlaanderen/roeselare/restaurant/boury,https://www.restaurantboury.be/,,https://www.google.com/maps/place/?q=place_id:ChIJJWbHmcM1w0cRrzNcwfHum0M,False,,,
,rest_0156,Bozar Restaurant,2,Contemporary,Brussels,Belgium,🇧🇪,"Rue Baron Horta 3, 1000 Bruxelles",50.844186,4.359911,ChIJY7sk7IDEw0cRa0IDhObt1Qs,https://guide.michelin.com/us/en/bruxelles-capitale/bruxelles/restaurant/bozar-restaurant,,,https://www.google.com/maps/place/?q=place_id:ChIJY7sk7IDEw0cRa0IDhObt1Qs,False,,,
,rest_0157,Le Chalet de la Forêt,2,French,Uccle,Belgium,🇧🇪,"Drève de Lorraine 43, 1180 Uccle",50.784671,4.386541,ChIJQwCS-TfFw0cRTTJBXQalDYo,https://guide.michelin.com/us/en/bruxelles-capitale/uccle/restaurant/le-chalet-de-la-foret,,,https://www.google.com/maps/place/?q=place_id:ChIJQwCS-TfFw0cRTTJBXQalDYo,False,,,
,rest_0159,Hertog Jan at Botanic,2,Contemporary,Antwerp,Belgium,🇧🇪,"Leopoldstraat 26, 2000 Antwerpen",51.213634,4.405705,ChIJmzvXzQ1Rw0cR6I4u4lxwSOA,https://guide.michelin.com/en/antwerpen/be-antwerpen/restaurant/hertog-jan-at-botanic,,,https://www.google.com/maps/place/?q=place_id:ChIJmzvXzQ1Rw0cR6I4u4lxwSOA,True,,,
,rest_0160,Castor,2,Contemporary,Beveren-Leie,Belgium,🇧🇪,"Kortrijkseweg 164, 8791 Waregem",50.871857,3.342738,ChIJWY9azxk8w0cRsoibvthexXs,https://guide.michelin.com/us/en/west-vlaanderen/beveren-leie/restaurant/castor,,,https://www.google.com/maps/place/?q=place_id:ChIJWY9azxk8w0cRsoibvthexXs,False,,,
,rest_0161,Nuance,2,Contemporary,Duffel,Belgium,🇧🇪,"Kiliaanstraat 6-8, 2570 Duffel",51.095801,4.505762,ChIJISt2ZCz7w0cRvZj4g3X2IBU,https://guide.michelin.com/us/en/antwerpen/duffel/restaurant/nuance,,,https://www.google.com/maps/place/?q=place_id:ChIJISt2ZCz7w0cRvZj4g3X2IBU,False,,,
,rest_0162,Vrijmoed,2,Contemporary,Ghent,Belgium,🇧🇪,"Vlaanderenstraat 22, 9000 Gent",51.051066,3.728887,ChIJy-svI09xw0cR7Jxnl0xh4kE,https://guide.michelin.com/us/en/oost-vlaanderen/gent/restaurant/vrijmoed,,,https://www.google.com/maps/place/?q=place_id:ChIJy-svI09xw0cR7Jxnl0xh4kE,False,,,
,rest_0163,La Durée,2,Contemporary,Izegem,Belgium,🇧🇪,"Leenstraat 28, 8870 Izegem",50.911835,3.195408,ChIJOXGNRxE3w0cR6GruqvTOC4U,,,,https://www.google.com/maps/place/?q=place_id:ChIJOXGNRxE3w0cR6GruqvTOC4U,False,,,
,rest_0164,Bartholomeus,2,Contemporary,Knokke-Heist,Belgium,🇧🇪,"Zeedijk-Heist 267, 8301 Knokke-Heist",51.341722,3.243564,ChIJPeqMVVioxEcRLjcV34aOWgs,,,,https://www.google.com/maps/place/?q=place_id:ChIJPeqMVVioxEcRLjcV34aOWgs,False,,,
,rest_0165,Hof van Cleve,2,Contemporary French,Kruisem,Belgium,🇧🇪,"Riemegemstraat 1, 9770 Kruisem",50.903667,3.509657,ChIJ6U6ntWgUw0cRZrq8q_ohqUU,https://guide.michelin.com/en/oost-vlaanderen/kruishoutem/restaurant/hof-van-cleve,,,https://www.google.com/maps/place/?q=place_id:ChIJ6U6ntWgUw0cRZrq8q_ohqUU,False,,,
,rest_0166,Cuchara,2,Contemporary,Lommel,Belgium,🇧🇪,"Lepelstraat 3, 3920 Lommel",51.231248,5.309746,ChIJA3DaJLTSxkcR_OgK9d50CVU,,,,https://www.google.com/maps/place/?q=place_id:ChIJA3DaJLTSxkcR_OgK9d50CVU,False,,,
,rest_0167,Ralf Berendsen,2,Contemporary,Neerharen,Belgium,🇧🇪,"Paalsteenlaan 90, 3620 Lanaken",50.914877,5.668047,ChIJTfwNu-HCwEcRoAZnkFED32w,,,,https://www.google.com/maps/place/?q=place_id:ChIJTfwNu-HCwEcRoAZnkFED32w,True,,,
,rest_0168,Slagmolen,2,French Classic,Opglabbeek,Belgium,🇧🇪,"Molenweg 177, 3660 Oudsbergen",51.043174,5.615875,ChIJfVlhtIHawEcRruVOXIWaMH4,,,,https://www.google.com/maps/place/?q=place_id:ChIJfVlhtIHawEcRruVOXIWaMH4,False,,,
,rest_0169,De Jonkman,2,Contemporary,Bruges,Belgium,🇧🇪,"Maalse Steenweg 438, 8310 Brugge",51.207588,3.27829,ChIJWZ_9-Blaw0cRCxlitCQInrY,,,,https://www.google.com/maps/place/?q=place_id:ChIJWZ_9-Blaw0cRCxlitCQInrY,False,,,
,rest_0170,Sir Kwinten,2,Contemporary,Sint-Kwintens-Lennik,Belgium,🇧🇪,"Markt 9, 1750 Lennik",50.805522,4.155446,ChIJkwwnAlO4w0cRE97PHRm_cvc,,,,https://www.google.com/maps/place/?q=place_id:ChIJkwwnAlO4w0cRE97PHRm_cvc,False,,,
,rest_0171,Maison Colette,2,Traditional French,Tongerlo,Belgium,🇧🇪,"De Trannoyplein 17, 2260 Westerlo",51.103497,4.916627,ChIJj-en5zhPwUcRln0RXSZqJsA,,,,https://www.google.com/maps/place/?q=place_id:ChIJj-en5zhPwUcRln0RXSZqJsA,False,,,
,rest_0172,L'Eau Vive,2,Contemporary,Arbre,Belgium,🇧🇪,"Rte de Floreffe 37, 5170 Profondeville",50.363525,4.846684,ChIJ481JQ9qWwUcRCnIhVZ_EeJY,,,,https://www.google.com/maps/place/?q=place_id:ChIJ481JQ9qWwUcRCnIhVZ_EeJY,False,,,
,rest_0173,d'Eugénie à Emilie,2,French,Baudour,Belgium,🇧🇪,"Pl. de la Résistance 1, 7331 Saint-Ghislain",50.483169,3.83808,ChIJsRhY4iJXwkcR8LEucY5oV4M,,,,https://www.google.com/maps/place/?q=place_id:ChIJsRhY4iJXwkcR8LEucY5oV4M,False,,,
,rest_0174,La Table de Maxime,2,Contemporary,Our,Belgium,🇧🇪,"Our 23, 6852 Paliseul",49.959911,5.122464,ChIJS44KM-zWwUcRA44RsG9lpnM,,,,https://www.google.com/maps/place/?q=place_id:ChIJS44KM-zWwUcRA44RsG9lpnM,False,,,
,rest_0175,Restaurant Bareiss,3,Classic French,Baiersbronn,Germany,🇩🇪,"Hermine-Bareiss-Weg 1, 72270 Baiersbronn-Mitteltal",48.520346,8.326924,ChIJ4XNEF70xl0cR3_eB34t-Qo4,https://guide.michelin.com/us/en/baden-wurttemberg/baiersbronn/restaurant/restaurant-bareiss,https://www.bareiss.com/en/gastronomy.html,,https://www.google.com/maps/place/?q=place_id:ChIJ4XNEF70xl0cR3_eB34t-Qo4,True,,,
,rest_0176,Schwarzwaldstube,3,French,Baiersbronn,Germany,🇩🇪,"Tonbachstraße 237, 72270 Baiersbronn-Tonbach",48.537013,8.35813,ChIJidkYT_0wl0cRwM1SNn5mWLI,,,,https://www.google.com/maps/place/?q=place_id:ChIJidkYT_0wl0cRwM1SNn5mWLI,True,,,
,rest_0177,Rutz,3,Contemporary German,Berlin,Germany,🇩🇪,"Chausseestraße 8, 10115 Berlin",52.528222,13.386235,ChIJYT_9-utRqEcRUKXsqIRF_5o,,,,https://www.google.com/maps/place/?q=place_id:ChIJYT_9-utRqEcRUKXsqIRF_5o,False,,,
,rest_0178,Waldhotel Sonnora,3,Classic French,Dreis,Germany,🇩🇪,"1 Auf dem Eichelfeld, 54518 Dreis",49.937877,6.81114,ChIJwYTUnAPTv0cRZNx6gTEo3i0,https://guide.michelin.com/en/rheinland-pfalz/dreis/restaurant/waldhotel-sonnora,,,https://www.google.com/maps/place/?q=place_id:ChIJwYTUnAPTv0cRZNx6gTEo3i0,False,,,
,rest_0179,ES:SENZ,3,Contemporary,Grassau,Germany,🇩🇪,"Mietenkamer Str. 65, 83224 Grassau-Grafing",47.78568,12.46567,ChIJB70KQ9JpdkcRKCDJBXmFfno,,,,https://www.google.com/maps/place/?q=place_id:ChIJB70KQ9JpdkcRKCDJBXmFfno,True,,,
,rest_0180,Restaurant Haerlin,3,Classic French,Hamburg,Germany,🇩🇪,"Neuer Jungfernstieg 9-14, 20354 Hamburg",53.555633,9.991588,ChIJXetoHRmPsUcRO9lASc7qR3U,,https://restaurant-haerlin.de/en/home.html,,https://www.google.com/maps/place/?q=place_id:ChIJXetoHRmPsUcRO9lASc7qR3U,True,,,
,rest_0181,The Table Kevin Fehling,3,International Fusion,Hamburg,Germany,🇩🇪,"Shanghaiallee 15, 20457 Hamburg",53.542616,10.003123,ChIJY8mKQvyOsUcRA-H7nvNI-L8,https://guide.michelin.com/en/hamburg-region/hamburg/restaurant/the-table-kevin-fehling,,,https://www.google.com/maps/place/?q=place_id:ChIJY8mKQvyOsUcRA-H7nvNI-L8,False,,,
,rest_0182,JAN,3,French-German Contemporary,Munich,Germany,🇩🇪,"Luisenstraße 27, 80333 München-Maxvorstadt",48.144793,11.56296,ChIJrW8egwN1nkcRcSAVCJYQpZY,https://guide.michelin.com/us/en/bayern/mnchen/restaurant/jan-1204321,,,https://www.google.com/maps/place/?q=place_id:ChIJrW8egwN1nkcRcSAVCJYQpZY,False,,50.0,2025.0
,rest_0183,Tohru in der Schreiberei,3,Japanese-German Fusion,Munich,Germany,🇩🇪,"Burgstraße 5, 80331 München",48.137597,11.577429,ChIJ12Lhfm51nkcRQhxPXh8nb88,https://guide.michelin.com/us/en/bayern/mnchen/restaurant/tohru-in-der-schreiberei,https://www.schreiberei-muc.de/tohru,,https://www.google.com/maps/place/?q=place_id:ChIJ12Lhfm51nkcRQhxPXh8nb88,False,,,
,rest_0184,Victor's Fine Dining by Christian Bau,3,French-Japanese,Perl,Germany,🇩🇪,"Schloßstraße 27-29, 66706 Perl-Nennig",49.535029,6.386789,ChIJXy2UBMJqlUcREpPkYNXvM9k,https://guide.michelin.com/us/en/saarland/perl/restaurant/victor-s-fine-dining-by-christian-bau,https://www.victors-fine-dining.de/en/restaurant,,https://www.google.com/maps/place/?q=place_id:ChIJXy2UBMJqlUcREpPkYNXvM9k,False,,,
,rest_0185,schanz. restaurant.,3,Modern Classic French,Piesport,Germany,🇩🇪,"Bahnhofstraße 8A, 54498 Piesport-Niederemmel",49.87785,6.926406,ChIJ90bKo-grvkcRV-35p1oIEio,https://guide.michelin.com/en/rheinland-pfalz/piesport/restaurant/schanz-restaurant,https://www.schanz-restaurant.de/en/,,https://www.google.com/maps/place/?q=place_id:ChIJ90bKo-grvkcRV-35p1oIEio,False,,,
,rest_0186,Aqua,3,Contemporary European,Wolfsburg,Germany,🇩🇪,"Parkstraße 1, 38440 Wolfsburg-Sonderbezirk",52.433202,10.790009,ChIJnyme_LaTr0cRzOM_pD32_Ko,,,,https://www.google.com/maps/place/?q=place_id:ChIJnyme_LaTr0cRzOM_pD32_Ko,True,,,
,rest_0187,AUGUST,2,French,Augsburg,Germany,🇩🇪,"Johannes-Haag-Straße 14, 86153 Augsburg",48.370928,10.912394,ChIJBzM8CmgenEcRqrj1bDQ6WDY,,,,https://www.google.com/maps/place/?q=place_id:ChIJBzM8CmgenEcRqrj1bDQ6WDY,False,,,
,rest_0188,PUR,2,Contemporary European,Berchtesgaden,Germany,🇩🇪,"Hintereck 1, 83471 Berchtesgaden",47.63391,13.046298,ChIJ393iCWrrdkcRR35wkhV1o-s,,,,https://www.google.com/maps/place/?q=place_id:ChIJ393iCWrrdkcRR35wkhV1o-s,True,,,
,rest_0189,Vendôme,2,French-German,Bergisch Gladbach,Germany,🇩🇪,"Kadettenstraße, 51429 Bergisch Gladbach-Bensberg",50.966264,7.16069,ChIJNUh1coLXvkcRJZvIscLpxLY,,,,https://www.google.com/maps/place/?q=place_id:ChIJNUh1coLXvkcRJZvIscLpxLY,False,,,
,rest_0190,CODA Dessert Dining,2,Dessert-Focused,Berlin,Germany,🇩🇪,"Friedelstraße 47, 12047 Berlin-Neukölln",52.489978,13.427485,ChIJvVDs7bZPqEcRVuzEV98NWz8,,,,https://www.google.com/maps/place/?q=place_id:ChIJvVDs7bZPqEcRVuzEV98NWz8,False,,,
,rest_0191,FACIL,2,Modern European,Berlin,Germany,🇩🇪,"Potsdamer Str. 3, 10785 Berlin",52.50898,13.37369,ChIJA-K5lEpQqEcRHGv7ScsVIXs,,,,https://www.google.com/maps/place/?q=place_id:ChIJA-K5lEpQqEcRHGv7ScsVIXs,True,,,
,rest_0192,Horváth,2,Vegetable-Focused Contemporary,Berlin,Germany,🇩🇪,"Paul-Lincke-Ufer 44a, 10999 Berlin",52.496461,13.420876,ChIJ74LRF8tPqEcRNeBJAS2qxaQ,,,,https://www.google.com/maps/place/?q=place_id:ChIJ74LRF8tPqEcRNeBJAS2qxaQ,False,,,
,rest_0193,Tim Raue,2,Asian-Inspired,Berlin,Germany,🇩🇪,"Rudi-Dutschke-Straße 26, 10969 Berlin",52.506899,13.391482,ChIJpdyYVNFRqEcRFTrYsDXDrY4,,,,https://www.google.com/maps/place/?q=place_id:ChIJpdyYVNFRqEcRFTrYsDXDrY4,False,,,
,rest_0194,L.A. Jordan,2,French-Japanese,Deidesheim,Germany,🇩🇪,"Ketschauerhofstraße 1, 67146 Deidesheim",49.407657,8.184875,ChIJU35p4NA3lkcRHbeK_4Haaz0,,,,https://www.google.com/maps/place/?q=place_id:ChIJU35p4NA3lkcRHbeK_4Haaz0,True,,,
,rest_0195,Ösch Noir,2,Contemporary,Donaueschingen,Germany,🇩🇪,"Golfpl. 1, 78166 Donaueschingen",47.965639,8.547226,ChIJ6wEYtjebkEcRvy1btBPpHcE,,,,https://www.google.com/maps/place/?q=place_id:ChIJ6wEYtjebkEcRvy1btBPpHcE,False,,,
,rest_0196,Lafleur,2,French,Frankfurt am Main,Germany,🇩🇪,"Palmengartenstraße 11, 60325 Frankfurt am Main",50.121477,8.656514,ChIJQW5EY0UJvUcR09Vpe75ZD1s,,,,https://www.google.com/maps/place/?q=place_id:ChIJQW5EY0UJvUcR09Vpe75ZD1s,False,,,
,rest_0197,Meierei Dirk Luther,2,Contemporary,Glücksburg,Germany,🇩🇪,"Uferstraße 1, 24960 Glücksburg-Meierwik",54.823042,9.500337,ChIJX0ZtXbpDs0cRyloIbHI9NdA,,,,https://www.google.com/maps/place/?q=place_id:ChIJX0ZtXbpDs0cRyloIbHI9NdA,True,,,
,rest_0198,100/200 Kitchen,2,Contemporary,Hamburg,Germany,🇩🇪,"Brandshofer Deich 68, 20539 Hamburg",53.537431,10.02851,ChIJSW4gcouOsUcRAONgvMCx-eo,,,,https://www.google.com/maps/place/?q=place_id:ChIJSW4gcouOsUcRAONgvMCx-eo,False,,,
,rest_0199,bianc,2,Mediterranean-Italian,Hamburg,Germany,🇩🇪,"Am Sandtorkai 50, 20457 Hamburg",53.543035,9.994116,ChIJb62aMAKPsUcRD0GNvxp7ecc,,,,https://www.google.com/maps/place/?q=place_id:ChIJb62aMAKPsUcRD0GNvxp7ecc,False,,,
,rest_0200,Lakeside,2,Contemporary,Hamburg,Germany,🇩🇪,"Fontenay 10, 20354 Hamburg",53.565294,9.99795,ChIJBxBWnSaPsUcRaWgkWhttxS0,,,,https://www.google.com/maps/place/?q=place_id:ChIJBxBWnSaPsUcRaWgkWhttxS0,True,,,
,rest_0201,Jante,2,Nordic-European,Hanover,Germany,🇩🇪,"Marienstraße 116, 30171 Hannover",52.370252,9.760798,ChIJQfsL304LsEcRhvMbiIkzdao,,,,https://www.google.com/maps/place/?q=place_id:ChIJQfsL304LsEcRhvMbiIkzdao,False,,,
,rest_0202,VOTUM,2,Contemporary,Hanover,Germany,🇩🇪,"Hannah-Arendt-Platz 1, 30159 Hannover",52.370063,9.7337,ChIJ3VwqInJ1sEcRHYzUFCjK6Yw,,,,https://www.google.com/maps/place/?q=place_id:ChIJ3VwqInJ1sEcRHYzUFCjK6Yw,False,,,
,rest_0203,sein,2,Scandinavian-Japanese,Karlsruhe,Germany,🇩🇪,"Scheffelstraße 57, 76135 Karlsruhe",49.006235,8.381929,ChIJDZ9NaPYGl0cRA_wLc-_2PMo,,,,https://www.google.com/maps/place/?q=place_id:ChIJDZ9NaPYGl0cRA_wLc-_2PMo,False,,,
,rest_0204,Gotthardt's by Yannick Noack,2,Contemporary,Koblenz,Germany,🇩🇪,"An d. Fähre 3, 56072 Koblenz-Metternich",50.358244,7.560036,ChIJOzBqZFxjvkcRwBk3-zPfhNI,,,,https://www.google.com/maps/place/?q=place_id:ChIJOzBqZFxjvkcRwBk3-zPfhNI,False,,,
,rest_0205,Ox & Klee,2,Contemporary German,Cologne,Germany,🇩🇪,"Im Zollhafen 18, 50678 Köln",50.927503,6.965615,ChIJzWH7uAMlv0cRNKQei9KMIvg,,,,https://www.google.com/maps/place/?q=place_id:ChIJzWH7uAMlv0cRNKQei9KMIvg,False,,,
,rest_0206,Ophelia,2,French-German,Konstanz,Germany,🇩🇪,"Seestraße 25, 78464 Konstanz",47.667335,9.187864,ChIJV9mC_wX3mkcRr_vLd30Hqus,,,,https://www.google.com/maps/place/?q=place_id:ChIJV9mC_wX3mkcRr_vLd30Hqus,True,,,
,rest_0207,IKIGAI,2,Japanese-Fusion,Krün,Germany,🇩🇪,"In Elmau 2, 82493 Krün",47.462083,11.186634,ChIJW5M3uq4InUcR9589boH_wpw,,,,https://www.google.com/maps/place/?q=place_id:ChIJW5M3uq4InUcR9589boH_wpw,True,,,
,rest_0208,OPUS V,2,Contemporary,Mannheim,Germany,🇩🇪,"O5 9-12, 68161 Mannheim",49.48587,8.469925,ChIJz6NQ1SPMl0cRoGDuwitU3cE,,,,https://www.google.com/maps/place/?q=place_id:ChIJz6NQ1SPMl0cRoGDuwitU3cE,False,,,
,rest_0209,Alois - Dallmayr Fine Dining,2,Contemporary,Munich,Germany,🇩🇪,"Dienerstraße 14-15, 80331 München",48.138286,11.577184,ChIJUbU58wV1nkcR6jK2iXRta70,,,,https://www.google.com/maps/place/?q=place_id:ChIJUbU58wV1nkcR6jK2iXRta70,False,,,
,rest_0210,Atelier,2,Contemporary,Munich,Germany,🇩🇪,"Promenadepl. 2-6, 80333 München",48.140284,11.573322,ChIJP-53e_N1nkcRXMNihzXCH30,,,,https://www.google.com/maps/place/?q=place_id:ChIJP-53e_N1nkcRXMNihzXCH30,False,,,
,rest_0211,KOMU,2,Contemporary,Munich,Germany,🇩🇪,"Hackenstraße 4, 80331 München",48.136076,11.570547,ChIJkXU5mvV1nkcR9I3UFP_m3rs,,,,https://www.google.com/maps/place/?q=place_id:ChIJkXU5mvV1nkcR9I3UFP_m3rs,False,,,
,rest_0212,Tantris,2,French,Munich,Germany,🇩🇪,"Johann-Fichte-Straße 7, 80805 München",48.169796,11.588339,ChIJtSGICsp1nkcRsO8j0sObIio,,,,https://www.google.com/maps/place/?q=place_id:ChIJtSGICsp1nkcRsO8j0sObIio,False,,,
,rest_0213,Cœur D'Artichaut,2,French,Münster,Germany,🇩🇪,"Alter Fischmarkt 11a, 48143 Münster",51.963825,7.629087,ChIJM8AAoq-7uUcRDMHeywc1_pE,,,,https://www.google.com/maps/place/?q=place_id:ChIJM8AAoq-7uUcRDMHeywc1_pE,False,,,
,rest_0214,Steinheuers Restaurant,2,Classic French,Bad Neuenahr-Ahrweiler,Germany,🇩🇪,"Landskroner Str. 108, 53474 Bad Neuenahr-Ahrweiler",50.550999,7.164175,ChIJXYG8TgD7vkcRWs3EbgvnzP8,,,,https://www.google.com/maps/place/?q=place_id:ChIJXYG8TgD7vkcRWs3EbgvnzP8,False,,,
,rest_0215,Obendorfers Eisvogel,2,Contemporary,Neunburg vorm Wald,Germany,🇩🇪,"Hofenstetten 55, 92431 Neunburg vorm Wald",49.338401,12.261611,ChIJMeEMK9v1n0cRHqpPbC2l4yw,,,,https://www.google.com/maps/place/?q=place_id:ChIJMeEMK9v1n0cRHqpPbC2l4yw,True,,,
,rest_0216,Essigbrätlein,2,French Vegetable-Forward,Nuremberg,Germany,🇩🇪,"Weinmarkt 3, 90403 Nürnberg",49.455103,11.074907,ChIJ47pfsa9Xn0cRcvyrpJd1XFg,,,,https://www.google.com/maps/place/?q=place_id:ChIJ47pfsa9Xn0cRcvyrpJd1XFg,False,,,
,rest_0217,etz,2,Regional Franconian,Nuremberg,Germany,🇩🇪,"Wiesentalstraße 40, 90419 Nürnberg",49.457473,11.053634,ChIJt7cI6LZXn0cRGnyQZiwAUTo,,,,https://www.google.com/maps/place/?q=place_id:ChIJt7cI6LZXn0cRGnyQZiwAUTo,False,,,
,rest_0218,Le Pavillon,2,Classic French,Bad Peterstal-Griesbach,Germany,🇩🇪,"Dollenberg 3, 77740 Bad Peterstal-Griesbach",48.457407,8.250836,ChIJneuWnnMtl0cRKFA3eCffEIE,,,,https://www.google.com/maps/place/?q=place_id:ChIJneuWnnMtl0cRKFA3eCffEIE,True,,,
,rest_0219,Gourmetrestaurant Dichter,2,Contemporary,Rottach-Egern,Germany,🇩🇪,"Aribostraße 19, 83700 Rottach-Egern",47.693889,11.754058,ChIJG13_PuuOnUcRtEGKr6oREpE,,,,https://www.google.com/maps/place/?q=place_id:ChIJG13_PuuOnUcRtEGKr6oREpE,True,,,
,rest_0220,ammolite - The Lighthouse Restaurant,2,Contemporary,Rust,Germany,🇩🇪,"Peter-Thumb-Straße 6, 77977 Rust",48.2597,7.725254,ChIJc1psbCs6kUcR8Fhv3Go60Rg,,,,https://www.google.com/maps/place/?q=place_id:ChIJc1psbCs6kUcR8Fhv3Go60Rg,False,,,
,rest_0221,Esplanade,2,French-Japanese,Saarbrücken,Germany,🇩🇪,"Nauwieserstraße 5, 66111 Saarbrücken",49.23494,6.999705,ChIJnZKDYae2lUcRrzqk8mu6gwY,,,,https://www.google.com/maps/place/?q=place_id:ChIJnZKDYae2lUcRrzqk8mu6gwY,True,,,
,rest_0222,GästeHaus Klaus Erfort,2,Classic French,Saarbrücken,Germany,🇩🇪,"Mainzer Str. 95, 66121 Saarbrücken",49.229457,7.007582,ChIJI1f68yG0lUcR0BSfvh4rdZw,,,,https://www.google.com/maps/place/?q=place_id:ChIJI1f68yG0lUcR0BSfvh4rdZw,False,,,
,rest_0223,LOUIS restaurant,2,Contemporary,Saarlouis,Germany,🇩🇪,"Prälat-Subtil-Ring 22, 66740 Saarlouis",49.317212,6.755448,ChIJD3Q-K8mplUcRjre4dpsX_xo,,,,https://www.google.com/maps/place/?q=place_id:ChIJD3Q-K8mplUcRjre4dpsX_xo,True,,,
,rest_0224,ATAMA by Martin Stopp,2,Contemporary,St. Ingbert,Germany,🇩🇪,"Ensheimer Str. 20, 66386 St. Ingbert",49.273024,7.111716,ChIJrxpFDzTIlUcRpSTFTZGHBks,,,,https://www.google.com/maps/place/?q=place_id:ChIJrxpFDzTIlUcRpSTFTZGHBks,False,,,
,rest_0225,Speisemeisterei,2,Contemporary,Stuttgart,Germany,🇩🇪,"Schloss Hohenheim 1B, 70599 Stuttgart",48.712692,9.213714,ChIJO_K2QVXCmUcRIXmXn3onS60,,,,https://www.google.com/maps/place/?q=place_id:ChIJO_K2QVXCmUcRIXmXn3onS60,False,,,
,rest_0226,Hirschen,2,French-German,Sulzburg,Germany,🇩🇪,"Hauptstraße 69, 79295 Sulzburg",47.840585,7.708968,ChIJK4e_vuAHkUcRSW8QqafGTSE,,,,https://www.google.com/maps/place/?q=place_id:ChIJK4e_vuAHkUcRSW8QqafGTSE,False,,,
,rest_0227,Söl'ring Hof,2,Contemporary,Sylt/Rantum,Germany,🇩🇪,"Am Sandwall 1, 25980 Sylt",54.853964,8.28795,ChIJuaITYqDgtEcReuFP9Veym8Y,,,,https://www.google.com/maps/place/?q=place_id:ChIJuaITYqDgtEcReuFP9Veym8Y,True,,,
,rest_0228,Oswald's Gourmetstube,2,Contemporary,Teisnach,Germany,🇩🇪,"Am Platzl 2, 94244 Teisnach-Kaikenried",49.013247,13.029892,ChIJUwTWQj08dUcROYovLUHTiFQ,,,,https://www.google.com/maps/place/?q=place_id:ChIJUwTWQj08dUcROYovLUHTiFQ,True,,,
,rest_0229,Intense,2,Japanese-Palatinate Fusion,Wachenheim an der Weinstraße,Germany,🇩🇪,"Weinstraße 31, 67157 Wachenheim an der Weinstraße",49.438579,8.181997,ChIJPTcO0a4wlkcRvNtKzpX7260,,,,https://www.google.com/maps/place/?q=place_id:ChIJPTcO0a4wlkcRvNtKzpX7260,False,,,
,rest_0230,Courtier,2,Contemporary,Wangels,Germany,🇩🇪,"Parkallee 1, 23758 Wangels-Weißenhaus",54.302468,10.766171,ChIJ_3nMcPx8skcR6nxJQp-eGq8,,,,https://www.google.com/maps/place/?q=place_id:ChIJ_3nMcPx8skcR6nxJQp-eGq8,False,,,
,rest_0231,Pietsch,2,French-Japanese Umami,Wernigerode,Germany,🇩🇪,"Breite Str. 53a, 38855 Wernigerode",51.835296,10.789055,ChIJ_-sdrTINpUcRHGZXobA3qHM,,,,https://www.google.com/maps/place/?q=place_id:ChIJ_-sdrTINpUcRHGZXobA3qHM,False,,,
,rest_0232,AURA by Alexander Herrmann & Tobias Bätz,2,Contemporary,Wirsberg,Germany,🇩🇪,"Marktpl. 11, 95339 Wirsberg",50.107489,11.606784,ChIJK5-8OtELoUcRazTkJ_jtLxs,,,,https://www.google.com/maps/place/?q=place_id:ChIJK5-8OtELoUcRazTkJ_jtLxs,False,,,
,rest_0233,Le Cerf,2,Classic French,Zweiflingen,Germany,🇩🇪,"Kärcherstraße 12, 74639 Zweiflingen",49.243196,9.526465,ChIJu5kVBGw_mEcR96W2TuWdKWI,,,,https://www.google.com/maps/place/?q=place_id:ChIJu5kVBGw_mEcR96W2TuWdKWI,False,,,
,rest_0234,Memories,3,Contemporary,Bad Ragaz,Switzerland,🇨🇭,"Bernhard-Simonstrasse 14, 7310 Bad Ragaz",46.999515,9.504144,ChIJR_-toqTLhEcRxAQrKbQDLDQ,https://guide.michelin.com/en/sankt-gallen-region/bad-ragaz/restaurant/memories,,,https://www.google.com/maps/place/?q=place_id:ChIJR_-toqTLhEcRxAQrKbQDLDQ,True,,,
,rest_0235,Cheval Blanc by Peter Knogl,3,French,Basel,Switzerland,🇨🇭,"Blumenrain 8, 4001 Basel",47.560463,7.587668,ChIJ9TTWPK-5kUcRNHFlNwpocnU,https://guide.michelin.com/us/en/basel-stadt/basel/restaurant/cheval-blanc-by-peter-knogl,,,https://www.google.com/maps/place/?q=place_id:ChIJ9TTWPK-5kUcRNHFlNwpocnU,True,,,
,rest_0236,Restaurant de l'Hôtel de Ville,3,Classic French,Crissier,Switzerland,🇨🇭,"Rue d'Yverdon 1, 1023 Crissier",46.554062,6.576682,ChIJt4zlNHkxjEcRn15FZoLyI5w,https://guide.michelin.com/us/en/vaud/crissier/restaurant/restaurant-de-l-hotel-de-ville,https://www.restaurantcrissier.com/,,https://www.google.com/maps/place/?q=place_id:ChIJt4zlNHkxjEcRn15FZoLyI5w,False,,,
,rest_0237,Schloss Schauenstein,3,Alpine Contemporary,Fürstenau,Switzerland,🇨🇭,"Obergass 15, 7414 Fürstenau",46.721332,9.44624,ChIJmdeEklvqhEcRnfl0CO7_szw,,,,https://www.google.com/maps/place/?q=place_id:ChIJmdeEklvqhEcRnfl0CO7_szw,False,,,
,rest_0238,IGNIV by Andreas Caminada,2,Sharing Concept Contemporary,Andermatt,Switzerland,🇨🇭,"Furkagasse 9, 6490 Andermatt",46.638616,8.59003,ChIJRX_MI1FxhUcRupuaeLeUTjE,,,,https://www.google.com/maps/place/?q=place_id:ChIJRX_MI1FxhUcRupuaeLeUTjE,False,,,
,rest_0239,The Japanese Restaurant,2,Japanese,Andermatt,Switzerland,🇨🇭,"Gotthardstrasse 4, 6490 Andermatt",46.636004,8.594349,ChIJxxkpqlBxhUcR8Ds1pCPMEds,,,,https://www.google.com/maps/place/?q=place_id:ChIJxxkpqlBxhUcR8Ds1pCPMEds,True,,,
,rest_0240,La Brezza,3,Creatief,Arosa,Switzerland,🇨🇭,"Tschuggentorweg 1, 7050 Arosa",46.777479,9.66933,ChIJp7Y0v_e8hEcR1NRYGOEVwVA,,,,https://www.google.com/maps/place/?q=place_id:ChIJp7Y0v_e8hEcR1NRYGOEVwVA,True,,,
,rest_0241,La Brezza,2,Italian,Ascona,Switzerland,🇨🇭,"Via Albarelle 16, 6612 Ascona",46.150479,8.773132,ChIJDeVE6vnJhUcRvURHnxMlBiI,,,,https://www.google.com/maps/place/?q=place_id:ChIJDeVE6vnJhUcRvURHnxMlBiI,True,,,
,rest_0242,Ecco,2,Contemporary,Ascona,Switzerland,🇨🇭,"Strada del Segnale 10, 6612 Ascona",46.150313,8.790139,ChIJSarOQU3IhUcRQ8PiQVdaXVk,,,,https://www.google.com/maps/place/?q=place_id:ChIJSarOQU3IhUcRQ8PiQVdaXVk,False,,,
,rest_0243,IGNIV by Andreas Caminada,2,Sharing Concept Contemporary,Bad Ragaz,Switzerland,🇨🇭,"Bernhard-Simonstrasse 14, 7310 Bad Ragaz",47.000374,9.502169,ChIJM5QE0YvLhEcRhI98YXa3vHI,,,,https://www.google.com/maps/place/?q=place_id:ChIJM5QE0YvLhEcRhI98YXa3vHI,True,,,
,rest_0244,roots,2,Vegetable-Focused,Basel,Switzerland,🇨🇭,"Bachlettenstrasse 1, 4054 Basel",47.550355,7.581123,ChIJ_RpcgKC5kUcRJeac8Vfo-NQ,,,,https://www.google.com/maps/place/?q=place_id:ChIJ_RpcgKC5kUcRJeac8Vfo-NQ,False,,,
,rest_0245,Stucki - Tanja Grandits,2,Contemporary,Basel,Switzerland,🇨🇭,"Bruderholzallee 42, 4059 Basel",47.533617,7.586957,ChIJpS3OlUK4kUcR0e7yqwPer54,,,,https://www.google.com/maps/place/?q=place_id:ChIJpS3OlUK4kUcR0e7yqwPer54,False,,,
,rest_0246,Mammertsberg,2,Contemporary,Freidorf,Switzerland,🇨🇭,"Bahnhofstrasse 28, 9306 Freidorf",47.486115,9.392177,ChIJs3wzF_4dm0cRtrh2t9xVDpE,,,,https://www.google.com/maps/place/?q=place_id:ChIJs3wzF_4dm0cRtrh2t9xVDpE,False,,,
,rest_0247,L'Atelier Robuchon,2,French,Geneva,Switzerland,🇨🇭,"Quai Wilson 37, 1201 Genève",46.212111,6.152261,ChIJy-iGfkJljEcRopfNMrCqTyk,,,,https://www.google.com/maps/place/?q=place_id:ChIJy-iGfkJljEcRopfNMrCqTyk,True,,,
,rest_0248,La Table du Lausanne Palace,2,French-Asian,Lausanne,Switzerland,🇨🇭,"Rue du Grand-Chêne 7-9, 1003 Lausanne",46.519453,6.630799,ChIJ1Zt6NgwvjEcR2rm2NSRArHc,,,,https://www.google.com/maps/place/?q=place_id:ChIJ1Zt6NgwvjEcR2rm2NSRArHc,True,,,
,rest_0249,Pic Beau-Rivage Palace,2,French,Lausanne,Switzerland,🇨🇭,"Chem. de Beau-Rivage 21, 1006 Lausanne",46.507955,6.630564,ChIJgwZPe88vjEcR_E-7VldymPE,,,,https://www.google.com/maps/place/?q=place_id:ChIJgwZPe88vjEcR_E-7VldymPE,True,,,
,rest_0250,Maison Wenger,2,Contemporary,Le Noirmont,Switzerland,🇨🇭,"Rue de la Gare 2, 2340 Le Noirmont",47.223865,6.957028,ChIJfwAEb6n_jUcR6yHJCWK7tmo,,,,https://www.google.com/maps/place/?q=place_id:ChIJfwAEb6n_jUcR6yHJCWK7tmo,False,,,
,rest_0251,Skin's - the restaurant,2,Global Fusion,Lenzburg,Switzerland,🇨🇭,"Dammweg 15b, 5600 Lenzburg",47.390683,8.173734,ChIJ95eKpEcXkEcRQXi-m6cejIU,,,,https://www.google.com/maps/place/?q=place_id:ChIJ95eKpEcXkEcRQXi-m6cejIU,False,,,
,rest_0252,Colonnade,2,French,Lucerne,Switzerland,🇨🇭,"Haldenstrasse 10, 6002 Luzern",47.055235,8.319756,ChIJne-Gjyr7j0cRYloR66Cpbag,,,,https://www.google.com/maps/place/?q=place_id:ChIJne-Gjyr7j0cRYloR66Cpbag,True,,,
,rest_0253,Einstein Gourmet,2,Contemporary,St. Gallen,Switzerland,🇨🇭,"Berneggstrasse 2, 9000 St. Gallen",47.421466,9.375454,ChIJSfjp8Ewem0cRcVBki60dN3Y,,,,https://www.google.com/maps/place/?q=place_id:ChIJSfjp8Ewem0cRcVBki60dN3Y,False,,,
,rest_0254,Da Vittorio - St. Moritz,2,Italian,St. Moritz,Switzerland,🇨🇭,"Via Johannes Badrutt 11, 7500 St. Moritz",46.499904,9.846402,ChIJFZ0j07h9g0cRPSaha6nRsbc,,,,https://www.google.com/maps/place/?q=place_id:ChIJFZ0j07h9g0cRPSaha6nRsbc,True,,,
,rest_0255,Ecco St. Moritz,2,Contemporary,St. Moritz,Switzerland,🇨🇭,"Via Maistra 3, 7512 Champfer",46.477594,9.811213,ChIJ79yAE4h_g0cRfCvQaP29oyY,,,,https://www.google.com/maps/place/?q=place_id:ChIJ79yAE4h_g0cRfCvQaP29oyY,False,,,
,rest_0256,Gilles Varone,2,Swiss Seasonal,Savièse,Switzerland,🇨🇭,"Rue du Stade 5B, 1965 Savièse",46.25008,7.350807,ChIJTyMp7pHdjkcR_Cp3kqv5dZE,,,,https://www.google.com/maps/place/?q=place_id:ChIJTyMp7pHdjkcR_Cp3kqv5dZE,False,,,
,rest_0257,Magdalena,2,Vegetarian,Schwyz,Switzerland,🇨🇭,"Rickenbachstrasse 127, 6432 Rickenbach",47.016793,8.666056,ChIJE6dnsMNPhUcRdBj9ai38FwM,,,,https://www.google.com/maps/place/?q=place_id:ChIJE6dnsMNPhUcRdBj9ai38FwM,False,,,
,rest_0258,7132 Silver,2,Contemporary,Vals,Switzerland,🇨🇭,"Poststrasse 560, 7132 Vals",46.622522,9.181223,ChIJux1gOKjkhEcR85YGT1Tr8BI,,,,https://www.google.com/maps/place/?q=place_id:ChIJux1gOKjkhEcR85YGT1Tr8BI,True,,,
,rest_0259,focus ATELIER,2,Contemporary,Vitznau,Switzerland,🇨🇭,"Seestrasse 18, 6354 Vitznau",47.015086,8.477594,ChIJz-m4m6tXhUcRr8buG169t1k,,,,https://www.google.com/maps/place/?q=place_id:ChIJz-m4m6tXhUcRr8buG169t1k,True,,,
,rest_0260,Taverne zum Schäfli,2,Contemporary,Wigoltingen,Switzerland,🇨🇭,"Oberdorfstrasse 8, 8556 Wigoltingen",47.595754,9.032402,ChIJN9nyJ-bymkcRhMqEPz5SCdc,,,,https://www.google.com/maps/place/?q=place_id:ChIJN9nyJ-bymkcRhMqEPz5SCdc,False,,,
,rest_0261,IGNIV Zürich by Andreas Caminada,2,Sharing Concept Contemporary,Zurich,Switzerland,🇨🇭,"Marktgasse 17, 8001 Zürich",47.371966,8.543677,ChIJZbkhcZOhmkcRtd-eRrYqZ8c,,,,https://www.google.com/maps/place/?q=place_id:ChIJZbkhcZOhmkcRtd-eRrYqZ8c,False,,,
,rest_0262,The Counter,2,Contemporary,Zurich,Switzerland,🇨🇭,"Bahnhofplatz 15, 8001 Zürich",47.377284,8.540682,ChIJL6O4dLILkEcRfmmjrK7_2-g,,,,https://www.google.com/maps/place/?q=place_id:ChIJL6O4dLILkEcRfmmjrK7_2-g,False,,,
,rest_0263,The Restaurant,2,Fusion,Zurich,Switzerland,🇨🇭,"Kurhausstrasse 65, 8032 Zürich",47.372763,8.572771,ChIJXeB5Fc-gmkcR5W5tM1kEwB4,,,,https://www.google.com/maps/place/?q=place_id:ChIJXeB5Fc-gmkcR5W5tM1kEwB4,False,,,
,rest_0264,Widder Restaurant,2,Contemporary,Zurich,Switzerland,🇨🇭,"Widdergasse 6, 8001 Zürich",47.372274,8.53989,ChIJcX3oLwcKkEcR4jedn_ymCtE,,,,https://www.google.com/maps/place/?q=place_id:ChIJcX3oLwcKkEcR4jedn_ymCtE,False,,,
,rest_0265,Restaurant Amador,3,Contemporary,Vienna,Austria,🇦🇹,"Grinzinger Str. 86, 1190 Wien",48.25393,16.358612,ChIJUV5dfRgGbUcRXHN5xPvHT-U,https://guide.michelin.com/us/en/vienna/wien/restaurant/amador,,,https://www.google.com/maps/place/?q=place_id:ChIJUV5dfRgGbUcRXHN5xPvHT-U,False,,,
,rest_0266,Steirereck im Stadtpark,3,Austrian Contemporary,Vienna,Austria,🇦🇹,"Am Heumarkt 2A, 1030 Wien",48.204458,16.381396,ChIJKS_u4XYHbUcRFEBBkdJ8HG0,https://guide.michelin.com/us/en/vienna/wien/restaurant/steirereck-im-stadtpark,,,https://www.google.com/maps/place/?q=place_id:ChIJKS_u4XYHbUcRFEBBkdJ8HG0,False,,33.0,2025.0
,rest_0267,Döllerer,2,Alpine Contemporary,Golling an der Salzach,Austria,🇦🇹,"Markt 56/A, 5440 Golling an der Salzach",47.597329,13.167874,ChIJCwLXUgDBdkcRNL03dCcm9dc,,,,https://www.google.com/maps/place/?q=place_id:ChIJCwLXUgDBdkcRNL03dCcm9dc,False,,,
,rest_0268,Schwarzer Adler,2,Contemporary,Hall in Tirol,Austria,🇦🇹,"Eugenstraße 3, 6060 Hall in Tirol",47.281198,11.508338,ChIJd2j8l19vnUcRhFKm2pir2VQ,,,,https://www.google.com/maps/place/?q=place_id:ChIJd2j8l19vnUcRhFKm2pir2VQ,False,,,
,rest_0269,Stüva,2,Contemporary,Ischgl,Austria,🇦🇹,"Dorfstr. 73, 6561 Ischgl",47.009614,10.289396,ChIJI_ornGGznEcR80JSduGHBV4,,,,https://www.google.com/maps/place/?q=place_id:ChIJI_ornGGznEcR80JSduGHBV4,False,,,
,rest_0270,Griggeler Stuba,2,Alpine Contemporary,Lech am Arlberg,Austria,🇦🇹,"Oberlech 568, 6764 Lech",47.21737,10.138693,ChIJR4YhucGmnEcRn3A-kHLl9Rw,,,,https://www.google.com/maps/place/?q=place_id:ChIJR4YhucGmnEcRn3A-kHLl9Rw,True,,,
,rest_0271,Rote Wand Chef's Table,2,Contemporary,Lech am Arlberg,Austria,🇦🇹,"Zug 6, 6764 Lech",47.20061,10.109262,ChIJr9qNfEWnnEcRzDK3g7iDYhs,,,,https://www.google.com/maps/place/?q=place_id:ChIJr9qNfEWnnEcRzDK3g7iDYhs,True,,,
,rest_0272,Landhaus Bacher,2,Austrian Contemporary,Mautern an der Donau,Austria,🇦🇹,"Südtiroler Pl. 2, 3512 Mautern an der Donau",48.393174,15.5795,ChIJ_0MTndapbUcRgApdMHFuuwI,,,,https://www.google.com/maps/place/?q=place_id:ChIJ_0MTndapbUcRgApdMHFuuwI,False,,,
,rest_0273,Restaurant 141 by Joachim Jaud,2,Contemporary,Mieming,Austria,🇦🇹,"Obermieming 141, 6414 Obermieming",47.307148,10.986114,ChIJAVokL0QfnUcRz1NDS8qRySg,,,,https://www.google.com/maps/place/?q=place_id:ChIJAVokL0QfnUcRz1NDS8qRySg,True,,,
,rest_0274,Ois,2,Regional Contemporary,Neufelden,Austria,🇦🇹,"Unternberg 6, 4120 Neufelden",48.481356,14.002414,ChIJswnAHmmAc0cR_6cM5pOOGO8,,,,https://www.google.com/maps/place/?q=place_id:ChIJswnAHmmAc0cR_6cM5pOOGO8,False,,,
,rest_0275,Ikarus,2,International Guest Chef Concept,Salzburg,Austria,🇦🇹,"Wilhelm-Spazier-Straße 7A, 5020 Salzburg",47.79362,13.007833,ChIJvTsynjyQdkcR10NE96LAmKc,,,,https://www.google.com/maps/place/?q=place_id:ChIJvTsynjyQdkcR10NE96LAmKc,False,,,
,rest_0276,SENNS.Restaurant,2,Contemporary,Salzburg,Austria,🇦🇹,"Söllheimer Str. 16, 5020 Salzburg",47.836065,13.063397,ChIJoXYp0vWadkcRuYv8twSPchA,,,,https://www.google.com/maps/place/?q=place_id:ChIJoXYp0vWadkcRuYv8twSPchA,False,,,
,rest_0277,Gourmetrestaurant Tannenhof,2,Contemporary,St. Anton am Arlberg,Austria,🇦🇹,"Nassereinerstraße 98, 6580 St. Anton am Arlberg",47.139565,10.27711,ChIJK2nw2UmxnEcR612igtN7ysQ,,,,https://www.google.com/maps/place/?q=place_id:ChIJK2nw2UmxnEcR612igtN7ysQ,True,,,
,rest_0278,Kräuterreich by Vitus Winkler,2,Herb-Focused Regional,St. Veit im Pongau,Austria,🇦🇹,"Kirchweg 2, 5621 St. Veit im Pongau",47.327841,13.152949,ChIJB_3KpP_ZdkcR57z8bOAK104,,,,https://www.google.com/maps/place/?q=place_id:ChIJB_3KpP_ZdkcR57z8bOAK104,False,,,
,rest_0279,Taubenkobel,2,Contemporary,Schützen am Gebirge,Austria,🇦🇹,"Hauptstraße 27/33, 7081 Schützen am Gebirge",47.851502,16.626502,ChIJcfDhBgpHbEcRkudKIFYP0Zk,,,,https://www.google.com/maps/place/?q=place_id:ChIJcfDhBgpHbEcRkudKIFYP0Zk,False,,,
,rest_0280,Obauer,2,Classic Austrian,Werfen,Austria,🇦🇹,"Markt 46, 5450 Werfen",47.475372,13.190137,ChIJB1nokUrbdkcRA085yJWlYFM,,,,https://www.google.com/maps/place/?q=place_id:ChIJB1nokUrbdkcRA085yJWlYFM,False,,,
,rest_0281,Doubek,2,Fire Cuisine,Vienna,Austria,🇦🇹,"Kochgasse 13, 1080 Wien",48.213057,16.349361,ChIJwwc1kVEHbUcRZ9fSL_0kobQ,,,,https://www.google.com/maps/place/?q=place_id:ChIJwwc1kVEHbUcRZ9fSL_0kobQ,False,,,
,rest_0282,Konstantin Filippou,2,Greek-Influenced Contemporary,Vienna,Austria,🇦🇹,"Dominikanerbastei 17, 1010 Wien",48.210659,16.379842,ChIJxZvrdaAHbUcRfK4VTaO9nzI,,,,https://www.google.com/maps/place/?q=place_id:ChIJxZvrdaAHbUcRfK4VTaO9nzI,False,,,
,rest_0283,Mraz & Sohn,2,Contemporary,Vienna,Austria,🇦🇹,"Wallensteinstraße 59, 1200 Wien",48.231385,16.376217,ChIJ-XQUQE0GbUcReMwA7OY540U,,,,https://www.google.com/maps/place/?q=place_id:ChIJ-XQUQE0GbUcReMwA7OY540U,False,,,
,rest_0284,Silvio Nickol Gourmet Restaurant,2,Classic Contemporary,Vienna,Austria,🇦🇹,"Coburgbastei 4, 1010 Wien",48.205714,16.376724,ChIJZTTxTPUHbUcRKCVviXL6orY,,,,https://www.google.com/maps/place/?q=place_id:ChIJZTTxTPUHbUcRKCVviXL6orY,False,,,
,rest_0285,Ma langue sourit,2,Contemporary French,Moutfort,Luxembourg,🇱🇺,"1 Rte de Remich, 5331 Oetrange Contern",49.597752,6.249537,ChIJwUUSlKNGlUcRkh88I2nxTTg,,,,https://www.google.com/maps/place/?q=place_id:ChIJwUUSlKNGlUcRkh88I2nxTTg,False,,,
,rest_0286,Louis Linster,2,French,Frisange,Luxembourg,🇱🇺,"17 Letzebuergerstrooss, 5752 Fréiseng",49.518167,6.187236,ChIJ-YMZHnc4lUcRtX0IuXdH_y8,,,,https://www.google.com/maps/place/?q=place_id:ChIJ-YMZHnc4lUcRtX0IuXdH_y8,False,,,
,rest_0287,Guillou Campagne,1,Classic French,Schouweiler,Luxembourg,🇱🇺,"17-19 Rue de la Résistance, 4996 Schouweiler",49.580408,5.955441,ChIJOQ55i9e06kcR0yMu3y7KOb0,,,,https://www.google.com/maps/place/?q=place_id:ChIJOQ55i9e06kcR0yMu3y7KOb0,False,,,
,rest_0288,Fani,1,Italian,Roeser,Luxembourg,🇱🇺,"51 Grand-Rue, 3394 Roeser",49.54,6.144722,ChIJFQyPIBBIlUcRqQ6MOJm-1us,,,,https://www.google.com/maps/place/?q=place_id:ChIJFQyPIBBIlUcRqQ6MOJm-1us,False,,,
,rest_0289,Mosconi,1,Italian,Luxembourg City,Luxembourg,🇱🇺,"13 Rue Münster, 2160 Grund Luxembourg",49.608986,6.135817,ChIJp1DpaM1IlUcRjRysHYw1Nc0,,,,https://www.google.com/maps/place/?q=place_id:ChIJp1DpaM1IlUcRjRysHYw1Nc0,False,,,
,rest_0290,Ryôdô,1,Japanese,Luxembourg City,Luxembourg,🇱🇺,"27 Rue Raymond Poincaré, 2342 Hollerich Luxembourg",49.6024,6.11712,ChIJyxPx02dJlUcRsHN9NdOkVaA,,,,https://www.google.com/maps/place/?q=place_id:ChIJyxPx02dJlUcRsHN9NdOkVaA,False,,,
,rest_0291,La Villa de Camille et Julien,1,French,Luxembourg City,Luxembourg,🇱🇺,"5 Rue de Pulvermuhl, 2356 Polfermillen Luxembourg",49.608927,6.150572,ChIJRcPaL8hIlUcR3Y0_ROWRDmw,,,,https://www.google.com/maps/place/?q=place_id:ChIJRcPaL8hIlUcR3Y0_ROWRDmw,False,,,
,rest_0292,Apdikt,1,Contemporary,Steinfort,Luxembourg,🇱🇺,"1 Rue des Martyrs, 8442 Steinfort",49.659613,5.916239,ChIJ5WqMiLOz6kcRvJGC3IXje04,,,,https://www.google.com/maps/place/?q=place_id:ChIJ5WqMiLOz6kcRvJGC3IXje04,False,,,
,rest_0293,Fields by René Mathieu,1,Plant-Based,Findel,Luxembourg,🇱🇺,"6 Rue de Trèves, 2632 Findel Sandweiler",49.628008,6.203107,ChIJFR-oPo5FlUcRcJ_NIXiybTI,,,,https://www.google.com/maps/place/?q=place_id:ChIJFR-oPo5FlUcRcJ_NIXiybTI,False,,,
,rest_0294,Archibald De Prince,1,Vegetable-Forward Contemporary,Lauterborn,Luxembourg,🇱🇺,"6 Lauterborn, 6562 Iechternach",49.7973,6.38814,ChIJx110PI1flUcRvvMfvY9kc70,,,,https://www.google.com/maps/place/?q=place_id:ChIJx110PI1flUcRvvMfvY9kc70,False,,,
,rest_0295,Grünewald Chef's Table,1,Contemporary French,Luxembourg City,Luxembourg,🇱🇺,"2 Rue des Hauts-Fourneaux, 1719 Dommeldange Luxembourg",49.633173,6.138203,ChIJ0ZlWNmNPlUcRYKIL5laBx98,,,,https://www.google.com/maps/place/?q=place_id:ChIJ0ZlWNmNPlUcRYKIL5laBx98,False,,,
,rest_0296,Asador Etxebarri,1,Wood-Fired Basque,Atxondo,Spain,🇪🇸,"San Juan Plaza, 1, 48291 Axpe-Martzaa",43.115872,-2.598469,ChIJfwMp6PLSTw0RFlSWXV3fkio,https://guide.michelin.com/us/en/pais-vasco/axpe/restaurant/etxebarri,https://www.asadoretxebarri.com/en/home,,https://www.google.com/maps/place/?q=place_id:ChIJfwMp6PLSTw0RFlSWXV3fkio,False,,2.0,2025.0
,rest_0297,Alchemist,2,Avant-Garde,Copenhagen,Denmark,🇩🇰,"Refshalevej 173C, 1432 København",55.693782,12.613653,ChIJGbFWVvBSUkYR5x0i6Z836Ao,https://guide.michelin.com/gb/en/capital-region/copenhagen/restaurant/alchemist,,,https://www.google.com/maps/place/?q=place_id:ChIJGbFWVvBSUkYR5x0i6Z836Ao,False,,5.0,2025.0
,rest_0298,Gaggan,2,Progressive Indian,Bangkok,Thailand,🇹🇭,"68 Sukhumvit 31, Khwaeng Khlong Tan Nuea, Watthana, Bangkok",13.740784,100.567587,ChIJi_nHcf-f4jARAI6VOXH0wII,,,,https://www.google.com/maps/place/?q=place_id:ChIJi_nHcf-f4jARAI6VOXH0wII,False,,6.0,2025.0
,rest_0299,Sézanne,3,Neo-French,Tokyo,Japan,🇯🇵,"1-chōme-11-1 Marunouchi, Chiyoda City, Tokyo",35.678034,139.766953,ChIJ-4nJtO-LGGARLkDEsx6UD4g,https://guide.michelin.com/us/en/tokyo-region/tokyo/restaurant/sezanne,https://www.sezanne.tokyo/,,https://www.google.com/maps/place/?q=place_id:ChIJ-4nJtO-LGGARLkDEsx6UD4g,False,,7.0,2025.0
,rest_0300,Table by Bruno Verjus,2,Product-Focused French,Paris,France,🇫🇷,"3 R. de Prague, 75012 Paris",48.848802,2.375849,ChIJoSONvAVy5kcRiFFvBHOUYv8,,,,https://www.google.com/maps/place/?q=place_id:ChIJoSONvAVy5kcRiFFvBHOUYv8,False,,8.0,2025.0
,rest_0301,Wing,0,Contemporary Chinese,Hong Kong,Hong Kong,🇭🇰,"29/F, The Wellington, 198 Wellington St, Central",22.284833,114.152944,ChIJ9TB5jAcBBDQREQJ8mH5EaVw,https://guide.michelin.com/us/en/hong-kong-region/hong-kong/restaurant/wing,,,https://www.google.com/maps/place/?q=place_id:ChIJ9TB5jAcBBDQREQJ8mH5EaVw,False,,11.0,2025.0
,rest_0302,Atomix,2,Contemporary Korean,New York,United States,🇺🇸,"104 E 30th St, New York, NY 10016",40.744232,-73.98285,ChIJ3bmAHghZwokRRXYO57yLuss,https://guide.michelin.com/us/en/new-york-state/new-york/restaurant/atomix,,,https://www.google.com/maps/place/?q=place_id:ChIJ3bmAHghZwokRRXYO57yLuss,False,,12.0,2025.0
,rest_0303,Potong,1,Thai-Chinese,Bangkok,Thailand,🇹🇭,"422 Soi Wanit 1, Khwaeng Samphanthawong, Bangkok",13.739155,100.508493,ChIJd7grWxeZ4jAR8KwClMpGmHo,https://guide.michelin.com/us/en/bangkok-region/bangkok/restaurant/potong,https://www.restaurantpotong.com/,,https://www.google.com/maps/place/?q=place_id:ChIJd7grWxeZ4jAR8KwClMpGmHo,False,,13.0,2025.0
,rest_0304,Plénitude,3,French Sauce-Focused,Paris,France,🇫🇷,"8 Quai du Louvre, 75001 Paris",48.858897,2.342046,ChIJ1YFmqNZv5kcRBAVR2JH8pEo,https://guide.michelin.com/us/en/ile-de-france/paris/restaurant/plenitude-cheval-blanc-paris,https://www.chevalblanc.com/en/maison/paris/restaurants-and-bars/plenitude/,,https://www.google.com/maps/place/?q=place_id:ChIJ1YFmqNZv5kcRBAVR2JH8pEo,False,,14.0,2025.0
,rest_0305,Ikoyi,2,West African-Inspired,London,United Kingdom,🇬🇧,"180 Strand, Temple, London WC2R 1EA",51.512371,-0.115547,ChIJkw2CZtEEdkgRgiNBxbdniHE,https://guide.michelin.com/us/en/greater-london/london/restaurant/ikoyi,,,https://www.google.com/maps/place/?q=place_id:ChIJkw2CZtEEdkgRgiNBxbdniHE,False,,15.0,2025.0
,rest_0306,Lido 84,1,Italian Contemporary,Gardone Riviera,Italy,🇮🇹,"Corso Giuseppe Zanardelli, 196, 25083 Gardone Riviera BS",45.625159,10.575567,ChIJx7BJHCKMgUcRA7aurgztHrQ,,,,https://www.google.com/maps/place/?q=place_id:ChIJx7BJHCKMgUcRA7aurgztHrQ,False,,16.0,2025.0
,rest_0307,Sorn,3,Southern Thai,Bangkok,Thailand,🇹🇭,"56 Sukhumvit 26, Khwaeng Khlong Tan Nuea, Bangkok",13.7231,100.568525,ChIJWfYJ3QWf4jAR9erXv7kK7sA,,,,https://www.google.com/maps/place/?q=place_id:ChIJWfYJ3QWf4jAR9erXv7kK7sA,False,,17.0,2025.0
,rest_0308,Reale,3,Italian Contemporary,Castel di Sangro,Italy,🇮🇹,"Contrada Piana Santa Liberata, 67031 Castel di Sangro AQ",41.77999,14.094598,ChIJnxxH1W96MBMRSkUGag8Oltc,https://guide.michelin.com/en/abruzzo/castel-di-sangro/restaurant/reale,https://www.nikoromito.com/en/reale-ristorante/,,https://www.google.com/maps/place/?q=place_id:ChIJnxxH1W96MBMRSkUGag8Oltc,False,,18.0,2025.0
,rest_0309,Atelier Moessmer Norbert Niederkofler,3,"Alpine ""Cook the Mountain""",Brunico,Italy,🇮🇹,"Via Walther von der Vogelweide, 17, 39031 Brunico BZ",46.79272,11.949188,ChIJf6LW4bcheEcRuUfcDFw1q30,,,,https://www.google.com/maps/place/?q=place_id:ChIJf6LW4bcheEcRuUfcDFw1q30,False,,20.0,2025.0
,rest_0310,Narisawa,2,Satoyama Cuisine,Tokyo,Japan,🇯🇵,"2-chōme-6-15 Minamiaoyama, Minato City, Tokyo",35.671565,139.721889,ChIJrbAVNIOMGGARXNvkApcqvng,,,,https://www.google.com/maps/place/?q=place_id:ChIJrbAVNIOMGGARXNvkApcqvng,False,,21.0,2025.0
,rest_0311,Sühring,2,Modern German,Bangkok,Thailand,🇹🇭,"10 Soi Yen Akat 3, Khwaeng Chong Nonsi, Bangkok",13.710813,100.545487,ChIJa4FyWkef4jARYosTC995W8U,,,,https://www.google.com/maps/place/?q=place_id:ChIJa4FyWkef4jARYosTC995W8U,False,,22.0,2025.0
,rest_0312,Elkano,1,Basque Seafood,Getaria,Spain,🇪🇸,"Herrerieta Kalea, 2, 20808 Getaria, Gipuzkoa",43.303045,-2.204978,ChIJH9GgGaLIUQ0RhEde7VfKpQI,https://guide.michelin.com/us/en/pais-vasco/getaria/restaurant/elkano,,,https://www.google.com/maps/place/?q=place_id:ChIJH9GgGaLIUQ0RhEde7VfKpQI,False,,24.0,2025.0
,rest_0313,Mingles,3,Contemporary Korean,Seoul,South Korea,🇰🇷,"19 Dosan-daero 67-gil, Gangnam District, Seoul",37.525339,127.044145,ChIJjXuM24mjfDURSwmouRnxNlM,https://guide.michelin.com/us/en/seoul-capital-area/kr-seoul/restaurant/mingles,,,https://www.google.com/maps/place/?q=place_id:ChIJjXuM24mjfDURSwmouRnxNlM,False,,29.0,2025.0
,rest_0314,Le Du,1,Modern Thai,Bangkok,Thailand,🇹🇭,"399/3 Soi Siri Chunsawek, Si Lom, Bangkok",13.725031,100.529352,ChIJL7-My9KY4jARzlw1ffk9vo8,,,,https://www.google.com/maps/place/?q=place_id:ChIJL7-My9KY4jARzlw1ffk9vo8,False,,30.0,2025.0
,rest_0315,Le Calandre,3,Italian Innovative,Rubano,Italy,🇮🇹,"Via Liguria, 1, 35030 Sarmeola PD",45.421743,11.809634,ChIJRwG9TKLZfkcRqCF9Hf_ANrk,,https://alajmo.it/en/pages/homepage-le-calandre,,https://www.google.com/maps/place/?q=place_id:ChIJRwG9TKLZfkcRqCF9Hf_ANrk,False,,31.0,2025.0
,rest_0316,Piazza Duomo,3,Italian Contemporary,Alba,Italy,🇮🇹,"Vicolo dell'Arco, 12, 12051 Alba CN",44.70057,8.035808,ChIJSw-GLl2z0hIRX8zyKXltoq8,,https://www.piazzaduomoalba.it/en/ristorante/,,https://www.google.com/maps/place/?q=place_id:ChIJSw-GLl2z0hIRX8zyKXltoq8,False,,32.0,2025.0
,rest_0317,Enigma,2,Avant-Garde,Barcelona,Spain,🇪🇸,"Carrer de Sepúlveda, 38-40, 08015 Barcelona",41.376647,2.15399,ChIJA6vUunyipBIRMtoRD_vIbII,https://guide.michelin.com/en/catalunya/barcelona/restaurant/enigma,,,https://www.google.com/maps/place/?q=place_id:ChIJA6vUunyipBIRMtoRD_vIbII,False,,34.0,2025.0
,rest_0318,Nusara,1,Modern Thai,Bangkok,Thailand,🇹🇭,"336 Thanon Maha Rat, Khwaeng Phra Borom Maha Ratchawang, Bangkok",13.745703,100.491528,ChIJe_d6d0OZ4jARL0uQgNHQRPI,,,,https://www.google.com/maps/place/?q=place_id:ChIJe_d6d0OZ4jARL0uQgNHQRPI,False,,35.0,2025.0
,rest_0319,Florilège,2,Contemporary French,Tokyo,Japan,🇯🇵,"5-chōme-10-7 Toranomon, Minato City, Tokyo",35.661609,139.743447,ChIJhU8r4Ba6JhUR2uFksk0mpCg,,,,https://www.google.com/maps/place/?q=place_id:ChIJhU8r4Ba6JhUR2uFksk0mpCg,False,,36.0,2025.0
,rest_0320,Orfali Bros,1,Pan-Levantine,Dubai,United Arab Emirates,🇦🇪,"Al Wasl Rd, Al Wasl, Jumeira First, Dubai",25.218628,55.261291,ChIJv6Zm1-hDXz4R9c0k9cOGun4,,,,https://www.google.com/maps/place/?q=place_id:ChIJv6Zm1-hDXz4R9c0k9cOGun4,False,,37.0,2025.0
,rest_0321,Frantzén,3,Nordic-Japanese-French,Stockholm,Sweden,🇸🇪,"Klara Norra kyrkogata 26, 111 22 Stockholm",59.33391,18.058612,ChIJhwomM2edX0YR9gW2q53gJRg,https://guide.michelin.com/us/en/stockholm-region/stockholm/restaurant/frantzen,,,https://www.google.com/maps/place/?q=place_id:ChIJhwomM2edX0YR9gW2q53gJRg,False,,38.0,2025.0
,rest_0322,Septime,1,Modern French Bistro,Paris,France,🇫🇷,"80 Rue de Charonne, 75011 Paris",48.853572,2.380933,ChIJE6kCUghy5kcRmWSg3RUHIwM,,,,https://www.google.com/maps/place/?q=place_id:ChIJE6kCUghy5kcRmWSg3RUHIwM,False,,40.0,2025.0
,rest_0323,Kadeau,3,New Nordic,Copenhagen,Denmark,🇩🇰,"Wildersgade 10B, 1408 København",55.672294,12.588981,ChIJ1Y52MZlTUkYRuDl4FNhYh_U,https://guide.michelin.com/us/en/capital-region/copenhagen/restaurant/kadeau-copenhagen,,,https://www.google.com/maps/place/?q=place_id:ChIJ1Y52MZlTUkYRuDl4FNhYh_U,False,,41.0,2025.0
,rest_0324,Belcanto,2,Contemporary Portuguese,Lisbon,Portugal,🇵🇹,"R. Serpa Pinto 10A, 1200-445 Lisboa",38.710099,-9.141466,ChIJITj75340GQ0RXULVgWMFloA,,,,https://www.google.com/maps/place/?q=place_id:ChIJITj75340GQ0RXULVgWMFloA,False,,42.0,2025.0
,rest_0325,Uliassi,3,Adriatic Seafood,Senigallia,Italy,🇮🇹,"Banchina di Levante, 6, 60019 Senigallia AN",43.719463,13.220813,ChIJcR28_J1zLRMRk_P3vABNEog,,https://uliassi.com/en/,,https://www.google.com/maps/place/?q=place_id:ChIJcR28_J1zLRMRk_P3vABNEog,False,,43.0,2025.0
,rest_0326,La Cime,2,Modern French,Osaka,Japan,🇯🇵,"3-chōme-2-15 Kawaramachi, Chuo Ward, Osaka",34.685815,135.503429,ChIJJQbuz-HmAGARlT3utlf3bPA,,,,https://www.google.com/maps/place/?q=place_id:ChIJJQbuz-HmAGARlT3utlf3bPA,False,,44.0,2025.0
,rest_0327,Arpège,3,Vegetable-Focused French,Paris,France,🇫🇷,"84 Rue de Varenne, 75007 Paris",48.855787,2.317068,ChIJQ-oAFypw5kcR2T9NszPcZO4,,,,https://www.google.com/maps/place/?q=place_id:ChIJQ-oAFypw5kcR2T9NszPcZO4,False,,45.0,2025.0
,rest_0328,Rosetta,1,Contemporary Mexican,Mexico City,Mexico,🇲🇽,"C. Colima 166, Roma Nte., Cuauhtémoc, 06700 Ciudad de México",19.419776,-99.159801,ChIJdSGAWgP_0YURwNtY7rftf2E,,,,https://www.google.com/maps/place/?q=place_id:ChIJdSGAWgP_0YURwNtY7rftf2E,False,,46.0,2025.0
,rest_0329,Kol,1,Mexican,London,United Kingdom,🇬🇧,"9 Seymour St, London W1H 7BA",51.514764,-0.157522,ChIJvfnOCgUbdkgR3FvbixhS2cw,https://guide.michelin.com/us/en/greater-london/london/restaurant/kol,,,https://www.google.com/maps/place/?q=place_id:ChIJvfnOCgUbdkgR3FvbixhS2cw,False,,49.0,2025.0
,rest_0330,Cocina Hermanos Torres,3,,Barcelona,Spain,🇪🇸,"Carrer del Taquígraf Serra 20, 08029 Barcelona",41.386493,2.140125,ChIJrcC3iq2ZpBIRyVqXiw2N8XU,https://guide.michelin.com/us/en/catalunya/barcelona/restaurant/cocina-hermanos-torres,,,https://www.google.com/maps/place/?q=place_id:ChIJrcC3iq2ZpBIRyVqXiw2N8XU,False,,,
,rest_0331,Disfrutar,3,Creative,Barcelona,Spain,🇪🇸,"Carrer de Villarroel 163, 08036 Barcelona",41.387806,2.153188,ChIJTSzGu4WipBIRkznre9Zwis0,https://guide.michelin.com/us/en/catalunya/barcelona/restaurant/disfrutar,,,https://www.google.com/maps/place/?q=place_id:ChIJTSzGu4WipBIRkznre9Zwis0,False,,,
,rest_0332,Noor,3,,Córdoba,Spain,🇪🇸,"Calle Pablo Ruiz Picasso 8, 14014 Córdoba",37.889742,-4.75846,ChIJ6_O4fI_fbA0RIlLV24ME7Ys,https://guide.michelin.com/en/andalucia/cordoba/restaurant/noor,https://noorrestaurant.es/en/,,https://www.google.com/maps/place/?q=place_id:ChIJ6_O4fI_fbA0RIlLV24ME7Ys,False,,,
,rest_0333,Quique Dacosta,3,,Dénia,Spain,🇪🇸,"Carrer Rascassa 1, 03700 Dénia, Alicante",38.853742,0.085191,ChIJU1izUBkbnhIRfn-1gHM6C8Y,https://guide.michelin.com/us/en/comunidad-valenciana/dnia/restaurant/quique-dacosta,https://quiquedacosta.es/en/home/,,https://www.google.com/maps/place/?q=place_id:ChIJU1izUBkbnhIRfn-1gHM6C8Y,False,,,
,rest_0334,Akelaŕe,3,,San Sebastian,Spain,🇪🇸,"Padre Orkolaga Ibilbidea 56, 20008 Donostia-San Sebastián, Gipuzkoa",43.307785,-2.043136,ChIJXdMPlZ6wUQ0RgkKFNtNEFXE,https://guide.michelin.com/us/en/pais-vasco/es-donostia-san-sebastian/restaurant/akelare,https://akelarre.net/en/,,https://www.google.com/maps/place/?q=place_id:ChIJXdMPlZ6wUQ0RgkKFNtNEFXE,True,,,
,rest_0335,Arzak,3,,San Sebastian,Spain,🇪🇸,"Alcalde José Elosegi Hiribidea 273, 20015 Donostia-San Sebastián, Gipuzkoa",43.321457,-1.949315,ChIJk16VNUOlUQ0RN9deX3Lcna8,https://guide.michelin.com/us/en/pais-vasco/es-donostia-san-sebastian/restaurant/arzak,,,https://www.google.com/maps/place/?q=place_id:ChIJk16VNUOlUQ0RN9deX3Lcna8,False,,,
,rest_0336,Aponiente,3,Creative Seafood,El Puerto de Santa María,Spain,🇪🇸,"Calle Francisco Cossi Ochoa s/n, 11500 El Puerto de Santa María, Cádiz",36.603142,-6.216411,ChIJS8jxvenPDQ0Rl6kdS43TPQc,https://guide.michelin.com/us/en/andalucia/el-puerto-de-santa-maria/restaurant/aponiente,,,https://www.google.com/maps/place/?q=place_id:ChIJS8jxvenPDQ0Rl6kdS43TPQc,False,,,
,rest_0337,El Celler de Can Roca,3,Catalan Creative,Girona,Spain,🇪🇸,"Carrer de Can Sunyer 48, 17007 Girona",41.993364,2.80765,ChIJk14z3xHnuhIR-sQ5JACOBic,https://guide.michelin.com/us/en/catalunya/girona/restaurant/el-celler-de-can-roca,,,https://www.google.com/maps/place/?q=place_id:ChIJk14z3xHnuhIR-sQ5JACOBic,False,,,
,rest_0338,Azurmendi,3,,Larrabetzu,Spain,🇪🇸,"Barrio Leguina s/n, 48195 Larrabetzu, Bizkaia",43.260557,-2.81603,ChIJCeEOclRITg0R_hLIpCMim5A,https://guide.michelin.com/us/en/pais-vasco/larrabetzu/restaurant/azurmendi,https://azurmendi.restaurant/en/,,https://www.google.com/maps/place/?q=place_id:ChIJCeEOclRITg0R_hLIpCMim5A,False,,,
,rest_0339,Martín Berasategui,3,,Lasarte-Oria,Spain,🇪🇸,"Loidi Kalea 4, 20160 Lasarte-Oria, Gipuzkoa",43.26679,-2.015529,ChIJdazzUbCxUQ0Rw9XhbhKiMKM,https://guide.michelin.com/en/pais-vasco/lasarte-oria/restaurant/martin-berasategui,,,https://www.google.com/maps/place/?q=place_id:ChIJdazzUbCxUQ0Rw9XhbhKiMKM,False,,,
,rest_0340,Cenador de Amós,3,,Villaverde de Pontones,Spain,🇪🇸,"Plaza del Sol s/n, 39793 Villaverde de Pontones, Cantabria",43.4124,-3.69918,ChIJL4yXdGPKTg0RySq4Ufm7wOU,https://guide.michelin.com/us/en/cantabria/villaverde-de-pontones/restaurant/cenador-de-amos,https://cenadordeamos.com/en/,,https://www.google.com/maps/place/?q=place_id:ChIJL4yXdGPKTg0RySq4Ufm7wOU,False,,,
,rest_0341,Casa Marcial,3,Asturian Creative,La Salgar,Spain,🇪🇸,"Calle La Salgar s/n, 33549 Arriondas, Asturias",43.418343,-5.193087,ChIJefNOj6QZNg0RLQfBY8NJwn4,https://guide.michelin.com/us/en/principado-de-asturias/arriondas/restaurant/casa-marcial,,,https://www.google.com/maps/place/?q=place_id:ChIJefNOj6QZNg0RLQfBY8NJwn4,False,,,
,rest_0342,El Rincón de Juan Carlos,2,,Adeje,Spain,🇪🇸,"Avenida de la Virgen de Guadalupe 21, 38679 Adeje, Santa Cruz de Tenerife",28.101594,-16.753779,ChIJG61GKRWMagwRQjBhxSfEtwg,,,,https://www.google.com/maps/place/?q=place_id:ChIJG61GKRWMagwRQjBhxSfEtwg,True,,,
,rest_0343,Maralba,2,,Almansa,Spain,🇪🇸,"Calle Violeta Parra 5, 02640 Almansa, Albacete",38.869635,-1.091217,ChIJH6uXbRtPYQ0RjGiBxTRkQIs,,,,https://www.google.com/maps/place/?q=place_id:ChIJH6uXbRtPYQ0RjGiBxTRkQIs,False,,,
,rest_0344,Aleia,2,,Barcelona,Spain,🇪🇸,"Passeig de Gràcia 132, 08008 Barcelona",41.398016,2.158123,ChIJuQRMUWmjpBIRoCWVQoLeCj4,,,,https://www.google.com/maps/place/?q=place_id:ChIJuQRMUWmjpBIRoCWVQoLeCj4,False,,,
,rest_0345,Cinc Sentits,2,,Barcelona,Spain,🇪🇸,"Carrer d'Entença 60, 08015 Barcelona",41.378388,2.152417,ChIJ8TMSh46ipBIRVmVx_17vwLE,,,,https://www.google.com/maps/place/?q=place_id:ChIJ8TMSh46ipBIRVmVx_17vwLE,False,,,
,rest_0346,Enoteca Paco Pérez,2,,Barcelona,Spain,🇪🇸,"Carrer de la Marina 19-21, 08005 Barcelona",41.387008,2.196635,ChIJ0Ulj4g6jpBIRDNNmVg5Hr2E,,,,https://www.google.com/maps/place/?q=place_id:ChIJ0Ulj4g6jpBIRDNNmVg5Hr2E,True,,,
,rest_0347,Mont Bar,2,,Barcelona,Spain,🇪🇸,"Carrer de la Diputació 220, 08011 Barcelona",41.38622,2.161686,ChIJ0dN7e4yipBIRegh8fqP2o98,,,,https://www.google.com/maps/place/?q=place_id:ChIJ0dN7e4yipBIRegh8fqP2o98,False,,,
,rest_0348,La Boscana,2,,Bellvís,Spain,🇪🇸,"LV-3311 4, 25142 Bellvís, Lleida",41.661912,0.808007,ChIJ____v03pphIRnvNqobXAvIw,,,,https://www.google.com/maps/place/?q=place_id:ChIJ____v03pphIRnvNqobXAvIw,False,,,
,rest_0349,Voro,2,,Canyamel,Spain,🇪🇸,"Urbanització Atalaya de Canyamel, Vial A2 12, 07589 Canyamel, Illes Balears",39.668705,3.439215,ChIJGWe1G_MVlhIRi3JLd51CDVQ,,,,https://www.google.com/maps/place/?q=place_id:ChIJGWe1G_MVlhIRi3JLd51CDVQ,False,,,
,rest_0350,Atrio,3,,Cáceres,Spain,🇪🇸,"Plaza San Mateo 1, 10003 Cáceres",39.473018,-6.371306,ChIJm1JTpdbfFQ0Rv2Lf-opFjX0,https://guide.michelin.com/en/extremadura/cceres/restaurant/atrio,https://atriocaceres.com/en/,,https://www.google.com/maps/place/?q=place_id:ChIJm1JTpdbfFQ0Rv2Lf-opFjX0,True,,,
,rest_0351,L'Escaleta,2,,Cocentaina,Spain,🇪🇸,"Subida la Estación del Norte 205, 03824 Cocentaina, Alicante",38.757039,-0.446598,ChIJcTrsHV6PYQ0R6lS93LclZQc,,,,https://www.google.com/maps/place/?q=place_id:ChIJcTrsHV6PYQ0R6lS93LclZQc,False,,,
,rest_0352,Bo.TiC,2,,Corçà,Spain,🇪🇸,"Avinguda Costa Brava 6, 17121 Corçà, Girona",41.987884,3.015991,ChIJI5JbhhPmuhIRWGkTnrSLXbA,,,,https://www.google.com/maps/place/?q=place_id:ChIJI5JbhhPmuhIRWGkTnrSLXbA,False,,,
,rest_0353,Venta Moncalvillo,2,,Daroca de Rioja,Spain,🇪🇸,"Carretera de Medrano 6, 26373 Daroca de Rioja, La Rioja",42.371413,-2.580575,ChIJlSjf5ixQRQ0Rgcbjyrf31fM,,,,https://www.google.com/maps/place/?q=place_id:ChIJlSjf5ixQRQ0Rgcbjyrf31fM,False,,,
,rest_0354,Amelia by Paulo Airaudo,2,,San Sebastian,Spain,🇪🇸,"República Argentina Kalea 4, 20004 Donostia-San Sebastián, Gipuzkoa",43.321703,-1.97999,ChIJhwSoqVelUQ0RY-IbWu6ubUg,,,,https://www.google.com/maps/place/?q=place_id:ChIJhwSoqVelUQ0RY-IbWu6ubUg,True,,,
,rest_0355,Cabaña Buenavista,2,,El Palmar,Spain,🇪🇸,"Urbanización Colonia Buenavista, Finca Buenavista s/n, 30120 El Palmar, Murcia",37.924258,-1.163293,ChIJD1LwXht_Yw0RihK-e00iDK4,,,,https://www.google.com/maps/place/?q=place_id:ChIJD1LwXht_Yw0RihK-e00iDK4,False,,,
,rest_0356,Mugaritz,2,,Errenteria,Spain,🇪🇸,"Aldura Gunea Aldea 20, 20100 Errenteria, Gipuzkoa",43.272404,-1.917212,ChIJrbLj_tauUQ0RpCer8fGceF8,,,,https://www.google.com/maps/place/?q=place_id:ChIJrbLj_tauUQ0RpCer8fGceF8,False,,,
,rest_0357,El Portal de Echaurren,2,,Ezcaray,Spain,🇪🇸,"Calle Padre José García 19, 26280 Ezcaray, La Rioja",42.325511,-3.014637,ChIJD_OcNQBxRQ0RNV5klgMm-sA,,,,https://www.google.com/maps/place/?q=place_id:ChIJD_OcNQBxRQ0RNV5klgMm-sA,False,,,
,rest_0358,M.B,2,,Guía de Isora,Spain,🇪🇸,"Calle María Zambrano 2, Carretera General TF-47 Km 9, 38687 Guía de Isora, Santa Cruz de Tenerife",28.171166,-16.799506,ChIJeX4lHyHNQQwRROLp-p8Ktoo,,,,https://www.google.com/maps/place/?q=place_id:ChIJeX4lHyHNQQwRROLp-p8Ktoo,False,,,
,rest_0359,LÚ Cocina y Alma,2,,Jerez de la Frontera,Spain,🇪🇸,"Calle Zaragoza 2, 11405 Jerez de la Frontera, Cádiz",36.687611,-6.13573,ChIJoy5Sk5XGDQ0RAPg46JVv_-k,,,,https://www.google.com/maps/place/?q=place_id:ChIJoy5Sk5XGDQ0RAPg46JVv_-k,False,,,
,rest_0360,Miramar,2,,Llançà,Spain,🇪🇸,"Passeig Marítim 7, 17490 Llançà, Girona",42.371056,3.16014,ChIJ6bKJc5V8uhIRfhqasoyh5Tw,,,,https://www.google.com/maps/place/?q=place_id:ChIJ6bKJc5V8uhIRfhqasoyh5Tw,False,,,
,rest_0361,Coque,2,,Madrid,Spain,🇪🇸,"Calle del Marqués del Riscal 11, 28010 Madrid",40.430682,-3.690451,ChIJoRkIVamMQQ0RlLGpgzeAxzA,,,,https://www.google.com/maps/place/?q=place_id:ChIJoRkIVamMQQ0RlLGpgzeAxzA,False,,,
,rest_0362,DSTAgE,2,,Madrid,Spain,🇪🇸,"Calle de Regueros 8, 28004 Madrid",40.424603,-3.696359,ChIJM_4eFY8oQg0R3wcnD3nYubk,,,,https://www.google.com/maps/place/?q=place_id:ChIJM_4eFY8oQg0R3wcnD3nYubk,False,,,
,rest_0363,Paco Roncero,2,,Madrid,Spain,🇪🇸,"Calle de Alcalá 15, 28014 Madrid",40.417975,-3.700389,ChIJ8XazK4EoQg0RZLOowkzfVGM,,,,https://www.google.com/maps/place/?q=place_id:ChIJ8XazK4EoQg0RZLOowkzfVGM,False,,,
,rest_0364,Ramón Freixa Atelier,2,,Madrid,Spain,🇪🇸,"Calle de Velázquez 24, 28001 Madrid",40.424186,-3.683769,ChIJXXIgAgApQg0R2Xg6SR1lci8,,,,https://www.google.com/maps/place/?q=place_id:ChIJXXIgAgApQg0R2Xg6SR1lci8,False,,,
,rest_0365,Smoked Room,2,,Madrid,Spain,🇪🇸,"Paseo de la Castellana 57, 28046 Madrid",40.438868,-3.691687,ChIJq1UftCkpQg0RWN7BXvf4TVs,,,,https://www.google.com/maps/place/?q=place_id:ChIJq1UftCkpQg0RWN7BXvf4TVs,False,,,
,rest_0366,Skina,2,,Marbella,Spain,🇪🇸,"Avenida Cánovas del Castillo 9, 29601 Marbella, Málaga",36.511537,-4.901397,ChIJ-Q9epwfYcg0RaTPKmHo19EI,,,,https://www.google.com/maps/place/?q=place_id:ChIJ-Q9epwfYcg0RaTPKmHo19EI,False,,,
,rest_0367,Culler de Pau,2,,O Grove,Spain,🇪🇸,"Lugar Reboredo 73, 36980 O Grove, Pontevedra",42.475352,-8.895876,ChIJlcdndk9ALw0R1AIwgh8b65Q,,,,https://www.google.com/maps/place/?q=place_id:ChIJlcdndk9ALw0R1AIwgh8b65Q,False,,,
,rest_0368,Les Cols,2,,Olot,Spain,🇪🇸,"Carretera de la Canya 106, 17800 Olot, Girona",42.194488,2.500981,ChIJJQAGN_XKuhIRj4fev4m_6FI,,,,https://www.google.com/maps/place/?q=place_id:ChIJJQAGN_XKuhIRj4fev4m_6FI,False,,,
,rest_0369,Pepe Vieira,2,,Raxó,Spain,🇪🇸,"Camiño Serpe s/n, 36992 Raxó, Pontevedra",42.409312,-8.754456,ChIJ5QNoiNZoLw0RvbJ5lX1hWz8,,,,https://www.google.com/maps/place/?q=place_id:ChIJ5QNoiNZoLw0RvbJ5lX1hWz8,True,,,
,rest_0370,Bardal,2,,Ronda,Spain,🇪🇸,"Calle José Aparicio 1, 29400 Ronda, Málaga",36.741564,-5.166564,ChIJfycB4TgxDQ0RPC-1VC7ddac,,,,https://www.google.com/maps/place/?q=place_id:ChIJfycB4TgxDQ0RPC-1VC7ddac,False,,,
,rest_0371,Retiro da Costiña,2,,Santa Comba,Spain,🇪🇸,"Avenida de Santiago 12, 15840 Santa Comba, A Coruña",43.033053,-8.803879,ChIJRTlCBbLpLg0RB3kXgX-fzVw,,,,https://www.google.com/maps/place/?q=place_id:ChIJRTlCBbLpLg0RB3kXgX-fzVw,False,,,
,rest_0372,Iván Cerdeño,2,,Toledo,Spain,🇪🇸,"Cigarral del Ángel, Carretera de la Puebla s/n, 45004 Toledo",39.861747,-4.046095,ChIJ2QCWTcx0ag0RIQdHJzBBz0M,,,,https://www.google.com/maps/place/?q=place_id:ChIJ2QCWTcx0ag0RIQdHJzBBz0M,False,,,
,rest_0373,El Molino de Urdániz,2,,Urdaitz,Spain,🇪🇸,"Carretera N-135 Km 16,5, 31698 Urdániz, Navarra",42.909185,-1.533997,ChIJo254LwvqUA0RdtQtu5lDeis,,,,https://www.google.com/maps/place/?q=place_id:ChIJo254LwvqUA0RdtQtu5lDeis,False,,,
,rest_0374,Flores Raras,2,,València,Spain,🇪🇸,"Carrer de Correus 8, 46002 València",39.469639,-0.374525,ChIJ_STarbRIYA0Rf7bdwzvgpoA,,,,https://www.google.com/maps/place/?q=place_id:ChIJ_STarbRIYA0Rf7bdwzvgpoA,False,,,
,rest_0375,Ricard Camarena,2,,València,Spain,🇪🇸,"Avinguda de Burjassot 54, 46009 València",39.485391,-0.385095,ChIJDXL1jclIYA0RjKrQUUOSQkw,,,,https://www.google.com/maps/place/?q=place_id:ChIJDXL1jclIYA0RjKrQUUOSQkw,False,,,
,rest_0376,BonAmb,2,,Xàbia,Spain,🇪🇸,"Carretera del Poblenou de Benitatxell 100, 03730 Xàbia, Alicante",38.770129,0.148608,ChIJERyvt38PnhIRAwcr9D1fTxA,,,,https://www.google.com/maps/place/?q=place_id:ChIJERyvt38PnhIRAwcr9D1fTxA,False,,,
,rest_0377,Ambivium,1,,Peñafiel,Spain,🇪🇸,"Camino de Carraovejas s/n, 47300 Peñafiel, Valladolid",41.594789,-4.087594,ChIJ5V5_NULrRg0RnMryopZ3LUI,,,,https://www.google.com/maps/place/?q=place_id:ChIJ5V5_NULrRg0RnMryopZ3LUI,False,,,
,rest_0378,Villa Crespi,3,,Orta San Giulio,Italy,🇮🇹,"Via Giuseppe Fava 18, 28016 Orta San Giulio NO",45.796324,8.416004,ChIJZdtD1PEMhkcRiZZbAt8RFqM,https://guide.michelin.com/en/piemonte/orta-san-giulio/restaurant/villa-crespi,https://villacrespi.it/en/restaurant/,,https://www.google.com/maps/place/?q=place_id:ChIJZdtD1PEMhkcRiZZbAt8RFqM,True,,,
,rest_0379,Da Vittorio,3,Italian Contemporary,Brusaporto,Italy,🇮🇹,"Via Cantalupa 17, 24060 Brusaporto BG",45.676036,9.769551,ChIJ4Sv3o_9agUcROCSRC0X4C90,https://guide.michelin.com/en/lombardia/brusaporto/restaurant/da-vittorio,,,https://www.google.com/maps/place/?q=place_id:ChIJ4Sv3o_9agUcROCSRC0X4C90,False,,,
,rest_0380,Dal Pescatore,3,,Canneto sull'Oglio,Italy,🇮🇹,"Via Runate 15, 46013 Canneto sull'Oglio MN",45.171067,10.357414,ChIJEbzybxqzgUcRn1pQZjdmsH0,,,,https://www.google.com/maps/place/?q=place_id:ChIJEbzybxqzgUcRn1pQZjdmsH0,False,,,
,rest_0381,Enoteca Pinchiorri,3,,Florence,Italy,🇮🇹,"Via Ghibellina 87, 50122 Firenze FI",43.77,11.262222,ChIJJ9GCOAZUKhMRhWUgMfpfvX4,,,,https://www.google.com/maps/place/?q=place_id:ChIJJ9GCOAZUKhMRhWUgMfpfvX4,False,,,
,rest_0382,La Pergola,3,,Rome,Italy,🇮🇹,"Via Alberto Cadlolo 101, 00136 Roma RM",41.918999,12.446661,ChIJHw9AUoRgLxMR2Up1TWI6ZS8,https://guide.michelin.com/en/lazio/roma/restaurant/la-pergola69016,https://romecavalieri.com/la-pergola/,,https://www.google.com/maps/place/?q=place_id:ChIJHw9AUoRgLxMR2Up1TWI6ZS8,False,,,
,rest_0383,Enrico Bartolini al MUDEC,3,,Milan,Italy,🇮🇹,"Via Tortona 56, 20144 Milano MI",45.45155,9.161627,ChIJr54jbebDhkcRlR68yNtO368,https://guide.michelin.com/us/en/lombardia/milano/restaurant/enrico-bartolini-al-mudec,,,https://www.google.com/maps/place/?q=place_id:ChIJr54jbebDhkcRlR68yNtO368,False,,,
,rest_0384,Quattro Passi,3,,Nerano,Italy,🇮🇹,"Via Amerigo Vespucci 13N, 80061 Nerano NA",40.585693,14.353484,ChIJZX0FkF6cOxMRoKKKRJPAVsI,,,,https://www.google.com/maps/place/?q=place_id:ChIJZX0FkF6cOxMRoKKKRJPAVsI,False,,,
,rest_0385,Casa Perbellini 12 Apostoli,3,Italian Creative Contemporary,Verona,Italy,🇮🇹,"Vicolo Corticella San Marco 3, 37121 Verona VR",45.442674,10.996113,ChIJu8s0-1dff0cR-BmaS83pW3U,https://guide.michelin.com/us/en/veneto/verona/restaurant/casa-perbellini,,,https://www.google.com/maps/place/?q=place_id:ChIJu8s0-1dff0cR-BmaS83pW3U,False,,,
,rest_0386,La Rei Natura by Michelangelo Mammoliti,3,,Serralunga d'Alba,Italy,🇮🇹,"Via Roddino 21, 12050 Serralunga d'Alba CN",44.594311,7.999737,ChIJieiHWAKx0hIRDIin1Xj3feo,https://guide.michelin.com/us/en/piemonte/serralunga-d-alba/restaurant/la-rei-natura-by-michelangelo-mammoliti,,,https://www.google.com/maps/place/?q=place_id:ChIJieiHWAKx0hIRDIin1Xj3feo,False,,,
,rest_0387,Famiglia Rana,2,,Oppeano,Italy,🇮🇹,"Via Feniletto 2, 37050 Oppeano VR",45.314339,11.11925,ChIJIeJpZShmf0cRMZFnnP-PTJQ,,,,https://www.google.com/maps/place/?q=place_id:ChIJIeJpZShmf0cRMZFnnP-PTJQ,False,,,
,rest_0388,I Tenerumi,2,,Vulcano,Italy,🇮🇹,"Isola di Vulcano, 98050 Vulcanello ME",38.430358,14.95619,ChIJxUJ8o1F_FhMRra1-3iGIwD0,,,,https://www.google.com/maps/place/?q=place_id:ChIJxUJ8o1F_FhMRra1-3iGIwD0,True,,,
,rest_0389,Villa Elena,2,,Bergamo,Italy,🇮🇹,"Via San Vigilio 56, 24129 Bergamo BG",45.711994,9.646925,ChIJLVJdksBRgUcRHNdHD9fWRLU,,,,https://www.google.com/maps/place/?q=place_id:ChIJLVJdksBRgUcRHNdHD9fWRLU,False,,,
,rest_0390,Campo del Drago,2,,Montalcino,Italy,🇮🇹,"Castiglion del Bosco, 53024 Montalcino SI",43.083987,11.422263,ChIJb_6pejB5KRMR3OZxmmD_1tQ,,,,https://www.google.com/maps/place/?q=place_id:ChIJb_6pejB5KRMR3OZxmmD_1tQ,False,,,
,rest_0391,George Restaurant,2,,Naples,Italy,🇮🇹,"Corso Vittorio Emanuele 135, 80121 Napoli NA",40.83718,14.230105,ChIJLQKHEf0IOxMRMClP898p2_k,,,,https://www.google.com/maps/place/?q=place_id:ChIJLQKHEf0IOxMRMClP898p2_k,False,,,
,rest_0392,Piazzetta Milù,2,,Castellammare di Stabia,Italy,🇮🇹,"Corso Alcide de Gasperi 23, 80053 Castellammare di Stabia NA",40.70225,14.483099,ChIJscnMZUi9OxMREz-vsvqv53k,,,,https://www.google.com/maps/place/?q=place_id:ChIJscnMZUi9OxMREz-vsvqv53k,False,,,
,rest_0393,Andrea Aprea,2,,Milan,Italy,🇮🇹,"Corso Venezia 52, 20122 Milano MI",45.473319,9.204331,ChIJAziHpuvHhkcRl-Trv2l_rtI,,,,https://www.google.com/maps/place/?q=place_id:ChIJAziHpuvHhkcRl-Trv2l_rtI,False,,,
,rest_0394,Tre Olivi,2,,Paestum,Italy,🇮🇹,"Via Poseidonia 41, 84047 Paestum SA",40.429047,14.984829,ChIJJ2c0vQH9OxMRXSHjZPj7Frs,,,,https://www.google.com/maps/place/?q=place_id:ChIJJ2c0vQH9OxMRXSHjZPj7Frs,False,,,
,rest_0395,Krèsios,2,,Telese Terme,Italy,🇮🇹,"Via San Giovanni 59, 82037 Telese Terme BN",41.202984,14.499323,ChIJBRJDB_RDOhMRdTYmFrinF4A,,,,https://www.google.com/maps/place/?q=place_id:ChIJBRJDB_RDOhMRdTYmFrinF4A,False,,,
,rest_0396,L'Olivo,2,,Anacapri,Italy,🇮🇹,"Via Capodimonte 14, 80071 Anacapri NA",40.555732,14.221847,ChIJ-S_r1d55OxMR3nVJEeW2KaE,,,,https://www.google.com/maps/place/?q=place_id:ChIJ-S_r1d55OxMR3nVJEeW2KaE,True,,,
,rest_0397,Taverna Estia,2,,Brusciano,Italy,🇮🇹,"Via Guido De Ruggiero 108, 80031 Brusciano NA",40.908345,14.42313,ChIJayYsomKuOxMRQINDUOZQjaY,,,,https://www.google.com/maps/place/?q=place_id:ChIJayYsomKuOxMRQINDUOZQjaY,False,,,
,rest_0398,Antica Corona Reale,2,,Cervere,Italy,🇮🇹,"Via Fossano 13, 12040 Cervere CN",44.635,7.788611,ChIJ_5grF9mp0hIR4_bR0aA0vhQ,,,,https://www.google.com/maps/place/?q=place_id:ChIJ_5grF9mp0hIR4_bR0aA0vhQ,False,,,
,rest_0399,Locanda Sant'Uffizio Enrico Bartolini,2,,Cioccaro,Italy,🇮🇹,"Strada Sant'Uffizio 1, 14030 Cioccaro di Penango AT",45.02703,8.277406,ChIJVVVlI06-h0cRwO7O81q2PYY,,,,https://www.google.com/maps/place/?q=place_id:ChIJVVVlI06-h0cRwO7O81q2PYY,False,,,
,rest_0400,Arnolfo,2,,Colle di Val d'Elsa,Italy,🇮🇹,"Viale della Rimembranza 24, 53034 Colle di Val d'Elsa SI",43.423854,11.116062,ChIJHRIqD-A6KhMRDnWRom_Tpgw,,,,https://www.google.com/maps/place/?q=place_id:ChIJHRIqD-A6KhMRDnWRom_Tpgw,False,,,
,rest_0401,D'O,2,,Cornaredo,Italy,🇮🇹,"Piazza della Chiesa 14, 20007 San Pietro all'Olmo, Cornaredo MI",45.487042,9.011831,ChIJkeSg2_PrhkcRl4P-fI4Mv4I,,,,https://www.google.com/maps/place/?q=place_id:ChIJkeSg2_PrhkcRl4P-fI4Mv4I,False,,,
,rest_0402,Santa Elisabetta,2,,Florence,Italy,🇮🇹,"Piazza Sant'Elisabetta 3, 50122 Firenze FI",43.771821,11.255752,ChIJ4ZdxZQFUKhMRWpRqKWv90zI,,,,https://www.google.com/maps/place/?q=place_id:ChIJ4ZdxZQFUKhMRWpRqKWv90zI,True,,,
,rest_0403,Villa Feltrinelli,2,,Gargnano,Italy,🇮🇹,"Via Rimembranza 38, 25084 Gargnano BS",45.69381,10.670387,ChIJe82o1b6KgUcRm5udhtXKqt0,,,,https://www.google.com/maps/place/?q=place_id:ChIJe82o1b6KgUcRm5udhtXKqt0,True,Grand Hotel a Villa Feltrinelli,,
,rest_0404,Agli Amici,2,,Godia,Italy,🇮🇹,"Via Liguria 252, 33100 Udine UD",46.102319,13.266351,ChIJdbGWVW5KekcR-_s8SxYpGXM,,,,https://www.google.com/maps/place/?q=place_id:ChIJdbGWVW5KekcR-_s8SxYpGXM,False,,,
,rest_0405,San Domenico,2,,Imola,Italy,🇮🇹,"Via Gaspare Sacchi 1, 40026 Imola BO",44.355779,11.712456,ChIJN7ruqX5KKxMRi7fMLtNLs4Q,,,,https://www.google.com/maps/place/?q=place_id:ChIJN7ruqX5KKxMRi7fMLtNLs4Q,False,,,
,rest_0406,daní maison,2,,Ischia,Italy,🇮🇹,"Via Montetignuso 4, 80077 Ischia NA",40.725967,13.947649,ChIJrxdcgeVqOxMR9D5e-zLM7Vo,,,,https://www.google.com/maps/place/?q=place_id:ChIJrxdcgeVqOxMR9D5e-zLM7Vo,False,,,
,rest_0407,La Madia,2,,Licata,Italy,🇮🇹,"Corso Filippo Re Capriata 22, 92027 Licata AG",37.105447,13.934929,ChIJ-6MwyjVeEBMRr7QLyWOtM9Y,,,,https://www.google.com/maps/place/?q=place_id:ChIJ-6MwyjVeEBMRr7QLyWOtM9Y,False,,,
,rest_0408,Magnolia,2,,Longiano,Italy,🇮🇹,"Via Pelliciano 35, 47020 Longiano FC",44.072937,12.34963,ChIJv8jHz7y3LBMR1zBF6x5BYAg,,,,https://www.google.com/maps/place/?q=place_id:ChIJv8jHz7y3LBMR1zBF6x5BYAg,False,,,
,rest_0409,La Peca,2,,Lonigo,Italy,🇮🇹,"Via Alberto Giovanelli 2, 36045 Lonigo VI",45.384904,11.399066,ChIJV71tzOU-f0cROUwQmHRoAUM,,,,https://www.google.com/maps/place/?q=place_id:ChIJV71tzOU-f0cROUwQmHRoAUM,False,,,
,rest_0410,Antica Osteria Cera,2,,Lughetto,Italy,🇮🇹,"Via Marghera 24, 30010 Lughetto VE",45.387939,12.130286,ChIJb8FQgHS4fkcRMWrbSmuqSyE,,,,https://www.google.com/maps/place/?q=place_id:ChIJb8FQgHS4fkcRMWrbSmuqSyE,False,,,
,rest_0411,Madonnina del Pescatore,2,,Marzocca,Italy,🇮🇹,"Lungomare Italia 11, 60019 Senigallia AN",43.681579,13.280034,ChIJcc9A7712LRMRWPJsgA0L2ZY,,,,https://www.google.com/maps/place/?q=place_id:ChIJcc9A7712LRMRWPJsgA0L2ZY,False,,,
,rest_0412,Verso Capitaneo,2,,Milan,Italy,🇮🇹,"Piazza del Duomo 21, 20121 Milano MI",45.464826,9.18957,ChIJCa-LmFvHhkcRN6i9ZPTlFeQ,,,,https://www.google.com/maps/place/?q=place_id:ChIJCa-LmFvHhkcRN6i9ZPTlFeQ,False,,,
,rest_0413,Seta by Antonio Guida,2,,Milan,Italy,🇮🇹,"Via Monte di Pietà 18, 20121 Milano MI",45.469828,9.191319,ChIJ4SpfKbLGhkcRelRO_y0t8ZE,,,,https://www.google.com/maps/place/?q=place_id:ChIJ4SpfKbLGhkcRelRO_y0t8ZE,False,,,
,rest_0414,Caino,2,,Montemerano,Italy,🇮🇹,"Via della Chiesa 4, 58014 Montemerano GR",42.62196,11.490551,ChIJBY28iyIDKRMRPCvsN3s5E2A,,,,https://www.google.com/maps/place/?q=place_id:ChIJBY28iyIDKRMRPCvsN3s5E2A,False,,,
,rest_0415,Duomo,2,,Ragusa,Italy,🇮🇹,"Via Capitano Bocchieri 31, Ibla, 97100 Ragusa RG",36.926756,14.741571,ChIJzctdA3iZERMR_umre_dNRko,,,,https://www.google.com/maps/place/?q=place_id:ChIJzctdA3iZERMR_umre_dNRko,False,,,
,rest_0416,Il Pagliaccio,2,,Rome,Italy,🇮🇹,"Via dei Banchi Vecchi 129/a, 00186 Roma RM",41.897889,12.467425,ChIJxXT3hURgLxMRuzmYPjBhY8k,,,,https://www.google.com/maps/place/?q=place_id:ChIJxXT3hURgLxMRuzmYPjBhY8k,False,,,
,rest_0417,Acquolina,2,,Rome,Italy,🇮🇹,"Via del Vantaggio 14, 00186 Roma RM",41.908768,12.475572,ChIJg_5F7dFgLxMRVhs1OD0oNFE,,,,https://www.google.com/maps/place/?q=place_id:ChIJg_5F7dFgLxMRVhs1OD0oNFE,True,,,
,rest_0418,Enoteca La Torre,2,,Rome,Italy,🇮🇹,"Lungotevere delle Armi 23, 00195 Roma RM",41.916386,12.469003,ChIJXSxaU_BgLxMRo5GX70m-__M,,,,https://www.google.com/maps/place/?q=place_id:ChIJXSxaU_BgLxMRo5GX70m-__M,False,,,
,rest_0419,Terra The Magic Place,2,,Sarentino,Italy,🇮🇹,"Prati 21, 39058 Sarentino BZ",46.651791,11.322479,ChIJI0PeyImjgkcRar4w7mUaHAo,,,,https://www.google.com/maps/place/?q=place_id:ChIJI0PeyImjgkcRar4w7mUaHAo,True,,,
,rest_0420,St. George by Heinz Beck,2,,Taormina,Italy,🇮🇹,"Viale San Pancrazio 46, 98039 Taormina ME",37.85547,15.290006,ChIJk3INh58RFBMRp9846eqSPUA,,,,https://www.google.com/maps/place/?q=place_id:ChIJk3INh58RFBMRp9846eqSPUA,False,,,
,rest_0421,Castel fine dining,2,,Tirolo,Italy,🇮🇹,"Vicolo dei Castagni 18, 39019 Tirolo BZ",46.686253,11.155794,ChIJQyiWndS5gkcRrKnpytgojmU,,,,https://www.google.com/maps/place/?q=place_id:ChIJQyiWndS5gkcRrKnpytgojmU,False,,,
,rest_0422,Harry's Piccolo,2,,Trieste,Italy,🇮🇹,"Piazza Unità d'Italia 2/1, 34121 Trieste TS",45.649614,13.767331,ChIJycNkG3Fre0cRG8GFpMbWZnY,,,,https://www.google.com/maps/place/?q=place_id:ChIJycNkG3Fre0cRG8GFpMbWZnY,False,,,
,rest_0423,Glam Enrico Bartolini,2,,Venice,Italy,🇮🇹,"Calle Tron 1961, 30135 Venezia VE",45.441379,12.329912,ChIJcypW7sOxfkcRz-086hZfk34,,,,https://www.google.com/maps/place/?q=place_id:ChIJcypW7sOxfkcRz-086hZfk34,False,,,
,rest_0424,Hiša Franko,3,,Kobarid,Slovenia,🇸🇮,"Staro selo 1, 5222 Kobarid",46.247249,13.537761,ChIJg2ySsFBbekcR-PLGw2nIRAY,,https://www.hisafranko.com/en,,https://www.google.com/maps/place/?q=place_id:ChIJg2ySsFBbekcR-PLGw2nIRAY,False,,,
,rest_0425,Milka,2,,Kranjska Gora,Slovenia,🇸🇮,"Vršiška cesta 45, 4280 Kranjska Gora",46.475143,13.78479,ChIJkU08p0F9ekcRR9HMa_96Sko,,,,https://www.google.com/maps/place/?q=place_id:ChIJkU08p0F9ekcRR9HMa_96Sko,False,,,
,rest_0426,Agli Amici Rovinj,2,,Rovinj,Croatia,🇭🇷,"Šetalište Vijeća Europe 1-2, 52210 Rovinj",45.074929,13.635925,ChIJST0MVbLBfEcR_PVPZNZhkbg,,,,https://www.google.com/maps/place/?q=place_id:ChIJST0MVbLBfEcR_PVPZNZhkbg,True,,,
,rest_0427,Platán Gourmet,2,,Tata,Hungary,🇭🇺,"Kastély tér 6, 2890 Tata",47.648039,18.318165,ChIJ0RoXhsFFakcR5DayAmvNa7g,,,,https://www.google.com/maps/place/?q=place_id:ChIJ0RoXhsFFakcR5DayAmvNa7g,True,,,
,rest_0428,Stand,2,,Budapest,Hungary,🇭🇺,"Székely Mihály utca 2, 1061 Budapest",47.50026,19.059541,ChIJTW7kvGrdQUcRfw3zIx9kEhE,,,,https://www.google.com/maps/place/?q=place_id:ChIJTW7kvGrdQUcRfw3zIx9kEhE,False,,,
,rest_0429,ION Harbour by Simon Rogan,2,,Valletta,Malta,🇲🇹,"11 St. Barbara Bastion, Valletta VLT 1961",35.896171,14.514243,ChIJO4HhfR9FDhMRiFSyTAtcga8,,,,https://www.google.com/maps/place/?q=place_id:ChIJO4HhfR9FDhMRiFSyTAtcga8,True,,,
,rest_0430,Maaemo,3,New Nordic,Oslo,Norway,🇳🇴,"Dronning Eufemias gate 23, 0194 Oslo",59.907545,10.758183,ChIJhyP_qopuQUYRwvq5k9QGIy8,,,,https://www.google.com/maps/place/?q=place_id:ChIJhyP_qopuQUYRwvq5k9QGIy8,False,,,
,rest_0431,RE-NAA,3,Creative Seafood,Stavanger,Norway,🇳🇴,"Nordbøgata 8, 4006 Stavanger",58.973985,5.730862,ChIJG7IDHko1OkYRNC5tAviphS0,https://guide.michelin.com/us/en/rogaland/stavanger/restaurant/re-naa,https://www.restaurantrenaa.no/,,https://www.google.com/maps/place/?q=place_id:ChIJG7IDHko1OkYRNC5tAviphS0,False,,,
,rest_0432,Kontrast,2,,Oslo,Norway,🇳🇴,"Maridalsveien 15a, 0175 Oslo",59.922939,10.75116,ChIJoZWp-ipsQUYR-u_yrxmpgnI,,,,https://www.google.com/maps/place/?q=place_id:ChIJoZWp-ipsQUYR-u_yrxmpgnI,False,,,
,rest_0433,Palace,2,,Helsinki,Finland,🇫🇮,"Eteläranta 10, 00130 Helsinki",60.165219,24.952263,ChIJpdIjrMgLkkYRxba2xc1Dy5w,,,,https://www.google.com/maps/place/?q=place_id:ChIJpdIjrMgLkkYRxba2xc1Dy5w,False,,,
,rest_0434,Robuchon au Dôme,3,French Haute Cuisine,Macau,Macau,🇲🇴,"43/F, Grand Lisboa, Avenida de Lisboa, Macau",22.190458,113.543295,ChIJuUb6K-l6ATQRts0nKhypN_o,,https://www.grandlisboa.com/en/restaurants-n-bars/robuchon-au-dome,,https://www.google.com/maps/place/?q=place_id:ChIJuUb6K-l6ATQRts0nKhypN_o,True,Grand Lisboa,,
,rest_0435,Jade Dragon,3,Cantonese,Macau,Macau,🇲🇴,"Level 2, The Shops at The Boulevard, City of Dreams, Macau",22.149368,113.565044,ChIJIb6sPwRwATQR7XJPFXV9J-M,https://guide.michelin.com/us/en/macau-region/macau/restaurant/jade-dragon,https://www.cityofdreamsmacau.com/en/dining/jade-dragon,,https://www.google.com/maps/place/?q=place_id:ChIJIb6sPwRwATQR7XJPFXV9J-M,True,City of Dreams,,
,rest_0436,Wing Lei,2,,Macau,Macau,🇲🇴,"Wynn Macau, Rua Cidade de Sintra, Macau",22.187261,113.546147,ChIJfcn6seZ6ATQRA3r-L8mH2eU,,,,https://www.google.com/maps/place/?q=place_id:ChIJfcn6seZ6ATQRA3r-L8mH2eU,True,Wynn Macau,,
,rest_0437,Alain Ducasse at Morpheus,2,,Macau,Macau,🇲🇴,"Level 3, Morpheus, City of Dreams, Estrada do Istmo, Macau",22.150012,113.566927,ChIJe_6MvZ5xATQRocpAwXdfTC0,,,,https://www.google.com/maps/place/?q=place_id:ChIJe_6MvZ5xATQRocpAwXdfTC0,True,Morpheus,,
,rest_0438,The Eight,2,,Macau,Macau,🇲🇴,"2/F, Grand Lisboa, Avenida de Lisboa, Macau",22.190867,113.54339,ChIJ6TQTLOl6ATQRM6WceXtvdME,,,,https://www.google.com/maps/place/?q=place_id:ChIJ6TQTLOl6ATQRM6WceXtvdME,True,Grand Lisboa,,
,rest_0439,Feng Wei Ju,2,,Macau,Macau,🇲🇴,"5/F, StarWorld Hotel, Avenida da Amizade, Macau",22.18986,113.548033,ChIJZ2VBzOl6ATQRN0HIR86Usks,,,,https://www.google.com/maps/place/?q=place_id:ChIJZ2VBzOl6ATQRN0HIR86Usks,True,StarWorld Hotel,,
,rest_0440,Chef Tam's Seasons,2,,Macau,Macau,🇲🇴,"Wynn Palace, Avenida da Nave Desportiva, Macau",22.146966,113.572432,ChIJS0UZ8v1xATQRY8atMJIReq4,,,,https://www.google.com/maps/place/?q=place_id:ChIJS0UZ8v1xATQRY8atMJIReq4,True,Wynn Palace,,
,rest_0441,8 1/2 Otto e Mezzo - Bombana,3,Italian,Hong Kong,Hong Kong,🇭🇰,"Shop 202, Landmark Alexandra, 18 Chater Road, Central, Hong Kong",22.281517,114.158756,ChIJTSKji2QABDQRqD5qV3Bt2d8,https://guide.michelin.com/us/en/hong-kong-region/hong-kong/restaurant/8%C2%BD-otto-e-mezzo-bombana,https://www.ottoemezzobombana.com/,,https://www.google.com/maps/place/?q=place_id:ChIJTSKji2QABDQRqD5qV3Bt2d8,False,,,
,rest_0442,Amber,3,Modern French,Hong Kong,Hong Kong,🇭🇰,"7/F, The Landmark Mandarin Oriental, 15 Queen’s Road Central, Central, Hong Kong",22.281793,114.158427,ChIJK_Ki6GQABDQR6msLLCzNE04,https://guide.michelin.com/us/en/hong-kong-region/hong-kong/restaurant/amber569032,https://www.mandarinoriental.com/en/hong-kong/the-landmark/dine/amber,,https://www.google.com/maps/place/?q=place_id:ChIJK_Ki6GQABDQR6msLLCzNE04,True,The Landmark Mandarin Oriental,,
,rest_0443,Caprice,3,French,Hong Kong,Hong Kong,🇭🇰,"6/F, Four Seasons Hotel Hong Kong, 8 Finance Street, Central, Hong Kong",22.286405,114.157097,ChIJzbDWTWIABDQRfEbzv7wxi40,https://guide.michelin.com/us/en/hong-kong-region/hong-kong/restaurant/caprice,https://www.fourseasons.com/hongkong/dining/restaurants/caprice/,,https://www.google.com/maps/place/?q=place_id:ChIJzbDWTWIABDQRfEbzv7wxi40,True,Four Seasons Hotel Hong Kong,,
,rest_0444,Forum,3,Cantonese,Hong Kong,Hong Kong,🇭🇰,"1/F, Sino Plaza, 255-257 Gloucester Road, Causeway Bay, Hong Kong",22.281358,114.182299,ChIJt4qE4VYABDQR2MS3nZlE-xo,,,,https://www.google.com/maps/place/?q=place_id:ChIJt4qE4VYABDQR2MS3nZlE-xo,False,,,
,rest_0445,Sushi Shikon,3,Japanese / Edomae Sushi,Hong Kong,Hong Kong,🇭🇰,"7/F, The Landmark Mandarin Oriental, 15 Queen’s Road Central, Central, Hong Kong",22.280532,114.157936,ChIJf4R5aHwABDQR2OIi4wZ1g58,,,,https://www.google.com/maps/place/?q=place_id:ChIJf4R5aHwABDQR2OIi4wZ1g58,True,The Landmark Mandarin Oriental,,
,rest_0446,Ta Vie,3,French-Japanese,Hong Kong,Hong Kong,🇭🇰,"2/F, The Pottinger Hong Kong, 74 Queen’s Road Central, Central, Hong Kong",22.282759,114.155346,ChIJB-qdUXsABDQRlotSKcO6_3Q,https://guide.michelin.com/us/en/hong-kong-region/hong-kong/restaurant/ta-vie,,,https://www.google.com/maps/place/?q=place_id:ChIJB-qdUXsABDQRlotSKcO6_3Q,True,The Pottinger Hong Kong,,
,rest_0447,T'ang Court,3,Cantonese,Hong Kong,Hong Kong,🇭🇰,"1/F and 2/F, The Langham Hong Kong, 8 Peking Road, Tsim Sha Tsui, Hong Kong",22.296412,114.169746,ChIJd2vXkvIABDQRX8k5mX-dJvU,https://guide.michelin.com/us/en/hong-kong-region/hong-kong/restaurant/t-ang-court,https://www.langhamhotels.com/en/the-langham/hong-kong/dine/tang-court/,,https://www.google.com/maps/place/?q=place_id:ChIJd2vXkvIABDQRX8k5mX-dJvU,True,The Langham Hong Kong,,
,rest_0448,Arbor,2,,Hong Kong,Hong Kong,🇭🇰,"25/F, H Queen’s, 80 Queen’s Road Central, Central, Hong Kong",22.283043,114.155341,ChIJn9ixrw0BBDQRKt4lkh1td-I,,,,https://www.google.com/maps/place/?q=place_id:ChIJn9ixrw0BBDQRKt4lkh1td-I,False,,,
,rest_0449,Bo Innovation,2,,Hong Kong,Hong Kong,🇭🇰,"1/F, H Code, 45 Pottinger Street, Central, Hong Kong",22.282212,114.154557,ChIJqX6Q4FwABDQRE5FoTKCffFU,,,,https://www.google.com/maps/place/?q=place_id:ChIJqX6Q4FwABDQRE5FoTKCffFU,False,,,
,rest_0450,Cristal Room by Anne-Sophie Pic,2,,Hong Kong,Hong Kong,🇭🇰,"43-45/F, Gloucester Tower, The Landmark, 15 Queen’s Road Central, Central, Hong Kong",22.281297,114.157826,ChIJF7kGCOQBBDQRygojPj_1VDU,,,,https://www.google.com/maps/place/?q=place_id:ChIJF7kGCOQBBDQRygojPj_1VDU,False,,,
,rest_0451,Lai Ching Heen,2,,Hong Kong,Hong Kong,🇭🇰,"Regent Hong Kong, 18 Salisbury Road, Tsim Sha Tsui, Hong Kong",22.293436,114.173935,ChIJW8h1YvEABDQR976FSVBlaQA,,,,https://www.google.com/maps/place/?q=place_id:ChIJW8h1YvEABDQR976FSVBlaQA,True,Regent Hong Kong,,
,rest_0452,L'Atelier de Joël Robuchon,2,,Hong Kong,Hong Kong,🇭🇰,"Shop 401 & 415, 4/F, The Landmark, 15 Queen’s Road Central, Central, Hong Kong",22.281925,114.158489,ChIJwVykxpIABDQR1MZ-gH1ykQk,,,,https://www.google.com/maps/place/?q=place_id:ChIJwVykxpIABDQR1MZ-gH1ykQk,False,,,
,rest_0453,L'Envol,2,,Hong Kong,Hong Kong,🇭🇰,"3/F, The St. Regis Hong Kong, 1 Harbour Drive, Wan Chai, Hong Kong",22.27986,114.174938,ChIJ8TgQDNEBBDQREcrQS4Y1isY,,,,https://www.google.com/maps/place/?q=place_id:ChIJ8TgQDNEBBDQREcrQS4Y1isY,True,The St. Regis Hong Kong,,
,rest_0454,Lung King Heen,2,,Hong Kong,Hong Kong,🇭🇰,"4/F, Four Seasons Hotel Hong Kong, 8 Finance Street, Central, Hong Kong",22.286428,114.157054,ChIJzbDWTWIABDQRhRm8m1oEQbc,,,,https://www.google.com/maps/place/?q=place_id:ChIJzbDWTWIABDQRhRm8m1oEQbc,True,Four Seasons Hotel Hong Kong,,
,rest_0455,Noi by Paulo Airaudo,2,,Hong Kong,Hong Kong,🇭🇰,"5/F, Four Seasons Hotel Hong Kong, 8 Finance Street, Central, Hong Kong",22.286638,114.156647,ChIJsQzNJAkBBDQR-iTpcmehnWM,,,,https://www.google.com/maps/place/?q=place_id:ChIJsQzNJAkBBDQR-iTpcmehnWM,True,Four Seasons Hotel Hong Kong,,
,rest_0456,Octavium,2,,Hong Kong,Hong Kong,🇭🇰,"8/F, One Chinachem Central, 22 Des Voeux Road Central, Central, Hong Kong",22.282484,114.15725,ChIJAQAUvWQABDQR6xwlaINa_Fg,,,,https://www.google.com/maps/place/?q=place_id:ChIJAQAUvWQABDQR6xwlaINa_Fg,False,,,
,rest_0457,Rùn,2,,Hong Kong,Hong Kong,🇭🇰,"2/F, The St. Regis Hong Kong, 1 Harbour Drive, Wan Chai, Hong Kong",22.279865,114.174898,ChIJg3k8mcEBBDQRglaFDOUqUNU,,,,https://www.google.com/maps/place/?q=place_id:ChIJg3k8mcEBBDQRglaFDOUqUNU,True,The St. Regis Hong Kong,,
,rest_0458,Tate,2,,Hong Kong,Hong Kong,🇭🇰,"68 Lok Ku Road, Sheung Wan, Hong Kong",22.284638,114.150183,ChIJlRpgqnsABDQRnPOTTc7WkCQ,,,,https://www.google.com/maps/place/?q=place_id:ChIJlRpgqnsABDQRnPOTTc7WkCQ,False,,,
,rest_0459,Tin Lung Heen,2,,Hong Kong,Hong Kong,🇭🇰,"102/F, The Ritz-Carlton Hong Kong, ICC, 1 Austin Road West, Tsim Sha Tsui, Hong Kong",22.303465,114.160223,ChIJdb45FZEABDQRW12akQkMM9M,,,,https://www.google.com/maps/place/?q=place_id:ChIJdb45FZEABDQRW12akQkMM9M,True,The Ritz-Carlton Hong Kong,,
,rest_0460,Ying Jee Club,2,,Hong Kong,Hong Kong,🇭🇰,"Shop G05, 107-108, Nexxus Building, 41 Connaught Road Central, Central, Hong Kong",22.284318,114.156563,ChIJw-yCSGMABDQRho89_TXRM1g,,,,https://www.google.com/maps/place/?q=place_id:ChIJw-yCSGMABDQRho89_TXRM1g,False,,,
,rest_0461,Le Palais,3,Cantonese,Taipei,Taiwan,🇹🇼,"17F, Palais de Chine Hotel, No. 3, Section 1, Chengde Road, Datong District, Taipei",25.049149,121.51687,ChIJr4YudW2pQjQR6s2rQHF7d5A,https://guide.michelin.com/us/en/taipei-region/taipei/restaurant/le-palais,,,https://www.google.com/maps/place/?q=place_id:ChIJr4YudW2pQjQR6s2rQHF7d5A,True,Palais de Chine Hotel,,
,rest_0462,Taïrroir,3,Taiwanese Contemporary,Taipei,Taiwan,🇹🇼,"6F, No. 299, Lequn 3rd Road, Zhongshan District, Taipei",25.08278,121.559177,ChIJIduw3BKsQjQR3Gkz01ZqB8s,https://guide.michelin.com/us/en/taipei-region/taipei/restaurant/tairroir,,,https://www.google.com/maps/place/?q=place_id:ChIJIduw3BKsQjQR3Gkz01ZqB8s,False,,,
,rest_0463,JL Studio,3,Singaporean Contemporary,Taichung,Taiwan,🇹🇼,"2F, No. 689, Section 4, Yifeng Road, Nantun District, Taichung",24.150484,120.628543,ChIJpzHEAN09aTQRdBlo7PKl7A0,,,,https://www.google.com/maps/place/?q=place_id:ChIJpzHEAN09aTQRdBlo7PKl7A0,False,,,
,rest_0464,A,2,,Taipei,Taiwan,🇹🇼,"4F, Diamond Towers, No. 282, Section 3, Zhongxiao East Road, Da’an District, Taipei",25.041422,121.542695,ChIJt2exNxurQjQROcDnwKLeXA4,,,,https://www.google.com/maps/place/?q=place_id:ChIJt2exNxurQjQROcDnwKLeXA4,False,,,
,rest_0465,Eika,2,,Taipei,Taiwan,🇹🇼,"No. 58, Minle Street, Datong District, Taipei",25.057479,121.510515,ChIJnaykAxWpQjQRnSZt6p0IkUU,,,,https://www.google.com/maps/place/?q=place_id:ChIJnaykAxWpQjQRnSZt6p0IkUU,False,,,
,rest_0466,L'Atelier de Joël Robuchon,2,,Taipei,Taiwan,🇹🇼,"5F, No. 28, Songren Road, Xinyi District, Taipei",25.039862,121.567619,ChIJMX_7qLurQjQRy5IA3BMsmv4,,,,https://www.google.com/maps/place/?q=place_id:ChIJMX_7qLurQjQRy5IA3BMsmv4,False,,,
,rest_0467,logy,2,,Taipei,Taiwan,🇹🇼,"1F, No. 39, Lane 258, Ruiguang Road, Neihu District, Taipei",25.074901,121.574815,ChIJNWCqhOGrQjQR_4bJNRZ8uM0,,,,https://www.google.com/maps/place/?q=place_id:ChIJNWCqhOGrQjQR_4bJNRZ8uM0,False,,,
,rest_0468,Molino de Urdániz,2,,Taipei,Taiwan,🇹🇼,"GF, No. 61, Section 1, Jianguo North Road, Zhongshan District, Taipei",25.050701,121.537125,ChIJoRTSRRCrQjQRn9SZUCoa5Xw,,,,https://www.google.com/maps/place/?q=place_id:ChIJoRTSRRCrQjQRn9SZUCoa5Xw,False,,,
,rest_0469,Mudan,2,,Taipei,Taiwan,🇹🇼,"No. 17, Lane 52, Siwei Road, Da’an District, Taipei",25.035127,121.547106,ChIJg91vPgWrQjQRziRWMlNKG-E,,,,https://www.google.com/maps/place/?q=place_id:ChIJg91vPgWrQjQRziRWMlNKG-E,False,,,
,rest_0470,Yu Kapo,2,,Taipei,Taiwan,🇹🇼,"No. 9-1, Sanmin Road, Songshan District, Taipei",25.053924,121.563286,ChIJXVoEUeCrQjQRQLRks8Ezcf8,,,,https://www.google.com/maps/place/?q=place_id:ChIJXVoEUeCrQjQRQLRks8Ezcf8,False,,,
,rest_0471,Xin Rong Ji (Xinyuan South Road),3,Taizhou Chinese,Beijing,China,🇨🇳,"1F, Qi Hao East Tower, 8 Xinyuan South Road, Chaoyang District, Beijing 100027",39.94737,116.45643,ChIJpUivl4Ss8TURC3ygTskJKgI,,,,https://www.google.com/maps/place/?q=place_id:ChIJpUivl4Ss8TURC3ygTskJKgI,False,,,
,rest_0472,King's Joy,2,,Beijing,China,🇨🇳,"2 Wudaoying Hutong, Dongcheng District, Beijing 100011",39.948151,116.41617,ChIJfboVgUtT8DUR_jT_hhMVPQA,,,,https://www.google.com/maps/place/?q=place_id:ChIJfboVgUtT8DUR_jT_hhMVPQA,False,,,
,rest_0473,Geranium,3,New Nordic,Copenhagen,Denmark,🇩🇰,"Per Henrik Lings Allé 4, 8. sal, 2100 København",55.703748,12.572191,ChIJAQshwflSUkYRF9f4wpDIt7U,https://guide.michelin.com/us/en/capital-region/copenhagen/restaurant/geranium,,,https://www.google.com/maps/place/?q=place_id:ChIJAQshwflSUkYRF9f4wpDIt7U,False,,,
,rest_0474,Jordnær,3,,Gentofte,Denmark,🇩🇰,"Gentoftegade 29, 2820 Gentofte",55.748299,12.541208,ChIJWxyiJPFNUkYRTp10-YnYcNg,https://guide.michelin.com/gb/en/capital-region/gentofte_1373269/restaurant/jordnaer,,,https://www.google.com/maps/place/?q=place_id:ChIJWxyiJPFNUkYRTp10-YnYcNg,False,,,
,rest_0475,a|o|c,2,,Copenhagen,Denmark,🇩🇰,"Dronningens Tværgade 2, 1302 København",55.68327,12.588797,ChIJM6fyhhhTUkYRy5Y4y78NEYU,,,,https://www.google.com/maps/place/?q=place_id:ChIJM6fyhhhTUkYRy5Y4y78NEYU,False,,,
,rest_0476,Koan,2,,Copenhagen,Denmark,🇩🇰,"Langeliniekaj 5, 2100 København",55.69556,12.599928,ChIJoxbQhIBTUkYR15NWp69nCt0,,,,https://www.google.com/maps/place/?q=place_id:ChIJoxbQhIBTUkYR15NWp69nCt0,False,,,
,rest_0477,Kong Hans Kælder,2,,Copenhagen,Denmark,🇩🇰,"Vingårdstræde 6, 1070 København",55.678775,12.584143,ChIJXdbkpBdTUkYRO6NpiMExk-w,,,,https://www.google.com/maps/place/?q=place_id:ChIJXdbkpBdTUkYRO6NpiMExk-w,False,,,
,rest_0478,Frederikshøj,2,,Aarhus,Denmark,🇩🇰,"Oddervej 19, 8000 Aarhus",56.124882,10.208982,ChIJw6FQimRATEYRIG6puzRPJMU,,,,https://www.google.com/maps/place/?q=place_id:ChIJw6FQimRATEYRIG6puzRPJMU,False,,,
,rest_0479,Henne Kirkeby Kro,2,,Henne,Denmark,🇩🇰,"Strandvejen 234, 6854 Henne",55.726985,8.242336,ChIJr7LY1kHlSkYR-FgaMam2-xU,,,,https://www.google.com/maps/place/?q=place_id:ChIJr7LY1kHlSkYR-FgaMam2-xU,True,Henne Kirkeby Kro,,
,rest_0480,PAZ,2,,Tórshavn,Faroe Islands,🇫🇴,"Doktara Jakobsens gøta 18, 100 Tórshavn",62.009991,-6.776228,ChIJo9pFTmkvvEgRrzffEi4Fhzc,,,,https://www.google.com/maps/place/?q=place_id:ChIJo9pFTmkvvEgRrzffEi4Fhzc,False,,,
,rest_0481,AIRA,2,,Stockholm,Sweden,🇸🇪,"Biskopsvägen 9, 115 21 Stockholm",59.320876,18.123641,ChIJo-jR6FCDX0YRyX4XLbig0yI,,,,https://www.google.com/maps/place/?q=place_id:ChIJo-jR6FCDX0YRyX4XLbig0yI,False,,,
,rest_0482,Aloë,2,,Stockholm,Sweden,🇸🇪,"Svartlösavägen 52, 125 33 Älvsjö",59.284252,17.985333,ChIJTd9AGwJ3X0YRugDia1Gerg0,,,,https://www.google.com/maps/place/?q=place_id:ChIJTd9AGwJ3X0YRugDia1Gerg0,False,,,
,rest_0483,Signum,2,,Mölnlycke,Sweden,🇸🇪,"Långenäsvägen 150, 435 35 Mölnlycke",57.675369,12.179005,ChIJcwxYz2PxT0YRbOv1sdSxCMg,,,,https://www.google.com/maps/place/?q=place_id:ChIJcwxYz2PxT0YRbOv1sdSxCMg,False,,,
,rest_0484,Vollmers,2,,Malmö,Sweden,🇸🇪,"Tegelgårdsgatan 5, 211 33 Malmö",55.60469,12.996586,ChIJcenHbP6jU0YRISVlIYKXnrQ,,,,https://www.google.com/maps/place/?q=place_id:ChIJcenHbP6jU0YRISVlIYKXnrQ,False,,,
,rest_0485,Kikunoi Honten,3,Kaiseki,Kyoto,Japan,🇯🇵,"459 Shimokawarachō, Higashiyama Ward, Kyoto 605-0825",35.001475,135.782056,ChIJVVXF5doIAWARUetIixOU-sw,,,,https://www.google.com/maps/place/?q=place_id:ChIJVVXF5doIAWARUetIixOU-sw,False,,,
,rest_0486,Hyotei,3,,Kyoto,Japan,🇯🇵,"35 Nanzenji Kusakawachō, Sakyo Ward, Kyoto 606-8437",35.011413,135.786762,ChIJw5-sbOAIAWAR3IVM2hFyg5A,,,,https://www.google.com/maps/place/?q=place_id:ChIJw5-sbOAIAWAR3IVM2hFyg5A,False,,,
,rest_0487,Miyamasou,3,,Kyoto,Japan,🇯🇵,"375 Hanaseharachichō, Sakyo Ward, Kyoto 601-1102",35.233241,135.792997,ChIJ_UQgQvW6AWARv8m8MI8Vzag,,,,https://www.google.com/maps/place/?q=place_id:ChIJ_UQgQvW6AWARv8m8MI8Vzag,True,Miyamasou,,
,rest_0488,Mizai,3,,Kyoto,Japan,🇯🇵,"618 Maruyamachō, Higashiyama Ward, Kyoto 605-0071",35.002979,135.782352,ChIJnds0DdsIAWARE0dXPUqNYkc,,,,https://www.google.com/maps/place/?q=place_id:ChIJnds0DdsIAWARE0dXPUqNYkc,False,,,
,rest_0489,Gion Sasaki,3,,Kyoto,Japan,🇯🇵,"566-27 Komatsuchō, Higashiyama Ward, Kyoto 605-0811",34.998908,135.774996,ChIJQ5k9icYIAWARLllXhdR6meY,,,,https://www.google.com/maps/place/?q=place_id:ChIJQ5k9icYIAWARLllXhdR6meY,False,,,
,rest_0490,Taian,3,,Osaka,Japan,🇯🇵,"1-21-2 Shimanouchi, Chuo Ward, Osaka 542-0082",34.673355,135.507215,ChIJq48uCT7nAGARla-2QjFW32U,,,,https://www.google.com/maps/place/?q=place_id:ChIJq48uCT7nAGARla-2QjFW32U,False,,,
,rest_0491,Kashiwaya Osaka Senriyama,3,,Osaka,Japan,🇯🇵,"2-5-18 Senriyamanishi, Suita, Osaka 565-0851",34.770327,135.50117,ChIJqfvZeunkAGAR_NKRUEtRPXE,,,,https://www.google.com/maps/place/?q=place_id:ChIJqfvZeunkAGAR_NKRUEtRPXE,False,,,
,rest_0492,Hajime,3,,Osaka,Japan,🇯🇵,"1F, 1-9-11 Edobori, Nishi Ward, Osaka 550-0002",34.688713,135.496057,ChIJDQRP2frmAGARBw_HFaCnauI,,,,https://www.google.com/maps/place/?q=place_id:ChIJDQRP2frmAGARBw_HFaCnauI,False,,,
,rest_0493,Myojaku,3,,Tokyo,Japan,🇯🇵,"B1F, 3-2-34 Nishiazabu, Minato City, Tokyo 106-0031",35.659429,139.726697,ChIJxxsn3a-LGGARYqb5FTmUL98,,,,https://www.google.com/maps/place/?q=place_id:ChIJxxsn3a-LGGARYqb5FTmUL98,False,,,
,rest_0494,Héritage by Kei Kobayashi,1,,Tokyo,Japan,🇯🇵,"45F, The Ritz-Carlton Tokyo, 9-7-1 Akasaka, Minato City, Tokyo 107-6245",35.666293,139.731279,ChIJGUC_l3iLGGARJ0V_A5BfZJs,,,,https://www.google.com/maps/place/?q=place_id:ChIJGUC_l3iLGGARJ0V_A5BfZJs,True,,,
,rest_0495,Il Ristorante - Niko Romito,1,,Tokyo,Japan,🇯🇵,"Bvlgari Hotel Tokyo, 2-2-1 Yaesu, Chuo City, Tokyo 104-0028",35.679651,139.769277,ChIJbbRmoIGLGGARy78MxhsOHB0,,,,https://www.google.com/maps/place/?q=place_id:ChIJbbRmoIGLGGARy78MxhsOHB0,True,,,
,rest_0496,Sanso Kyoyamato,2,,Kyoto,Japan,🇯🇵,"359 Masuyacho, Higashiyama Ward, Kyoto 605-0826",34.999217,135.781409,ChIJmcC7bdAIAWARI29Cei-Npuc,,,,https://www.google.com/maps/place/?q=place_id:ChIJmcC7bdAIAWARI29Cei-Npuc,True,,,
,rest_0497,est,1,,Tokyo,Japan,🇯🇵,"39F, Four Seasons Hotel Tokyo at Otemachi, 1-2-1 Otemachi, Chiyoda City, Tokyo 100-0004",35.687734,139.763291,ChIJ8X1X0FSNGGAR9y3HrPtiS3A,,,,https://www.google.com/maps/place/?q=place_id:ChIJ8X1X0FSNGGAR9y3HrPtiS3A,True,,,
,rest_0498,Kanamean Nishitomiya,1,,Kyoto,Japan,🇯🇵,"562 Honeyanocho, Nakagyo Ward, Kyoto 604-8064",35.006626,135.76478,ChIJ06EAXoMIAWARJSzSIXIrZtU,,,,https://www.google.com/maps/place/?q=place_id:ChIJ06EAXoMIAWARJSzSIXIrZtU,True,,,
,rest_0499,Tour d'Argent Tokyo,1,,Tokyo,Japan,🇯🇵,"Lobby Floor, Hotel New Otani, 4-1 Kioicho, Chiyoda City, Tokyo 102-8578",35.68091,139.734041,ChIJ89uL5HyMGGARlpOzGKydhQI,,,,https://www.google.com/maps/place/?q=place_id:ChIJ89uL5HyMGGARlpOzGKydhQI,True,,,
,rest_0500,Quintessence,3,Frans,Tokyo,Japan,🇯🇵,"6-7-29 Kitashinagawa, Shinagawa City, Tokyo 140-0001",35.623937,139.733109,ChIJ8T36HxCLGGARvpARPDyaKLA,,,,https://www.google.com/maps/place/?q=place_id:ChIJ8T36HxCLGGARvpARPDyaKLA,False,,,
,rest_0501,Joël Robuchon,3,Frans,Tokyo,Japan,🇯🇵,"Ebisu Garden Place, 1-13-1 Mita, Meguro City, Tokyo 153-0062",35.641932,139.714583,ChIJGQRJhBaLGGAR5ZTJp9mQgtQ,,,,https://www.google.com/maps/place/?q=place_id:ChIJGQRJhBaLGGAR5ZTJp9mQgtQ,False,,,
,rest_0502,Sazenka,3,Chinees,Tokyo,Japan,🇯🇵,"4-7-5 Minamiazabu, Minato City, Tokyo 106-0047",35.649574,139.728363,ChIJqZDavAuLGGARV-fj_CVDFnI,,,,https://www.google.com/maps/place/?q=place_id:ChIJqZDavAuLGGARV-fj_CVDFnI,False,,,
,rest_0503,Azabu Kadowaki,3,Japans,Tokyo,Japan,🇯🇵,"2-7-2 Azabujuban, Minato City, Tokyo 106-0045",35.655939,139.733611,ChIJYU2Yvp-LGGAR1DkkJqFIZz4,,,,https://www.google.com/maps/place/?q=place_id:ChIJYU2Yvp-LGGAR1DkkJqFIZz4,False,,,
,rest_0504,Harutaka,3,Sushi,Tokyo,Japan,🇯🇵,"6F, 8-3-1 Ginza, Chuo City, Tokyo 104-0061",35.669228,139.759249,ChIJ04DI3-iLGGARdv1aRxgdFO0,,,,https://www.google.com/maps/place/?q=place_id:ChIJ04DI3-iLGGARdv1aRxgdFO0,False,,,
,rest_0505,L'OSIER,3,Frans,Tokyo,Japan,🇯🇵,"7-5-5 Ginza, Chuo City, Tokyo 104-0061",35.669647,139.761244,ChIJBwTDyeiLGGAR6u34mg9lSEA,,,,https://www.google.com/maps/place/?q=place_id:ChIJBwTDyeiLGGAR6u34mg9lSEA,False,,,
,rest_0506,Kanda,3,Japans,Tokyo,Japan,🇯🇵,"1F, Toranomon Hills Residential Tower, 1-1-1 Atago, Minato City, Tokyo 105-0002",35.66589,139.748168,ChIJP-dHJnSLGGAR6lRM5169Uj0,,,,https://www.google.com/maps/place/?q=place_id:ChIJP-dHJnSLGGAR6lRM5169Uj0,False,,,
,rest_0507,RyuGin,3,Japans,Tokyo,Japan,🇯🇵,"7F, Tokyo Midtown Hibiya, 1-1-2 Yurakucho, Chiyoda City, Tokyo 100-0006",35.67427,139.759278,ChIJaZF5wHmLGGARycW1JhshDjY,,,,https://www.google.com/maps/place/?q=place_id:ChIJaZF5wHmLGGARycW1JhshDjY,False,,,
,rest_0508,L'Effervescence,3,Frans,Tokyo,Japan,🇯🇵,"2-26-4 Nishiazabu, Minato City, Tokyo 106-0031",35.660214,139.719405,ChIJV7oGAWWLGGARslO9OGTuG-A,,,,https://www.google.com/maps/place/?q=place_id:ChIJV7oGAWWLGGARslO9OGTuG-A,False,,,
,rest_0509,Kagurazaka Ishikawa,3,Japans,Tokyo,Japan,🇯🇵,"1F, Takamura Building, 5-37 Kagurazaka, Shinjuku City, Tokyo 162-0825",35.701202,139.739467,ChIJa0WEW1qMGGARPztXG-uvYjI,,,,https://www.google.com/maps/place/?q=place_id:ChIJa0WEW1qMGGARPztXG-uvYjI,False,,,
,rest_0510,Isshisoden Nakamura,3,Japans,Kyoto,Japan,🇯🇵,"136 Matsushitacho, Nakagyo Ward, Kyoto 604-8093",35.01038,135.76508,ChIJzYVfPY4IAWAR9YmMkv5T9Rk,,,,https://www.google.com/maps/place/?q=place_id:ChIJzYVfPY4IAWAR9YmMkv5T9Rk,False,,,
,rest_0511,Seizan,2,Japans,Tokyo,Japan,🇯🇵,"2-17-29 Mita, Minato City, Tokyo 108-0073",35.647491,139.739955,ChIJq6pmg6-LGGARhJ-wWOu2HYo,,,,https://www.google.com/maps/place/?q=place_id:ChIJq6pmg6-LGGARhJ-wWOu2HYo,False,,,
,rest_0512,Crony,2,Frans,Tokyo,Japan,🇯🇵,"1-20-3 Higashiazabu, Minato City, Tokyo 106-0044",35.655783,139.743298,ChIJz29nSWWLGGARQibtSAIQLP0,,,,https://www.google.com/maps/place/?q=place_id:ChIJz29nSWWLGGARQibtSAIQLP0,False,,,
,rest_0513,Kutan,2,Japans,Tokyo,Japan,🇯🇵,"1F, MS Building, 2-5-5 Shintomi, Chuo City, Tokyo 104-0041",35.671603,139.77402,ChIJlem96IqJGGARvMGghbakQxo,,,,https://www.google.com/maps/place/?q=place_id:ChIJlem96IqJGGARvMGghbakQxo,False,,,
,rest_0514,Ginza Fukuju,2,Japans,Tokyo,Japan,🇯🇵,"5F, 8-8-19 Ginza, Chuo City, Tokyo 104-0061",35.668511,139.761554,ChIJid3jjOiLGGARSZVKjWBL3B0,,,,https://www.google.com/maps/place/?q=place_id:ChIJid3jjOiLGGARSZVKjWBL3B0,False,,,
,rest_0515,Ensui,2,Japans,Tokyo,Japan,🇯🇵,"1F, ATRIO, 1-5-12 Nakameguro, Meguro City, Tokyo 153-0061",35.644291,139.702437,ChIJGYctX1qLGGARF_Vu_i51A8U,,,,https://www.google.com/maps/place/?q=place_id:ChIJGYctX1qLGGARF_Vu_i51A8U,False,,,
,rest_0516,Sushi Kanesaka,2,Sushi,Tokyo,Japan,🇯🇵,"B1F, Ginza Misuzu Building, 8-10-3 Ginza, Chuo City, Tokyo 104-0061",35.667985,139.76263,ChIJ4bf41-eLGGAR-8MK9GqIm7c,,,,https://www.google.com/maps/place/?q=place_id:ChIJ4bf41-eLGGAR-8MK9GqIm7c,False,,,
,rest_0517,Tempura Kondo,2,Tempura,Tokyo,Japan,🇯🇵,"9F, Sakaguchi Building, 5-5-13 Ginza, Chuo City, Tokyo 104-0061",35.67117,139.763179,ChIJX2Mb_eWLGGARvhx7F4hr3FA,,,,https://www.google.com/maps/place/?q=place_id:ChIJX2Mb_eWLGGARvhx7F4hr3FA,False,,,
,rest_0518,ESqUISSE,2,Frans,Tokyo,Japan,🇯🇵,"9F, Royal Crystal Ginza, 5-4-6 Ginza, Chuo City, Tokyo 104-0061",35.671716,139.763331,ChIJ2Y7e7-WLGGARn2nDEZzmbb0,,,,https://www.google.com/maps/place/?q=place_id:ChIJ2Y7e7-WLGGARn2nDEZzmbb0,False,,,
,rest_0519,Ginza Kojyu,2,Japans,Tokyo,Japan,🇯🇵,"4F, Ginza Carioca Building, 5-4-8 Ginza, Chuo City, Tokyo 104-0061",35.671445,139.763012,ChIJVWDJ2-iLGGARrb9VTXObGIE,,,,https://www.google.com/maps/place/?q=place_id:ChIJVWDJ2-iLGGARrb9VTXObGIE,False,,,
,rest_0520,Tempura Motoyoshi,2,Tempura,Tokyo,Japan,🇯🇵,"3F, Granbell Ebisu IV, 2-8-11 Ebisunishi, Shibuya, Tokyo 150-0021",35.649535,139.707552,ChIJ3cFPK-aLGGARNaz58SuwM7M,,,,https://www.google.com/maps/place/?q=place_id:ChIJ3cFPK-aLGGARNaz58SuwM7M,False,,,
,rest_0521,Ginza Shinohara,2,Japans,Tokyo,Japan,🇯🇵,"2-8-17 Ginza, Chuo City, Tokyo 104-0061",35.673021,139.767843,ChIJR_yX_-OLGGARsCa9A8FfuIA,,,,https://www.google.com/maps/place/?q=place_id:ChIJR_yX_-OLGGARsCa9A8FfuIA,False,,,
,rest_0522,Sukiyabashi Jiro Roppongiten,2,Sushi,Tokyo,Japan,🇯🇵,"3F, Roppongi Hills Keyakizaka, 6-12-2 Roppongi, Minato City, Tokyo 106-0032",35.658698,139.729145,ChIJ8YRM9HaLGGAREUm4zmzF3R4,,,,https://www.google.com/maps/place/?q=place_id:ChIJ8YRM9HaLGGAREUm4zmzF3R4,False,,,
,rest_0523,Ryuzu,2,Frans,Tokyo,Japan,🇯🇵,"B1F, Vort Roppongi Duals, 4-2-35 Roppongi, Minato City, Tokyo 106-0032",35.664755,139.733472,ChIJGcAHwYKLGGARdXaJAZ9g4S4,,,,https://www.google.com/maps/place/?q=place_id:ChIJGcAHwYKLGGARdXaJAZ9g4S4,False,,,
,rest_0524,ASAHINA Gastronome,2,Frans,Tokyo,Japan,🇯🇵,"1F, Nihonbashi Kabutocho M-SQUARE, 1-4 Nihonbashi Kabutocho, Chuo City, Tokyo 103-0026",35.682708,139.779324,ChIJ84HCEdGJGGARt4OCbIlmfjg,,,,https://www.google.com/maps/place/?q=place_id:ChIJ84HCEdGJGGARt4OCbIlmfjg,False,,,
,rest_0525,Nishiazabu Sushi Shin,2,Sushi,Tokyo,Japan,🇯🇵,"4-18-20 Nishiazabu, Minato City, Tokyo 106-0031",35.658333,139.718796,ChIJySHhhGWLGGAREITiE_SGThI,,,,https://www.google.com/maps/place/?q=place_id:ChIJySHhhGWLGGAREITiE_SGThI,False,,,
,rest_0526,Akasaka Kikunoi,2,Japans,Tokyo,Japan,🇯🇵,"6-13-8 Akasaka, Minato City, Tokyo 107-0052",35.669883,139.734019,ChIJk6mYo4GLGGARvnt5nw4Dbbs,,,,https://www.google.com/maps/place/?q=place_id:ChIJk6mYo4GLGGARvnt5nw4Dbbs,False,,,
,rest_0527,PRISMA,2,Italiaans,Tokyo,Japan,🇯🇵,"6-4-6 Minamiaoyama, Minato City, Tokyo 107-0062",35.661561,139.716601,ChIJD7UDAmSLGGAR4jsmxNMCJjs,,,,https://www.google.com/maps/place/?q=place_id:ChIJD7UDAmSLGGAR4jsmxNMCJjs,False,,,
,rest_0528,Hakuun,2,Japans,Tokyo,Japan,🇯🇵,"4-11-2 Minamiaoyama, Minato City, Tokyo 107-0062",35.666061,139.718115,ChIJW0Sto0SLGGAR4q18Q_Fh4bk,,,,https://www.google.com/maps/place/?q=place_id:ChIJW0Sto0SLGGAR4q18Q_Fh4bk,False,,,
,rest_0529,Kohaku,2,Japans,Tokyo,Japan,🇯🇵,"3-5-5 Kagurazaka, Shinjuku City, Tokyo 162-0825",35.700823,139.74083,ChIJiSRxIluMGGARgaWss9mCC6o,,,,https://www.google.com/maps/place/?q=place_id:ChIJiSRxIluMGGARgaWss9mCC6o,False,,,
,rest_0530,HOMMAGE,2,Frans,Tokyo,Japan,🇯🇵,"4-10-5 Asakusa, Taito City, Tokyo 111-0032",35.718458,139.797014,ChIJgfktRuqOGGARk_sG0F6OFKg,,,,https://www.google.com/maps/place/?q=place_id:ChIJgfktRuqOGGARk_sG0F6OFKg,False,,,
,rest_0531,Jingumae Higuchi,2,Japans,Tokyo,Japan,🇯🇵,"2F, 2-19-12 Jingumae, Shibuya, Tokyo 150-0001",35.673481,139.710135,ChIJV2-ROL2MGGARk60gr5o9tGo,,,,https://www.google.com/maps/place/?q=place_id:ChIJV2-ROL2MGGARk60gr5o9tGo,False,,,
,rest_0532,Den,2,Japans,Tokyo,Japan,🇯🇵,"2-2-32 Kanda Jinbocho, Chiyoda City, Tokyo 101-0051",35.696328,139.757042,ChIJdTD6ABSMGGAR4WFjyOJO1z0,,,,https://www.google.com/maps/place/?q=place_id:ChIJdTD6ABSMGGAR4WFjyOJO1z0,False,,,
,rest_0533,Kioicho Fukudaya,2,Japans,Tokyo,Japan,🇯🇵,"1-13 Kioicho, Chiyoda City, Tokyo 102-0094",35.680335,139.735945,ChIJS7lVoWKMGGARrRkt6Q4U64M,,,,https://www.google.com/maps/place/?q=place_id:ChIJS7lVoWKMGGARrRkt6Q4U64M,False,,,
,rest_0534,MAZ,2,Innovatief,Tokyo,Japan,🇯🇵,"3F, Tokyo Garden Terrace, 1-1-3 Kioicho, Chiyoda City, Tokyo 102-0094",35.679427,139.737663,ChIJHbq1qLiNGGARNlnd4lieF7I,,,,https://www.google.com/maps/place/?q=place_id:ChIJHbq1qLiNGGARNlnd4lieF7I,False,,,
,rest_0535,Kodaiji Wakuden,2,Japans,Kyoto,Japan,🇯🇵,"512 Washiocho, Higashiyama Ward, Kyoto 605-0072",35.001622,135.779779,ChIJNdtJJO8IAWAROLakASqxLBM,,,,https://www.google.com/maps/place/?q=place_id:ChIJNdtJJO8IAWAROLakASqxLBM,False,,,
,rest_0536,Kenninji Gion Maruyama,2,Japans,Kyoto,Japan,🇯🇵,"566-16 Komatsucho, Higashiyama Ward, Kyoto 605-0811",34.998806,135.774561,ChIJxZU0isYIAWARTt94AyTfVco,,,,https://www.google.com/maps/place/?q=place_id:ChIJxZU0isYIAWARTt94AyTfVco,False,,,
,rest_0537,Gion Nishikawa,2,Japans,Kyoto,Japan,🇯🇵,"473 Shimokawaracho, Higashiyama Ward, Kyoto 605-0825",34.999775,135.778878,ChIJB1aZxO0HAWAR8l3CP2AA0C8,,,,https://www.google.com/maps/place/?q=place_id:ChIJB1aZxO0HAWAR8l3CP2AA0C8,False,,,
,rest_0538,Kodaiji Jugyuan,2,Japans,Kyoto,Japan,🇯🇵,"353 Sakuraicho, Kodaiji, Higashiyama Ward, Kyoto 605-0826",34.998578,135.781481,ChIJne5iP9AIAWARVK5mP9NcAoU,,,,https://www.google.com/maps/place/?q=place_id:ChIJne5iP9AIAWARVK5mP9NcAoU,False,,,
,rest_0539,Higashiyama Yoshihisa,2,Japans,Kyoto,Japan,🇯🇵,"422 Myohoin Maekawacho, Higashiyama Ward, Kyoto 605-0932",34.992067,135.773918,ChIJn3lf01EJAWARbrQUx84vYj4,,,,https://www.google.com/maps/place/?q=place_id:ChIJn3lf01EJAWARbrQUx84vYj4,False,,,
,rest_0540,Sumibi Kappo Ifuki,2,Japans,Kyoto,Japan,🇯🇵,"570-8 Gionmachi Minamigawa, Higashiyama Ward, Kyoto 605-0074",35.002338,135.775319,ChIJ3fBJXMEIAWARjzoq7CYYMtk,,,,https://www.google.com/maps/place/?q=place_id:ChIJ3fBJXMEIAWARjzoq7CYYMtk,False,,,
,rest_0541,Gion Maruyama,2,Japans,Kyoto,Japan,🇯🇵,"570-171 Gionmachi Minamigawa, Higashiyama Ward, Kyoto 605-0074",35.00267,135.776047,ChIJEXuN3sMIAWARTmm1lQ5BF5U,,,,https://www.google.com/maps/place/?q=place_id:ChIJEXuN3sMIAWARTmm1lQ5BF5U,False,,,
,rest_0542,Ryō-shō,2,Japans,Kyoto,Japan,🇯🇵,"570-166 Gionmachi Minamigawa, Higashiyama Ward, Kyoto 605-0074",35.00242,135.775861,ChIJK0mhhVwJAWARHe1hWlwF-k4,,,,https://www.google.com/maps/place/?q=place_id:ChIJK0mhhVwJAWARHe1hWlwF-k4,False,,,
,rest_0543,Kikunoi Roan,2,Japans,Kyoto,Japan,🇯🇵,"118 Saitocho, Shimogyo Ward, Kyoto 600-8012",35.003451,135.770668,ChIJvyv4VZUIAWARGzch14mGD8E,,,,https://www.google.com/maps/place/?q=place_id:ChIJvyv4VZUIAWARGzch14mGD8E,False,,,
,rest_0544,Gion Matayoshi,2,Japans,Kyoto,Japan,🇯🇵,"570-123 Gionmachi Minamigawa, Higashiyama Ward, Kyoto 605-0074",35.003366,135.774567,ChIJF2tmi8MIAWARjnuvxZjfwTk,,,,https://www.google.com/maps/place/?q=place_id:ChIJF2tmi8MIAWARjnuvxZjfwTk,False,,,
,rest_0545,Otagi,2,Japans,Kyoto,Japan,🇯🇵,"18 Takagamine Dotenjocho, Kita Ward, Kyoto 603-8465",35.050761,135.734158,ChIJAQAAAAUIAWARFIHH0dO_3fc,,,,https://www.google.com/maps/place/?q=place_id:ChIJAQAAAAUIAWARFIHH0dO_3fc,False,,,
,rest_0546,Doppo,2,Japans,Kyoto,Japan,🇯🇵,"1-1 Izumojimatsunoshitacho, Kita Ward, Kyoto 603-8133",35.042905,135.762224,ChIJVaoucBAJAWARpez4jN7s9mc,,,,https://www.google.com/maps/place/?q=place_id:ChIJVaoucBAJAWARpez4jN7s9mc,False,,,
,rest_0547,Tokuha Motonari,2,Japans,Kyoto,Japan,🇯🇵,"287-5 Shingoryoguchicho, Kamigyo Ward, Kyoto 602-0897",35.036458,135.762994,ChIJf1lJxD8JAWARmdAp62rTios,,,,https://www.google.com/maps/place/?q=place_id:ChIJf1lJxD8JAWARmdAp62rTios,False,,,
,rest_0548,Kyokaiseki Kichisen,2,Japans,Kyoto,Japan,🇯🇵,"5 Shimogamo Morimotocho, Sakyo Ward, Kyoto 606-0805",35.035733,135.771335,ChIJq6rqd5UIAWARDxj4sQBzO1o,,,,https://www.google.com/maps/place/?q=place_id:ChIJq6rqd5UIAWARDxj4sQBzO1o,False,,,
,rest_0549,Yusokuryori Mankamero,2,Japans,Kyoto,Japan,🇯🇵,"387 Ebisucho, Kamigyo Ward, Kyoto 602-8118",35.022129,135.750521,ChIJAfdlRtgHAWARbsTbNrfIopk,,,,https://www.google.com/maps/place/?q=place_id:ChIJAfdlRtgHAWARbsTbNrfIopk,False,,,
,rest_0550,Sojiki Nakahigashi,2,Japans,Kyoto,Japan,🇯🇵,"32-3 Jodoji Ishibashicho, Sakyo Ward, Kyoto 606-8406",35.027595,135.792715,ChIJga5LcQEJAWARQ9OxOxh3-m0,,,,https://www.google.com/maps/place/?q=place_id:ChIJga5LcQEJAWARQ9OxOxh3-m0,False,,,
,rest_0551,Muromachi Yui,2,Japans,Kyoto,Japan,🇯🇵,"459 Kinbukicho, Nakagyo Ward, Kyoto 604-0846",35.012206,135.7586,ChIJgYkvWBYJAWARYhvfLZtlWAw,,,,https://www.google.com/maps/place/?q=place_id:ChIJgYkvWBYJAWARYhvfLZtlWAw,False,,,
,rest_0552,anpeiji,1,Frans,Kyoto,Japan,🇯🇵,"56 Nakajimahinokamicho, Fushimi Ward, Kyoto 612-8465",34.944195,135.745038,ChIJOxEZ9oQFAWARa-ZmjZv4pD0,,,,https://www.google.com/maps/place/?q=place_id:ChIJOxEZ9oQFAWARa-ZmjZv4pD0,False,,,
,rest_0553,Kikunoi Sushi Ao,1,Sushi,Kyoto,Japan,🇯🇵,"2F, 463-30 Shimokawaracho, Higashiyama Ward, Kyoto 605-0825",34.99991,135.779685,ChIJ66C1TwAJAWARVcCnGMt9kX0,,,,https://www.google.com/maps/place/?q=place_id:ChIJ66C1TwAJAWARVcCnGMt9kX0,False,,,
,rest_0554,Germoglio,1,Italiaans,Kyoto,Japan,🇯🇵,"2F, Neo Hills Building, 172 Higashisakaicho, Shimogyo Ward, Kyoto 600-8217",34.989351,135.758384,ChIJP7gxbs8JAWARk9Yrfs2KEDA,,,,https://www.google.com/maps/place/?q=place_id:ChIJP7gxbs8JAWARk9Yrfs2KEDA,False,,,
,rest_0555,Restaurant Hiramatsu Kodaiji,1,Frans,Kyoto,Japan,🇯🇵,"353 Masuyacho, Higashiyama Ward, Kyoto 605-0826",34.998604,135.781643,ChIJW8liP9AIAWARX12XJ33-YTM,,,,https://www.google.com/maps/place/?q=place_id:ChIJW8liP9AIAWARX12XJ33-YTM,False,,,
,rest_0556,Kako Okamoto,1,Japans,Kyoto,Japan,🇯🇵,"470-4 Tokiwacho, Higashiyama Ward, Kyoto 605-0874",34.99235,135.77575,ChIJjZ7X_8sIAWAR6NMJLzDbW9s,,,,https://www.google.com/maps/place/?q=place_id:ChIJjZ7X_8sIAWAR6NMJLzDbW9s,False,,,
,rest_0557,Gion Fukushi,1,Japans,Kyoto,Japan,🇯🇵,"570-120 Gionmachi Minamigawa, Higashiyama Ward, Kyoto 605-0074",35.002118,135.774366,ChIJ___GE8EIAWARf_k-zBoyO6M,,,,https://www.google.com/maps/place/?q=place_id:ChIJ___GE8EIAWARf_k-zBoyO6M,False,,,
,rest_0558,Gion Okada,1,Japans,Kyoto,Japan,🇯🇵,"570-6 Gionmachi Minamigawa, Higashiyama Ward, Kyoto 605-0074",35.002498,135.775445,ChIJG897Y8EIAWAR3du21_MjfE8,,,,https://www.google.com/maps/place/?q=place_id:ChIJG897Y8EIAWAR3du21_MjfE8,False,,,
,rest_0559,Gion Kida,1,Japans,Kyoto,Japan,🇯🇵,"570-192 Gionmachi Minamigawa, Higashiyama Ward, Kyoto 605-0074",35.002492,135.776113,ChIJAQAk58MIAWARqfORBa_fkO4,,,,https://www.google.com/maps/place/?q=place_id:ChIJAQAk58MIAWARqfORBa_fkO4,False,,,
,rest_0560,Sushi Kappo Nakaichi,1,Sushi,Kyoto,Japan,🇯🇵,"570-196 Gionmachi Minamigawa, Higashiyama Ward, Kyoto 605-0074",35.002365,135.776445,ChIJJShB78MIAWARHVl_gzUkojs,,,,https://www.google.com/maps/place/?q=place_id:ChIJJShB78MIAWARHVl_gzUkojs,False,,,
,rest_0561,Ryoriya Maekawa,1,Japans,Kyoto,Japan,🇯🇵,"405 Nanbacho, Shimogyo Ward, Kyoto 600-8027",34.998689,135.767871,ChIJo_l8-ZIJAWARxRqfI9CMdt0,,,,https://www.google.com/maps/place/?q=place_id:ChIJo_l8-ZIJAWARxRqfI9CMdt0,False,,,
,rest_0562,SEN,1,Japans,Kyoto,Japan,🇯🇵,"379 Sakata Building, Shiogamacho, Shimogyo Ward, Kyoto 600-8103",34.996456,135.763975,ChIJsWL3YnoJAWARCGW2cPIuqMM,,,,https://www.google.com/maps/place/?q=place_id:ChIJsWL3YnoJAWARCGW2cPIuqMM,False,,,
,rest_0563,Miyagawacho Hotta,1,Japans,Kyoto,Japan,🇯🇵,"6-359-4 Miyagawasuji, Higashiyama Ward, Kyoto 605-0801",34.998376,135.770001,ChIJyc9szRgJAWAR6vVAZroB2Rs,,,,https://www.google.com/maps/place/?q=place_id:ChIJyc9szRgJAWAR6vVAZroB2Rs,False,,,
,rest_0564,Gion Owatari,1,Japans,Kyoto,Japan,🇯🇵,"570-264 Gionmachi Minamigawa, Higashiyama Ward, Kyoto 605-0074",35.00141,135.777064,ChIJzSbocsQIAWAR_nZSJamugG8,,,,https://www.google.com/maps/place/?q=place_id:ChIJzSbocsQIAWAR_nZSJamugG8,False,,,
,rest_0565,VELROSIER,1,Chinees,Kyoto,Japan,🇯🇵,"318-6 Inaricho, Shimogyo Ward, Kyoto 600-8031",35.002439,135.768751,ChIJOYeOxBfzAGARX7Y1d6EOORI,,,,https://www.google.com/maps/place/?q=place_id:ChIJOYeOxBfzAGARX7Y1d6EOORI,False,,,
,rest_0566,TAKAYAMA,1,Italiaans,Kyoto,Japan,🇯🇵,"2F, Good Nature Station, 318-6 Inaricho, Shimogyo Ward, Kyoto 600-8022",35.002517,135.768881,ChIJC_bhzTgJAWAR3EeeZr1IF0A,,,,https://www.google.com/maps/place/?q=place_id:ChIJC_bhzTgJAWAR3EeeZr1IF0A,False,,,
,rest_0567,Kyoboshi,1,Tempura,Kyoto,Japan,🇯🇵,"Gionmachi Kitagawa, Higashiyama Ward, Kyoto 605-0073",35.005137,135.775654,ChIJqwLUG-oIAWARWgf56V1voiA,,,,https://www.google.com/maps/place/?q=place_id:ChIJqwLUG-oIAWARWgf56V1voiA,False,,,
,rest_0568,Oryori Mashita,1,Japans,Kyoto,Japan,🇯🇵,"246 Gionmachi Kitagawa, Higashiyama Ward, Kyoto 605-0073",35.003953,135.773748,ChIJI6axzsEIAWARdOwkirYS6Vc,,,,https://www.google.com/maps/place/?q=place_id:ChIJI6axzsEIAWARdOwkirYS6Vc,False,,,
,rest_0569,Manjuji Hakuran,1,Japans,Kyoto,Japan,🇯🇵,"360 Gokuishicho, Shimogyo Ward, Kyoto 600-8429",34.997502,135.759162,ChIJwYWdRAAJAWARvYhWrQCdENI,,,,https://www.google.com/maps/place/?q=place_id:ChIJwYWdRAAJAWARvYhWrQCdENI,False,,,
,rest_0570,Enyuan Kobayashi,1,Tempura,Kyoto,Japan,🇯🇵,"125-2 Gion Tominagacho, Higashiyama Ward, Kyoto 605-0078",35.004381,135.774763,ChIJzRWjdiYJAWARxTS3HkqQy50,,,,https://www.google.com/maps/place/?q=place_id:ChIJzRWjdiYJAWARxTS3HkqQy50,False,,,
,rest_0571,HANA-Kitcho,1,Japans,Kyoto,Japan,🇯🇵,"3-2 Yamatocho, Higashiyama Ward, Kyoto 605-0802",35.003462,135.772765,ChIJI-P4dpwIAWAR__cHhdAO5-E,,,,https://www.google.com/maps/place/?q=place_id:ChIJI-P4dpwIAWAR__cHhdAO5-E,False,,,
,rest_0572,Godan Miyazawa,1,Japans,Kyoto,Japan,🇯🇵,"557 Oecho, Shimogyo Ward, Kyoto 600-8402",34.998025,135.760901,ChIJ10-7uaIIAWARCARlHoPXgsU,,,,https://www.google.com/maps/place/?q=place_id:ChIJ10-7uaIIAWARCARlHoPXgsU,False,,,
,rest_0573,Sushi Matsumoto,1,Sushi,Kyoto,Japan,🇯🇵,"570-123 Gionmachi Minamigawa, Higashiyama Ward, Kyoto 605-0074",35.003391,135.774428,ChIJ6dIeosEIAWARXxd2aOzLKjQ,,,,https://www.google.com/maps/place/?q=place_id:ChIJ6dIeosEIAWARXxd2aOzLKjQ,False,,,
,rest_0574,YOKOI,1,Japans,Kyoto,Japan,🇯🇵,"88 Manjuji Nakanocho, Shimogyo Ward, Kyoto 600-8405",34.997579,135.762335,ChIJ-_N-vXIJAWAR69mbsUWOjXc,,,,https://www.google.com/maps/place/?q=place_id:ChIJ-_N-vXIJAWAR69mbsUWOjXc,False,,,
,rest_0575,Kinobu,1,Japans,Kyoto,Japan,🇯🇵,"416 Iwatoyamacho, Shimogyo Ward, Kyoto 600-8445",35.000966,135.756518,ChIJG1KGrp4IAWARwp2d7lmI5lw,,,,https://www.google.com/maps/place/?q=place_id:ChIJG1KGrp4IAWARwp2d7lmI5lw,False,,,
,rest_0576,LURRA°,1,Innovatief,Kyoto,Japan,🇯🇵,"396 Sekiseknincho, Higashiyama Ward, Kyoto 605-0021",35.010071,135.780637,ChIJiciyvxkJAWAR5mtItjbbqm0,,,,https://www.google.com/maps/place/?q=place_id:ChIJiciyvxkJAWAR5mtItjbbqm0,False,,,
,rest_0577,Higashiyama Ogata,1,Japans,Kyoto,Japan,🇯🇵,"1F, Shinshoan, 91-5 Okazaki Enshojicho, Sakyo Ward, Kyoto 606-8344",35.011374,135.784693,ChIJUSt8gkgJAWART-sAzp4tPUU,,,,https://www.google.com/maps/place/?q=place_id:ChIJUSt8gkgJAWART-sAzp4tPUU,False,,,
,rest_0578,Wagokoro Izumi,1,Japans,Kyoto,Japan,🇯🇵,"634-3 Nioitenjincho, Shimogyo Ward, Kyoto 600-8414",35.000926,135.760516,ChIJhb8lNZgIAWAR_hgHoY_q7_U,,,,https://www.google.com/maps/place/?q=place_id:ChIJhb8lNZgIAWAR_hgHoY_q7_U,False,,,
,rest_0579,Jean-Georges at The Shinmonzen,1,Frans,Kyoto,Japan,🇯🇵,"235 Nishinocho, Higashiyama Ward, Kyoto 605-0088",35.006256,135.774692,ChIJc7ltgEMJAWARod1V_5Zhrrk,,,,https://www.google.com/maps/place/?q=place_id:ChIJc7ltgEMJAWARod1V_5Zhrrk,True,The Shinmonzen,,
,rest_0580,Higashiyama Tsukasa,1,Japans,Kyoto,Japan,🇯🇵,"2F, Sanjo Shirakawabashi Building, 127 Nishimachi, Higashiyama Ward, Kyoto 605-0036",35.00939,135.781801,ChIJY83d95gJAWARDBtyJ1AFYNw,,,,https://www.google.com/maps/place/?q=place_id:ChIJY83d95gJAWARDBtyJ1AFYNw,False,,,
,rest_0581,Sushi Rakumi,1,Sushi,Kyoto,Japan,🇯🇵,"332-6 Miyoshicho, Higashiyama Ward, Kyoto 605-0081",35.00672,135.776042,ChIJG_d13PwJAWARtHhmvmUygtc,,,,https://www.google.com/maps/place/?q=place_id:ChIJG_d13PwJAWARtHhmvmUygtc,False,,,
,rest_0582,Mizuno,1,Japans,Kyoto,Japan,🇯🇵,"245-2 Nakanocho, Higashiyama Ward, Kyoto 605-0082",35.006347,135.775574,ChIJkz6aoD4JAWARIHl5rtoIt7I,,,,https://www.google.com/maps/place/?q=place_id:ChIJkz6aoD4JAWARIHl5rtoIt7I,False,,,
,rest_0583,Noguchi Tsunagu,1,Japans,Kyoto,Japan,🇯🇵,"371-4 Kiyomotocho, Higashiyama Ward, Kyoto 605-0084",35.005351,135.774449,ChIJb0RU_xcJAWARDNyjHQlgy6A,,,,https://www.google.com/maps/place/?q=place_id:ChIJb0RU_xcJAWARDNyjHQlgy6A,False,,,
,rest_0584,Shimmonzen Yonemura,1,Frans,Kyoto,Japan,🇯🇵,"255 Umemotocho, Higashiyama Ward, Kyoto 605-0064",35.006227,135.776648,ChIJB1aZxO0HAWARCa_AzffRouA,,,,https://www.google.com/maps/place/?q=place_id:ChIJB1aZxO0HAWARCa_AzffRouA,False,,,
,rest_0585,Kappo Hassun,1,Japans,Kyoto,Japan,🇯🇵,"95-4 Sueyoshicho, Higashiyama Ward, Kyoto 605-0085",35.004867,135.773776,ChIJdapH2MEIAWAR4M8GwwL-axs,,,,https://www.google.com/maps/place/?q=place_id:ChIJdapH2MEIAWAR4M8GwwL-axs,False,,,
,rest_0586,DODICI,1,Italiaans,Kyoto,Japan,🇯🇵,"239 Kamihakusancho, Nakagyo Ward, Kyoto 604-0943",35.011886,135.765636,ChIJU-CK_ksJAWARKRojwg1e98o,,,,https://www.google.com/maps/place/?q=place_id:ChIJU-CK_ksJAWARKRojwg1e98o,False,,,
,rest_0587,Muromachi Wakuden,1,Japans,Kyoto,Japan,🇯🇵,"679 Marukizaimokucho, Nakagyo Ward, Kyoto 604-8106",35.01016,135.763285,ChIJqxQuuI8IAWAR-TM9RzwBeIY,,,,https://www.google.com/maps/place/?q=place_id:ChIJqxQuuI8IAWAR-TM9RzwBeIY,False,,,
,rest_0588,cenci,1,Italiaans,Kyoto,Japan,🇯🇵,"44-7 Shogoin Entomicho, Sakyo Ward, Kyoto 606-8323",35.017064,135.780176,ChIJw2vMBfAIAWAR86pLyFaUBas,,,,https://www.google.com/maps/place/?q=place_id:ChIJw2vMBfAIAWAR86pLyFaUBas,False,,,
,rest_0589,ima,1,Frans,Kyoto,Japan,🇯🇵,"183-4 Fudocho, Nakagyo Ward, Kyoto 604-8215",35.006193,135.756107,ChIJ4-FgBAAJAWARQAPYPY4b5mY,,,,https://www.google.com/maps/place/?q=place_id:ChIJ4-FgBAAJAWARQAPYPY4b5mY,False,,,
,rest_0590,MASHIRO,1,Frans,Kyoto,Japan,🇯🇵,"2F, OHG Kyoto Rokkaku Building, 234 Donomaecho, Nakagyo Ward, Kyoto 604-8134",35.007243,135.760725,ChIJA22_aq0JAWARDnaisCmDcOQ,,,,https://www.google.com/maps/place/?q=place_id:ChIJA22_aq0JAWARDnaisCmDcOQ,False,,,
,rest_0591,Korean Restaurant Byeoleeya,1,Koreaans,Kyoto,Japan,🇯🇵,"38 Mibutsujimachi, Nakagyo Ward, Kyoto 604-8822",34.999331,135.742963,ChIJ02OKNUEJAWARxBf8MLVZQ9w,,,,https://www.google.com/maps/place/?q=place_id:ChIJ02OKNUEJAWARxBf8MLVZQ9w,False,,,
,rest_0592,Kentan Horibe,1,Japans,Kyoto,Japan,🇯🇵,"273 Tenjinyamacho, Nakagyo Ward, Kyoto 604-8221",35.005064,135.757012,ChIJe_n4XpsIAWARyyaJO4RzB14,,,,https://www.google.com/maps/place/?q=place_id:ChIJe_n4XpsIAWARyyaJO4RzB14,False,,,
,rest_0593,Ayanokoji Karatsu,1,Japans,Kyoto,Japan,🇯🇵,"113-1 Yadacho, Shimogyo Ward, Kyoto 600-8442",35.002446,135.755566,ChIJI4LPCxgJAWARfeClbJQwaww,,,,https://www.google.com/maps/place/?q=place_id:ChIJI4LPCxgJAWARfeClbJQwaww,False,,,
,rest_0594,la bûche,1,Frans,Kyoto,Japan,🇯🇵,"400-3 Oharaikoincho, Sakyo Ward, Kyoto 601-1242",35.120056,135.83001,ChIJm2HTBIehAWARvpldzxmhzKk,,,,https://www.google.com/maps/place/?q=place_id:ChIJm2HTBIehAWARvpldzxmhzKk,False,,,
,rest_0595,MUBE,1,Japans,Kyoto,Japan,🇯🇵,"11-1 Omiya Gentakukitacho, Kita Ward, Kyoto 603-8462",35.052534,135.738443,ChIJxyOk6L-pAWARYuKXjO_yvlM,,,,https://www.google.com/maps/place/?q=place_id:ChIJxyOk6L-pAWARYuKXjO_yvlM,False,,,
,rest_0596,Okina,1,Japans,Kyoto,Japan,🇯🇵,"11-11 Sagashakadodaimoncho, Ukyo Ward, Kyoto 616-8422",35.022687,135.675632,ChIJDWoMRR2qAWARrfVgztklJNY,,,,https://www.google.com/maps/place/?q=place_id:ChIJDWoMRR2qAWARrfVgztklJNY,False,,,
,rest_0597,Tozentei,1,Japans,Kyoto,Japan,🇯🇵,"31-1 Komatsubara Minamicho, Kita Ward, Kyoto 603-8342",35.029314,135.729565,ChIJ2fJksqkHAWARdbRHl8t8Nug,,,,https://www.google.com/maps/place/?q=place_id:ChIJ2fJksqkHAWARdbRHl8t8Nug,False,,,
,rest_0598,Tenjaku,1,Tempura,Kyoto,Japan,🇯🇵,"570 Botanbokocho, Kamigyo Ward, Kyoto 602-8475",35.031398,135.741797,ChIJ62ueae8HAWARUWDU4AnAsUE,,,,https://www.google.com/maps/place/?q=place_id:ChIJ62ueae8HAWARUWDU4AnAsUE,False,,,
,rest_0599,KOGA,1,Frans,Kyoto,Japan,🇯🇵,"230 Nakaogawacho, Kamigyo Ward, Kyoto 602-0053",35.030181,135.754323,ChIJ1YSCNAAJAWARNw29gn6qxnE,,,,https://www.google.com/maps/place/?q=place_id:ChIJ1YSCNAAJAWARNw29gn6qxnE,False,,,
,rest_0600,La Biographie,1,Frans,Kyoto,Japan,🇯🇵,"1F, Cent Garden, 422-1 Tanakacho, Kamigyo Ward, Kyoto 602-8163",35.020217,135.742986,ChIJJ6ffGWQHAWAReWN2QMrHIG4,,,,https://www.google.com/maps/place/?q=place_id:ChIJJ6ffGWQHAWAReWN2QMrHIG4,False,,,
,rest_0601,Kokyu,1,Japans,Kyoto,Japan,🇯🇵,"204 Seiryucho, Kamigyo Ward, Kyoto 602-0822",35.031121,135.769426,ChIJCw16RWgIAWARcbvfN3lQrpQ,,,,https://www.google.com/maps/place/?q=place_id:ChIJCw16RWgIAWARcbvfN3lQrpQ,False,,,
,rest_0602,Droit,1,Frans,Kyoto,Japan,🇯🇵,"1F, Institut francais du Japon, 8 Yoshida Izumidonocho, Sakyo Ward, Kyoto 606-8301",35.026244,135.778262,ChIJHY7jDGEIAWAR3t4RyIRtZew,,,,https://www.google.com/maps/place/?q=place_id:ChIJHY7jDGEIAWAR3t4RyIRtZew,False,,,
,rest_0603,MOKO,1,Frans,Kyoto,Japan,🇯🇵,"235-2 Tamauecho, Nakagyo Ward, Kyoto 604-0005",35.01686,135.757151,ChIJT1StRfIJAWARJT5o70kaYvM,,,,https://www.google.com/maps/place/?q=place_id:ChIJT1StRfIJAWARJT5o70kaYvM,False,,,
,rest_0604,Mirei,1,Japans,Kyoto,Japan,🇯🇵,"143-2 Kameyacho, Nakagyo Ward, Kyoto 604-0865",35.016142,135.758455,ChIJCa3VkX0IAWARX_ia2Ery9Q0,,,,https://www.google.com/maps/place/?q=place_id:ChIJCa3VkX0IAWARX_ia2Ery9Q0,False,,,
,rest_0605,Gosho Iwasaki,1,Japans,Kyoto,Japan,🇯🇵,"1F, 660 Otsucho, Nakagyo Ward, Kyoto 604-0885",35.016886,135.761826,ChIJ_____4AIAWAR_i-6rEnNGp0,,,,https://www.google.com/maps/place/?q=place_id:ChIJ_____4AIAWAR_i-6rEnNGp0,False,,,
,rest_0606,Vena,1,Italiaans,Kyoto,Japan,🇯🇵,"46-3 Kagamiyacho, Nakagyo Ward, Kyoto 604-0002",35.015165,135.758129,ChIJbdO2YIcIAWARhz-h0oecuVE,,,,https://www.google.com/maps/place/?q=place_id:ChIJbdO2YIcIAWARhz-h0oecuVE,False,,,
,rest_0607,Nijojo Furuta,1,Japans,Kyoto,Japan,🇯🇵,"371 Furushirocho, Nakagyo Ward, Kyoto 604-0045",35.012209,135.753872,ChIJOccsQ4AIAWARvrgPsgAejJc,,,,https://www.google.com/maps/place/?q=place_id:ChIJOccsQ4AIAWARvrgPsgAejJc,False,,,
,rest_0608,Nakamitsu,1,Japans,Kyoto,Japan,🇯🇵,"496-2 Sanbongi 5-chome, Nakagyo Ward, Kyoto 604-0872",35.015121,135.760957,ChIJhSTZHAAJAWARiC33aFVEck4,,,,https://www.google.com/maps/place/?q=place_id:ChIJhSTZHAAJAWARiC33aFVEck4,False,,,
,rest_0609,Kiyama,1,Japans,Kyoto,Japan,🇯🇵,"1F, Verdor Gosho, 136 Kinuyacho, Nakagyo Ward, Kyoto 604-0804",35.015727,135.762949,ChIJq6o6XIgIAWARXiYCduy8dZc,,,,https://www.google.com/maps/place/?q=place_id:ChIJq6o6XIgIAWARXiYCduy8dZc,False,,,
,rest_0610,Tsujifusa,1,Japans,Kyoto,Japan,🇯🇵,"155 Mukadeyacho, Nakagyo Ward, Kyoto 604-0805",35.014967,135.763464,ChIJzcbsYQAJAWARPQGjNDdNHN8,,,,https://www.google.com/maps/place/?q=place_id:ChIJzcbsYQAJAWARPQGjNDdNHN8,False,,,
,rest_0611,shiro,1,Italiaans,Kyoto,Japan,🇯🇵,"2F, IDO, 287 Takoyakushicho, Nakagyo Ward, Kyoto 604-0021",35.012562,135.758145,ChIJUyYFE_IJAWARlGcmw5J7Mmc,,,,https://www.google.com/maps/place/?q=place_id:ChIJUyYFE_IJAWARlGcmw5J7Mmc,False,,,
,rest_0612,KOKE,1,Innovatief,Kyoto,Japan,🇯🇵,"1F, IDO, 287 Takoyakushicho, Nakagyo Ward, Kyoto 604-0021",35.012564,135.758226,ChIJaaNHaXMJAWARrWc6YuCKh7Y,,,,https://www.google.com/maps/place/?q=place_id:ChIJaaNHaXMJAWARrWc6YuCKh7Y,False,,,
,rest_0613,Torisaki,1,Yakitori,Kyoto,Japan,🇯🇵,"292-1 Takoyakushicho, Nakagyo Ward, Kyoto 604-0021",35.012342,135.758386,ChIJ1Xui5tYJAWARvjMaq-ASA-A,,,,https://www.google.com/maps/place/?q=place_id:ChIJ1Xui5tYJAWARvjMaq-ASA-A,False,,,
,rest_0614,Miyawaki,1,Japans,Kyoto,Japan,🇯🇵,"1F, 122-1 Shikiamicho, Nakagyo Ward, Kyoto 604-8261",35.010044,135.753685,ChIJVQF-ySgJAWAR1Rf-0LMqcwc,,,,https://www.google.com/maps/place/?q=place_id:ChIJVQF-ySgJAWAR1Rf-0LMqcwc,False,,,
,rest_0615,Sokkon Fujimoto,1,Japans,Kyoto,Japan,🇯🇵,"580-1 Matsumotocho, Nakagyo Ward, Kyoto 604-0982",35.015294,135.766807,ChIJlQ84ro0IAWARdnmL_hot_uk,,,,https://www.google.com/maps/place/?q=place_id:ChIJlQ84ro0IAWARdnmL_hot_uk,False,,,
,rest_0616,Gokomachi Tagawa,1,Japans,Kyoto,Japan,🇯🇵,"575-1 Matsumotocho, Nakagyo Ward, Kyoto 604-0982",35.015006,135.766382,ChIJJTIQ_osIAWARa9En4ut9zKQ,,,,https://www.google.com/maps/place/?q=place_id:ChIJJTIQ_osIAWARa9En4ut9zKQ,False,,,
,rest_0617,Kyoryori Fujimoto,1,Japans,Kyoto,Japan,🇯🇵,"1F, Elite Shinmachi, 72 Shinmeicho, Nakagyo Ward, Kyoto 604-8207",35.010381,135.756772,ChIJ28O1moQIAWARJBfpkpBqXJU,,,,https://www.google.com/maps/place/?q=place_id:ChIJ28O1moQIAWARJBfpkpBqXJU,False,,,
,rest_0618,Ogawa,1,Japans,Kyoto,Japan,🇯🇵,"515 Anenishinotoincho, Nakagyo Ward, Kyoto 604-8273",35.008883,135.755219,ChIJRXig-cEIAWAR-XRwXA_oegE,,,,https://www.google.com/maps/place/?q=place_id:ChIJRXig-cEIAWAR-XRwXA_oegE,False,,,
,rest_0619,Uozuya,1,Japans,Kyoto,Japan,🇯🇵,"8 Mibuhigashihinokicho, Nakagyo Ward, Kyoto 604-8843",34.999848,135.735896,ChIJSTpcjDYGAWARpEkBHzsmLKw,,,,https://www.google.com/maps/place/?q=place_id:ChIJSTpcjDYGAWARpEkBHzsmLKw,False,,,
,rest_0620,Nijo Minami,1,Japans,Kyoto,Japan,🇯🇵,"92-12 Enokicho, Nakagyo Ward, Kyoto 604-0931",35.013051,135.768186,ChIJWVzOOK0JAWARy3BQSNNihNI,,,,https://www.google.com/maps/place/?q=place_id:ChIJWVzOOK0JAWARy3BQSNNihNI,False,,,
,rest_0621,LA TABLE de Joël Robuchon,1,Frans,Tokyo,Japan,🇯🇵,"Ebisu Garden Place, 1-13-1 Mita, Meguro City, Tokyo 153-0062",35.641914,139.714537,ChIJtxdIhBaLGGARvCnhexq9s74,,,,https://www.google.com/maps/place/?q=place_id:ChIJtxdIhBaLGGARvCnhexq9s74,False,,,
,rest_0622,Yama,1,Frans,Tokyo,Japan,🇯🇵,"1F, 6-16-41 Shirokane, Minato City, Tokyo 108-0072",35.643798,139.722903,ChIJewCB5KeLGGARj2HrKRvkR_M,,,,https://www.google.com/maps/place/?q=place_id:ChIJewCB5KeLGGARj2HrKRvkR_M,False,,,
,rest_0623,Sushi Matsuura,1,Sushi,Tokyo,Japan,🇯🇵,"1F, Wing Tsunashima, 5-7-8 Shirokane, Minato City, Tokyo 108-0072",35.644482,139.727692,ChIJyfbUCk-LGGARtkHwR4hgy-Y,,,,https://www.google.com/maps/place/?q=place_id:ChIJyfbUCk-LGGARtkHwR4hgy-Y,False,,,
,rest_0624,Sushi Tanaka,1,Sushi,Tokyo,Japan,🇯🇵,"1F, Marquis Minamiazabu, 2-7-23 Minamiazabu, Minato City, Tokyo 106-0047",35.647224,139.736597,ChIJuXdhUjWLGGARPCm51rrL-CE,,,,https://www.google.com/maps/place/?q=place_id:ChIJuXdhUjWLGGARPCm51rrL-CE,False,,,
,rest_0625,Sanosushi,1,Sushi,Tokyo,Japan,🇯🇵,"2-18-9 Shiba, Minato City, Tokyo 105-0014",35.651528,139.750694,ChIJU-KOB-iLGGAR7QolPPFGq94,,,,https://www.google.com/maps/place/?q=place_id:ChIJU-KOB-iLGGAR7QolPPFGq94,False,,,
,rest_0626,Yakumo Uezu,1,Japans,Tokyo,Japan,🇯🇵,"1-3-9 Yakumo, Meguro City, Tokyo 152-0023",35.618779,139.674165,ChIJN366KqP1GGARVm2TnL8af3s,,,,https://www.google.com/maps/place/?q=place_id:ChIJN366KqP1GGARVm2TnL8af3s,False,,,
,rest_0627,Alchimiste,1,Frans,Tokyo,Japan,🇯🇵,"5-17-10 Shirokanedai, Minato City, Tokyo 108-0071",35.637543,139.723183,ChIJi45iWQqLGGARJix9-3OQLSY,,,,https://www.google.com/maps/place/?q=place_id:ChIJi45iWQqLGGARJix9-3OQLSY,False,,,
,rest_0628,Tempura Ginya,1,Tempura,Tokyo,Japan,🇯🇵,"5-17-9 Shirokanedai, Minato City, Tokyo 108-0071",35.637464,139.723212,ChIJY-qIlgSLGGAR9e_731B9spg,,,,https://www.google.com/maps/place/?q=place_id:ChIJY-qIlgSLGGAR9e_731B9spg,False,,,
,rest_0629,ShinoiS,1,Chinees,Tokyo,Japan,🇯🇵,"2F, bld Sakuranamiki, 4-2-7 Shirokanedai, Minato City, Tokyo 108-0071",35.639285,139.728173,ChIJoVieO_GLGGARmorh-DZUURk,,,,https://www.google.com/maps/place/?q=place_id:ChIJoVieO_GLGGARmorh-DZUURk,False,,,
,rest_0630,Jizozushi,1,Sushi,Tokyo,Japan,🇯🇵,"2F, NK Building, 3-18-5 Shirokanedai, Minato City, Tokyo 108-0071",35.635303,139.720999,ChIJM4cEpRyLGGARlLKEdtigV8U,,,,https://www.google.com/maps/place/?q=place_id:ChIJM4cEpRyLGGARlLKEdtigV8U,False,,,
,rest_0631,BOTTEGA,1,Italiaans,Tokyo,Japan,🇯🇵,"B1F, 5-17-8 Hiroo, Shibuya, Tokyo 150-0012",35.649467,139.720405,ChIJe-2kNW2LGGAR8-2OQls4HK8,,,,https://www.google.com/maps/place/?q=place_id:ChIJe-2kNW2LGGAR8-2OQls4HK8,False,,,
,rest_0632,Piao-Xiang,1,Chinees,Tokyo,Japan,🇯🇵,"5F, Roppongi Hills West Walk, 6-10-1 Roppongi, Minato City, Tokyo 106-6105",35.6608,139.729299,ChIJ9dKEVI2LGGARLJAiXJsnZOE,,,,https://www.google.com/maps/place/?q=place_id:ChIJ9dKEVI2LGGARLJAiXJsnZOE,False,,,
,rest_0633,Hiroo Ishizaka,1,Sushi,Tokyo,Japan,🇯🇵,"2F, Hiroo Village, 5-19-1 Hiroo, Shibuya, Tokyo 150-0012",35.649006,139.719586,ChIJbxNqhnKLGGARQ9iU7QiDSlE,,,,https://www.google.com/maps/place/?q=place_id:ChIJbxNqhnKLGGARQ9iU7QiDSlE,False,,,
,rest_0634,TROIS VISAGES,1,Frans,Tokyo,Japan,🇯🇵,"1F, Kumo Building, 7-16-21 Ginza, Chuo City, Tokyo 104-0061",35.667154,139.765647,ChIJZ6S6tmaLGGARzKiPwbhy4aU,,,,https://www.google.com/maps/place/?q=place_id:ChIJZ6S6tmaLGGARzKiPwbhy4aU,False,,,
,rest_0635,Nodaiwa Azabu Iikura Honten,1,Japans,Tokyo,Japan,🇯🇵,"1-5-4 Higashiazabu, Minato City, Tokyo 106-0044",35.658123,139.743371,ChIJreMNLr2LGGARZuiWrMEdha8,,,,https://www.google.com/maps/place/?q=place_id:ChIJreMNLr2LGGARZuiWrMEdha8,False,,,
,rest_0636,Azabujuban Fukuda,1,Japans,Tokyo,Japan,🇯🇵,"1F, Masuko Building Azabu Juban, 3-7-5 Azabujuban, Minato City, Tokyo 106-0045",35.653644,139.735045,ChIJAQDksKGLGGAR9nN2zDvpJWo,,,,https://www.google.com/maps/place/?q=place_id:ChIJAQDksKGLGGAR9nN2zDvpJWo,False,,,
,rest_0637,au deco,1,Frans,Tokyo,Japan,🇯🇵,"2-23-3 Ebisu, Shibuya, Tokyo 150-0013",35.647675,139.720294,ChIJS3hdF6-LGGARGR_d5IukAJQ,,,,https://www.google.com/maps/place/?q=place_id:ChIJS3hdF6-LGGARGR_d5IukAJQ,False,,,
,rest_0638,Seiju,1,Tempura,Tokyo,Japan,🇯🇵,"B1F, Arban Meitsu Building, 3-16-9 Tsukiji, Chuo City, Tokyo 104-0045",35.666314,139.771167,ChIJG1lyFt-LGGARncAz9dvAwlg,,,,https://www.google.com/maps/place/?q=place_id:ChIJG1lyFt-LGGARncAz9dvAwlg,False,,,
,rest_0639,Seisoka,1,Japans,Tokyo,Japan,🇯🇵,"4-2-34 Minamiazabu, Minato City, Tokyo 106-0047",35.647653,139.723956,ChIJoQjlsA2LGGARcqak4efaXrg,,,,https://www.google.com/maps/place/?q=place_id:ChIJoQjlsA2LGGARcqak4efaXrg,False,,,
,rest_0640,Sushi Keita,1,Sushi,Tokyo,Japan,🇯🇵,"6-6-4 Tsukiji, Chuo City, Tokyo 104-0045",35.665405,139.773662,ChIJV-ltEGKJGGARYqHQSKTGchM,,,,https://www.google.com/maps/place/?q=place_id:ChIJV-ltEGKJGGARYqHQSKTGchM,False,,,
,rest_0641,TOKi,1,Spaans,Tokyo,Japan,🇯🇵,"2F, SMBC Shimbashi Building, 1-8-4 Shinbashi, Minato City, Tokyo 105-0004",35.667078,139.760524,ChIJ96McnkaLGGAR_nCjL4ZxXIk,,,,https://www.google.com/maps/place/?q=place_id:ChIJ96McnkaLGGAR_nCjL4ZxXIk,False,,,
,rest_0642,Tempura Miyashiro,1,Tempura,Tokyo,Japan,🇯🇵,"2-18-11 Kamimeguro, Meguro City, Tokyo 153-0051",35.64155,139.697318,ChIJMXHndD-LGGARTzWxXrBV_kA,,,,https://www.google.com/maps/place/?q=place_id:ChIJMXHndD-LGGARTzWxXrBV_kA,False,,,
,rest_0643,Tempura Maehira,1,Tempura,Tokyo,Japan,🇯🇵,"4F, ISI Building, 2-8-16 Azabujuban, Minato City, Tokyo 106-0045",35.655625,139.733896,ChIJVVVYl5-LGGARHez2jki67g4,,,,https://www.google.com/maps/place/?q=place_id:ChIJVVVYl5-LGGARHez2jki67g4,False,,,
,rest_0644,MAKIYAKI GINZA ONODERA,1,Frans,Tokyo,Japan,🇯🇵,"9F, Sunlit Ginza Building III, 5-14-14 Ginza, Chuo City, Tokyo 104-0061",35.668575,139.766905,ChIJdYKMBu2LGGAR_tKmVDXMcks,,,,https://www.google.com/maps/place/?q=place_id:ChIJdYKMBu2LGGAR_tKmVDXMcks,False,,,
,rest_0645,PRIMO PASSO,1,Italiaans,Tokyo,Japan,🇯🇵,"B1F, Acn Tsukiji Building, 1-5-11 Tsukiji, Chuo City, Tokyo 104-0045",35.670222,139.771737,ChIJ2SbS7YuLGGAR5cWQy8HeHk4,,,,https://www.google.com/maps/place/?q=place_id:ChIJ2SbS7YuLGGAR5cWQy8HeHk4,False,,,
,rest_0646,JO,1,Japans,Tokyo,Japan,🇯🇵,"3F, Labeille Azabu Juban, 2-8-6 Azabujuban, Minato City, Tokyo 106-0045",35.655576,139.734649,ChIJKcRwt3qLGGARrxyFfaQcu64,,,,https://www.google.com/maps/place/?q=place_id:ChIJKcRwt3qLGGARrxyFfaQcu64,False,,,
,rest_0647,Sushi Yuki,1,Sushi,Tokyo,Japan,🇯🇵,"5-17-4 Hiroo, Shibuya, Tokyo 150-0012",35.649832,139.720408,ChIJbUaROACLGGARR56GT3stGy4,,,,https://www.google.com/maps/place/?q=place_id:ChIJbUaROACLGGARR56GT3stGy4,False,,,
,rest_0648,MANOIR,1,Frans,Tokyo,Japan,🇯🇵,"1F, Hiroo Pia Sujusu, 1-10-6 Hiroo, Shibuya, Tokyo 150-0012",35.648418,139.717197,ChIJIzR1r2yLGGARlsseCRlHdoE,,,,https://www.google.com/maps/place/?q=place_id:ChIJIzR1r2yLGGARlsseCRlHdoE,False,,,
,rest_0649,Oryori Tsuji,1,Japans,Tokyo,Japan,🇯🇵,"B1F, Annex Azabu Juban, 3-3-9 Higashiazabu, Minato City, Tokyo 106-0044",35.657189,139.738857,ChIJE3_OcaKLGGARmskzAnuOsl8,,,,https://www.google.com/maps/place/?q=place_id:ChIJE3_OcaKLGGARmskzAnuOsl8,False,,,
,rest_0650,L'AFFINAGE,1,Frans,Tokyo,Japan,🇯🇵,"5-9-16 Ginza, Chuo City, Tokyo 104-0061",35.670113,139.765038,ChIJgeryPe-LGGARgCun_uVs3Nk,,,,https://www.google.com/maps/place/?q=place_id:ChIJgeryPe-LGGARgCun_uVs3Nk,False,,,
,rest_0651,FARO,1,Italiaans,Tokyo,Japan,🇯🇵,"10F, Shiseido Ginza Building, 8-8-3 Ginza, Chuo City, Tokyo 104-0061",35.668557,139.761894,ChIJW9Qxj-iLGGARrLFLJoOzto4,,,,https://www.google.com/maps/place/?q=place_id:ChIJW9Qxj-iLGGARrLFLJoOzto4,False,,,
,rest_0652,Ten Yokota,1,Tempura,Tokyo,Japan,🇯🇵,"202, Kadoru Motoazabu, 3-10-5 Motoazabu, Minato City, Tokyo 106-0046",35.656993,139.732505,ChIJ_QGYGmmLGGAR-YlgCpayN5w,,,,https://www.google.com/maps/place/?q=place_id:ChIJ_QGYGmmLGGAR-YlgCpayN5w,False,,,
,rest_0653,Daigo,1,Japans,Tokyo,Japan,🇯🇵,"Atago Green Hills Forest Tower, 2-3-1 Atago, Minato City, Tokyo 105-0002",35.663512,139.748963,ChIJLXYlT5SLGGARR1b1ARFUUmw,,,,https://www.google.com/maps/place/?q=place_id:ChIJLXYlT5SLGGARR1b1ARFUUmw,False,,,
,rest_0654,Ippei Hanten,1,Chinees,Tokyo,Japan,🇯🇵,"3-12-41 Motoazabu, Minato City, Tokyo 106-0046",35.656343,139.731817,ChIJIXrCrK-LGGARfx-SIkgR5Rs,,,,https://www.google.com/maps/place/?q=place_id:ChIJIXrCrK-LGGARfx-SIkgR5Rs,False,,,
,rest_0655,hortensia,1,Frans,Tokyo,Japan,🇯🇵,"2F, Espacio, 1-5-12 Shintomi, Chuo City, Tokyo 104-0041",35.672427,139.772826,ChIJL7tb0CSLGGARJWOhdejXMYE,,,,https://www.google.com/maps/place/?q=place_id:ChIJL7tb0CSLGGARJWOhdejXMYE,False,,,
,rest_0656,Sushi Hashimoto,1,Sushi,Tokyo,Japan,🇯🇵,"1F, 1-8-2 Shintomi, Chuo City, Tokyo 104-0041",35.67293,139.774469,ChIJdYcitl-JGGARRN6dClrsF9w,,,,https://www.google.com/maps/place/?q=place_id:ChIJdYcitl-JGGARRN6dClrsF9w,False,,,
,rest_0657,Ginza Kousui,1,Japans,Tokyo,Japan,🇯🇵,"8F, 6-12-14 Ginza, Chuo City, Tokyo 104-0061",35.669148,139.764512,ChIJ2ak-aw2LGGARCI-p2qWmBSc,,,,https://www.google.com/maps/place/?q=place_id:ChIJ2ak-aw2LGGARCI-p2qWmBSc,False,,,
,rest_0658,abysse,1,Frans,Tokyo,Japan,🇯🇵,"1F, Ebisu Hills, 1-30-12 Ebisunishi, Shibuya, Tokyo 150-0021",35.64847,139.705669,ChIJAQAAAGOLGGARxWRVGcdrynM,,,,https://www.google.com/maps/place/?q=place_id:ChIJAQAAAGOLGGARxWRVGcdrynM,False,,,
,rest_0659,Gucci Osteria da Massimo Bottura Tokyo,1,Italiaans,Tokyo,Japan,🇯🇵,"6-6-12 Ginza, Chuo City, Tokyo 104-0061",35.670467,139.762097,ChIJGZmQVXyLGGARIr01OW-8CGg,,,,https://www.google.com/maps/place/?q=place_id:ChIJGZmQVXyLGGARIr01OW-8CGg,False,,,
,rest_0660,amarantos,1,Frans,Tokyo,Japan,🇯🇵,"9F, SANWA Suzuran Building, 5-6-7 Ginza, Chuo City, Tokyo 104-0061",35.670987,139.76386,ChIJ2bQw_tmLGGARprV9Gllket0,,,,https://www.google.com/maps/place/?q=place_id:ChIJ2bQw_tmLGGARprV9Gllket0,False,,,
,rest_0661,Shokuzen Abe,1,Japans,Tokyo,Japan,🇯🇵,"4F, Miyako Building, 5-6-10 Ginza, Chuo City, Tokyo 104-0061",35.670737,139.763655,ChIJi7BFZuaLGGARIeRRYNU6SzM,,,,https://www.google.com/maps/place/?q=place_id:ChIJi7BFZuaLGGARIeRRYNU6SzM,False,,,
,rest_0662,Oniku Karyu,1,Japans,Tokyo,Japan,🇯🇵,"7F, Vort Ginza Briller, 1-14-6 Ginza, Chuo City, Tokyo 104-0061",35.673067,139.769813,ChIJYT3p8VOJGGAREKvU0Qeugwk,,,,https://www.google.com/maps/place/?q=place_id:ChIJYT3p8VOJGGAREKvU0Qeugwk,False,,,
,rest_0663,ZURRIOLA,1,Spaans,Tokyo,Japan,🇯🇵,"4F, Kougi Building, 6-8-7 Ginza, Chuo City, Tokyo 104-0061",35.670131,139.762859,ChIJl5BHHOaLGGAR3z0Dg9Gyf3g,,,,https://www.google.com/maps/place/?q=place_id:ChIJl5BHHOaLGGAR3z0Dg9Gyf3g,False,,,
,rest_0664,Sorahana,1,Japans,Tokyo,Japan,🇯🇵,"1F, Kamiya Place, 5-3-3 Toranomon, Minato City, Tokyo 105-0001",35.662688,139.744258,ChIJMf2LOOKLGGARDeHguUL6iSw,,,,https://www.google.com/maps/place/?q=place_id:ChIJMf2LOOKLGGARDeHguUL6iSw,False,,,
,rest_0665,Series,1,Chinees,Tokyo,Japan,🇯🇵,"1F, 3-4-11 Azabudai, Minato City, Tokyo 106-0041",35.660599,139.738995,ChIJcRghh6aLGGARO-6JpGPVY-Y,,,,https://www.google.com/maps/place/?q=place_id:ChIJcRghh6aLGGARO-6JpGPVY-Y,False,,,
,rest_0666,Ginza Kitagawa,1,Japans,Tokyo,Japan,🇯🇵,"3F, Maronie Dori Ginza, 2-10-11 Ginza, Chuo City, Tokyo 104-0061",35.672129,139.768269,ChIJv1ZzHuWLGGAR80F7_9EUMCU,,,,https://www.google.com/maps/place/?q=place_id:ChIJv1ZzHuWLGGAR80F7_9EUMCU,False,,,
,rest_0667,BEIGE Alain Ducasse,1,Frans,Tokyo,Japan,🇯🇵,"10F, Chanel Ginza Building, 3-5-3 Ginza, Chuo City, Tokyo 104-0061",35.672997,139.766526,ChIJDxzYF-SLGGARQYB8-Z27qAI,,,,https://www.google.com/maps/place/?q=place_id:ChIJDxzYF-SLGGARQYB8-Z27qAI,False,,,
,rest_0668,Mutsukari,1,Japans,Tokyo,Japan,🇯🇵,"Ginza Pony Group Building, 5-5-19 Ginza, Chuo City, Tokyo 104-0061",35.671728,139.76374,ChIJrW5n5uWLGGARqwYg3HvgOFc,,,,https://www.google.com/maps/place/?q=place_id:ChIJrW5n5uWLGGARqwYg3HvgOFc,False,,,
,rest_0669,Mētis Roppongi,1,Frans,Tokyo,Japan,🇯🇵,"1F, FORCE Building, 5-18-22 Roppongi, Minato City, Tokyo 106-0032",35.661135,139.73697,ChIJB9dzubyLGGARssbpJf9vcyM,,,,https://www.google.com/maps/place/?q=place_id:ChIJB9dzubyLGGARssbpJf9vcyM,False,,,
,rest_0670,Waketokuyama,1,Japans,Tokyo,Japan,🇯🇵,"5-1-5 Minamiazabu, Minato City, Tokyo 106-0047",35.655752,139.723064,ChIJdVd2oPGGHWAR-OIqEZ32eMw,,,,https://www.google.com/maps/place/?q=place_id:ChIJdVd2oPGGHWAR-OIqEZ32eMw,False,,,
,rest_0671,Ren Mishina,1,Japans,Tokyo,Japan,🇯🇵,"B1F, 7-3-13 Ginza, Chuo City, Tokyo 104-0061",35.670164,139.760165,ChIJAQBb8VqMGGARQj2V66mdcv0,,,,https://www.google.com/maps/place/?q=place_id:ChIJAQBb8VqMGGARQj2V66mdcv0,False,,,
,rest_0672,Koshikiryori Koki,1,Chinees,Tokyo,Japan,🇯🇵,"1F, Mitani Building, 2-13-6 Nishishinbashi, Minato City, Tokyo 105-0003",35.666704,139.751644,ChIJ4WfgFW-LGGAR9UCN92NJzAA,,,,https://www.google.com/maps/place/?q=place_id:ChIJ4WfgFW-LGGAR9UCN92NJzAA,False,,,
,rest_0673,Sushi Kojima,1,Sushi,Tokyo,Japan,🇯🇵,"5F, Ginza 7-chome Place, 7-3-8 Ginza, Chuo City, Tokyo 104-0061",35.670176,139.76053,ChIJ___zQO-LGGARZZxy0xx4LNE,,,,https://www.google.com/maps/place/?q=place_id:ChIJ___zQO-LGGARZZxy0xx4LNE,False,,,
,rest_0674,apothéose,1,Frans,Tokyo,Japan,🇯🇵,"49F, Toranomon Hills Station Tower, 2-6-2 Toranomon, Minato City, Tokyo 105-5549",35.667534,139.746896,ChIJMWff46CLGGARtLaIj--0ZcU,,,,https://www.google.com/maps/place/?q=place_id:ChIJMWff46CLGGARtLaIj--0ZcU,False,,,
,rest_0675,L'ATELIER de Joël Robuchon,1,Frans,Tokyo,Japan,🇯🇵,"2F, Roppongi Hills Hillside, 6-10-1 Roppongi, Minato City, Tokyo 106-0032",35.660117,139.729432,ChIJK0TdDneLGGARW8iHQb4cVzE,,,,https://www.google.com/maps/place/?q=place_id:ChIJK0TdDneLGGARW8iHQb4cVzE,False,,,
,rest_0676,Kyobashi Tempura Fukamachi,1,Tempura,Tokyo,Japan,🇯🇵,"101, 2-5-2 Kyobashi, Chuo City, Tokyo 104-0031",35.676447,139.770431,ChIJrXFD_uKLGGARseFHs8I_T38,,,,https://www.google.com/maps/place/?q=place_id:ChIJrXFD_uKLGGARseFHs8I_T38,False,,,
,rest_0677,CRAFTALE,1,Frans,Tokyo,Japan,🇯🇵,"1-16-11 Aobadai, Meguro City, Tokyo 153-0042",35.647421,139.696507,ChIJofSkdk6LGGARU2YzaVHpYBI,,,,https://www.google.com/maps/place/?q=place_id:ChIJofSkdk6LGGARU2YzaVHpYBI,False,,,
,rest_0678,hakunei,1,Japans,Tokyo,Japan,🇯🇵,"4-9-11 Nishiazabu, Minato City, Tokyo 106-0031",35.657026,139.722223,ChIJlc_cJz-LGGARuZ65d4ldMr8,,,,https://www.google.com/maps/place/?q=place_id:ChIJlc_cJz-LGGARuZ65d4ldMr8,False,,,
,rest_0679,Dominique Bouchet Tokyo,1,Frans,Tokyo,Japan,🇯🇵,"2F, Ginza Renga Dori Fukujin Building, 1-5-6 Ginza, Chuo City, Tokyo 104-0061",35.674808,139.767296,ChIJM6mMWeaLGGARrm7FtLxwl10,,,,https://www.google.com/maps/place/?q=place_id:ChIJM6mMWeaLGGARrm7FtLxwl10,False,,,
,rest_0680,Shimbashi Sasada,1,Japans,Tokyo,Japan,🇯🇵,"403, Prestage Court Toranomon, 1-23-7 Nishishinbashi, Minato City, Tokyo 105-0003",35.668157,139.751575,ChIJtWLCpOyLGGARvwp1ZVmN3Kw,,,,https://www.google.com/maps/place/?q=place_id:ChIJtWLCpOyLGGARvwp1ZVmN3Kw,False,,,
,rest_0681,Saucer,1,Frans,Tokyo,Japan,🇯🇵,"B1F, Ebisu Dai 3, 2-7-10 Ebisunishi, Shibuya, Tokyo 150-0021",35.650523,139.707153,ChIJnx73T0GLGGARVnaHu4mjG1c,,,,https://www.google.com/maps/place/?q=place_id:ChIJnx73T0GLGGARVnaHu4mjG1c,False,,,
,rest_0682,TEN-MASA,1,Tempura,Tokyo,Japan,🇯🇵,"B1F, Cube-M, 3-16-13 Kamimeguro, Meguro City, Tokyo 153-0051",35.645841,139.695585,ChIJlWXdMUyLGGARtnSfWiqv5U0,,,,https://www.google.com/maps/place/?q=place_id:ChIJlWXdMUyLGGARtnSfWiqv5U0,False,,,
,rest_0683,L'ARGENT,1,Frans,Tokyo,Japan,🇯🇵,"2F, Kasumi Dining, 3-2-6 Kasumigaseki, Chiyoda City, Tokyo 100-0013",35.670526,139.746851,ChIJDXFH5MyLGGARMytSvZtzpvM,,,,https://www.google.com/maps/place/?q=place_id:ChIJDXFH5MyLGGARMytSvZtzpvM,False,,,
,rest_0684,Yakitori Takahashi,1,Yakitori,Tokyo,Japan,🇯🇵,"Ribio Gotanda Plagma G Tower, 1-7-1 Nishigotanda, Shinagawa City, Tokyo 141-0031",35.625129,139.723807,ChIJqUx8-_qKGGARjJy8rHEs_Lo,,,,https://www.google.com/maps/place/?q=place_id:ChIJqUx8-_qKGGARjJy8rHEs_Lo,False,,,
,rest_0685,Édition Koji Shimomura,1,Frans,Tokyo,Japan,🇯🇵,"1F, 3-1-1 Roppongi, Minato City, Tokyo 106-0032",35.665543,139.738223,ChIJd56XtISLGGARgym0xO42yCw,,,,https://www.google.com/maps/place/?q=place_id:ChIJd56XtISLGGARgym0xO42yCw,False,,,
,rest_0686,Towa,1,Japans,Tokyo,Japan,🇯🇵,"2F, Modan Forum Nishiazabu Building Part III, 4-11-25 Nishiazabu, Minato City, Tokyo 106-0031",35.659212,139.722365,ChIJS23v00uLGGARcfZS2ZmUOV0,,,,https://www.google.com/maps/place/?q=place_id:ChIJS23v00uLGGARcfZS2ZmUOV0,False,,,
,rest_0687,Higashiyama Muku,1,Japans,Tokyo,Japan,🇯🇵,"1F, Seikoso 3, 1-15-5 Higashiyama, Meguro City, Tokyo 153-0043",35.647188,139.693092,ChIJn_QOCmyLGGARf8LM_E4TTzM,,,,https://www.google.com/maps/place/?q=place_id:ChIJn_QOCmyLGGARf8LM_E4TTzM,False,,,
,rest_0688,Les Saisons,1,Frans,Tokyo,Japan,🇯🇵,"Mezzanine, Imperial Hotel Tokyo, 1-1-1 Uchisaiwaicho, Chiyoda City, Tokyo 100-8558",35.672406,139.75834,ChIJT7wVXe6LGGAR53FVJzNY8gU,,,,https://www.google.com/maps/place/?q=place_id:ChIJT7wVXe6LGGAR53FVJzNY8gU,True,Imperial Hotel Tokyo,,
,rest_0689,Torakuro,1,Japans,Tokyo,Japan,🇯🇵,"B1F, Imperial Hotel Tokyo, 1-1-1 Uchisaiwaicho, Chiyoda City, Tokyo 100-8558",35.67237,139.758955,ChIJOwbvfLuLGGARZTYC3D7ELdk,,,,https://www.google.com/maps/place/?q=place_id:ChIJOwbvfLuLGGARZTYC3D7ELdk,True,Imperial Hotel Tokyo,,
,rest_0690,Sushi Miura,1,Sushi,Tokyo,Japan,🇯🇵,"1F, Fortune Maret Akasaka, 6-19-46 Akasaka, Minato City, Tokyo 107-0052",35.667738,139.733579,ChIJ8cnaHjOLGGAR8ph1h6MVHxk,,,,https://www.google.com/maps/place/?q=place_id:ChIJ8cnaHjOLGGAR8ph1h6MVHxk,False,,,
,rest_0691,Jushu,1,Japans,Tokyo,Japan,🇯🇵,"1F, Saida Building, 2-16-1 Nishiazabu, Minato City, Tokyo 106-0031",35.661855,139.720313,ChIJ11DE6mSLGGAR--iGdJ0IqSk,,,,https://www.google.com/maps/place/?q=place_id:ChIJ11DE6mSLGGAR--iGdJ0IqSk,False,,,
,rest_0692,NéMo,1,Frans,Tokyo,Japan,🇯🇵,"B1F, 6-15-4 Minamiaoyama, Minato City, Tokyo 107-0062",35.659448,139.714155,ChIJYZOf1P2LGGARI2qUrl8L2Ac,,,,https://www.google.com/maps/place/?q=place_id:ChIJYZOf1P2LGGARI2qUrl8L2Ac,False,,,
,rest_0693,Kappo Muroi,1,Japans,Tokyo,Japan,🇯🇵,"1F, 2-16-4 Nishiazabu, Minato City, Tokyo 106-0031",35.6617,139.720778,ChIJD7jmvWiLGGARZ7KIXeeVv7U,,,,https://www.google.com/maps/place/?q=place_id:ChIJD7jmvWiLGGARZ7KIXeeVv7U,False,,,
,rest_0694,PRUNIER,1,Frans,Tokyo,Japan,🇯🇵,"2F, Tokyo Kaikan, 3-2-1 Marunouchi, Chiyoda City, Tokyo 100-0005",35.677654,139.761035,ChIJH9G03ZKLGGARqztLmhGB36w,,,,https://www.google.com/maps/place/?q=place_id:ChIJH9G03ZKLGGARqztLmhGB36w,False,,,
,rest_0695,Tempura Yaguchi,1,Tempura,Tokyo,Japan,🇯🇵,"1F, Oedo Access 2, 2-9-7 Nihonbashiningyocho, Chuo City, Tokyo 103-0013",35.686154,139.784015,ChIJvdV87IiJGGARleVGizDqYLw,,,,https://www.google.com/maps/place/?q=place_id:ChIJvdV87IiJGGARleVGizDqYLw,False,,,
,rest_0696,Nihombashi Sonoji,1,Tempura,Tokyo,Japan,🇯🇵,"2-22-11 Nihonbashiningyocho, Chuo City, Tokyo 103-0013",35.686234,139.784539,ChIJ1_FOtE-JGGAR_cxJzzITqhA,,,,https://www.google.com/maps/place/?q=place_id:ChIJ1_FOtE-JGGAR_cxJzzITqhA,False,,,
,rest_0697,le sputnik,1,Frans,Tokyo,Japan,🇯🇵,"7-9-9 Roppongi, Minato City, Tokyo 106-0032",35.664426,139.729877,ChIJn7oKV3iLGGARNXPGOjv-zJg,,,,https://www.google.com/maps/place/?q=place_id:ChIJn7oKV3iLGGARNXPGOjv-zJg,False,,,
,rest_0698,Edomae Shinsaku,1,Tempura,Tokyo,Japan,🇯🇵,"6F, Kyoe Plaza, 2-10-11 Nihonbashiningyocho, Chuo City, Tokyo 103-0013",35.685591,139.783984,ChIJTYq7oTuMGGARPRWkVW95glw,,,,https://www.google.com/maps/place/?q=place_id:ChIJTYq7oTuMGGARPRWkVW95glw,False,,,
,rest_0699,Nishiazabu Taku,1,Sushi,Tokyo,Japan,🇯🇵,"1F, Caparu Nishiazabu, 2-11-5 Nishiazabu, Minato City, Tokyo 106-0031",35.661319,139.722296,ChIJHSE313qLGGARaWJnpWIgkkw,,,,https://www.google.com/maps/place/?q=place_id:ChIJHSE313qLGGARaWJnpWIgkkw,False,,,
,rest_0700,EWIG,1,Oostenrijks,Tokyo,Japan,🇯🇵,"201, 4-3-23 Minamiaoyama, Minato City, Tokyo 107-0062",35.666111,139.720213,ChIJJerRlOOLGGARfdAJXfwPeFA,,,,https://www.google.com/maps/place/?q=place_id:ChIJJerRlOOLGGARfdAJXfwPeFA,False,,,
,rest_0701,Sushi Ichijo,1,Sushi,Tokyo,Japan,🇯🇵,"1F, Okuda Building, 3-1-3 Higashinihonbashi, Chuo City, Tokyo 103-0004",35.690306,139.782705,ChIJq6r2fVKJGGARtHuim6wNl54,,,,https://www.google.com/maps/place/?q=place_id:ChIJq6r2fVKJGGARtHuim6wNl54,False,,,
,rest_0702,LATURE,1,Frans,Tokyo,Japan,🇯🇵,"B1F, 2-2-2 Shibuya, Shibuya, Tokyo 150-0002",35.660762,139.708599,ChIJ5S6oA1-LGGAREG-V6VQQP_0,,,,https://www.google.com/maps/place/?q=place_id:ChIJ5S6oA1-LGGAREG-V6VQQP_0,False,,,
,rest_0703,Nogizaka Shin,1,Japans,Tokyo,Japan,🇯🇵,"1F, Ecrale Nogizaka Sekine Building, 8-11-19 Akasaka, Minato City, Tokyo 107-0052",35.66858,139.728982,ChIJQ4ig-X6LGGAR7jKZ0y3b8T0,,,,https://www.google.com/maps/place/?q=place_id:ChIJQ4ig-X6LGGAR7jKZ0y3b8T0,False,,,
,rest_0704,Miyasaka,1,Japans,Tokyo,Japan,🇯🇵,"E, 5-4-30 Minamiaoyama, Minato City, Tokyo 107-0062",35.662456,139.714378,ChIJ-2EUbPmLGGARkgBRK0jZmac,,,,https://www.google.com/maps/place/?q=place_id:ChIJ-2EUbPmLGGARkgBRK0jZmac,False,,,
,rest_0705,MONOLITH,1,Frans,Tokyo,Japan,🇯🇵,"2-6-1 Shibuya, Shibuya, Tokyo 150-0002",35.660006,139.70829,ChIJe4M95V6LGGARX3AmUbtSwwM,,,,https://www.google.com/maps/place/?q=place_id:ChIJe4M95V6LGGARX3AmUbtSwwM,False,,,
,rest_0706,Sumibikappo SHIROSAKA,1,Japans,Tokyo,Japan,🇯🇵,"6-3-9 Akasaka, Minato City, Tokyo 107-0052",35.670828,139.735541,ChIJTxQeF4GLGGAReO6h5oI8X2Q,,,,https://www.google.com/maps/place/?q=place_id:ChIJTxQeF4GLGGAReO6h5oI8X2Q,False,,,
,rest_0707,La Gloire,1,Frans,Tokyo,Japan,🇯🇵,"1F Annex, Akasaka Tameike Tower, 2-17-7 Akasaka, Minato City, Tokyo 107-0052",35.671765,139.738994,ChIJF9RNWx6LGGARWCDFdjkiPEI,,,,https://www.google.com/maps/place/?q=place_id:ChIJF9RNWx6LGGARWCDFdjkiPEI,False,,,
,rest_0708,Edomae Sushi Hanabusa,1,Sushi,Tokyo,Japan,🇯🇵,"9-1-7 Akasaka, Minato City, Tokyo 107-0052",35.668476,139.732592,ChIJNai394GLGGAR3vLMS5YTDX8,,,,https://www.google.com/maps/place/?q=place_id:ChIJNai394GLGGAR3vLMS5YTDX8,False,,,
,rest_0709,La Paix,1,Frans,Tokyo,Japan,🇯🇵,"B1F, 1-9-4 Nihonbashimuromachi, Chuo City, Tokyo 103-0022",35.685096,139.775572,ChIJ6dVNgFaJGGARe4Y9eEX_EdQ,,,,https://www.google.com/maps/place/?q=place_id:ChIJ6dVNgFaJGGARe4Y9eEX_EdQ,False,,,
,rest_0710,Sushi Masashi,1,Sushi,Tokyo,Japan,🇯🇵,"7F, Gaien Ichonomori, 2-9-9 Kitaaoyama, Minato City, Tokyo 107-0061",35.671386,139.716713,ChIJyTFxpuKNGGARxdaK4WpltA8,,,,https://www.google.com/maps/place/?q=place_id:ChIJyTFxpuKNGGARxdaK4WpltA8,False,,,
,rest_0711,Sushi Ryujiro,1,Sushi,Tokyo,Japan,🇯🇵,"1F, ARISTO Minamiaoyama, 2-11-11 Minamiaoyama, Minato City, Tokyo 107-0062",35.671313,139.721043,ChIJwaYqX1CNGGARY7CAGDEQOIE,,,,https://www.google.com/maps/place/?q=place_id:ChIJwaYqX1CNGGARY7CAGDEQOIE,False,,,
,rest_0712,CYCLE by Mauro Colagreco,1,Frans,Tokyo,Japan,🇯🇵,"1F, Otemachi One, 1-2-1 Otemachi, Chiyoda City, Tokyo 100-0004",35.687793,139.76235,ChIJT0lK9DSNGGARIoc0dYDKbYU,,,,https://www.google.com/maps/place/?q=place_id:ChIJT0lK9DSNGGARIoc0dYDKbYU,False,,,
,rest_0713,nôl,1,Frans,Tokyo,Japan,🇯🇵,"1F, DDD Hotel, 2-2-1 Nihonbashibakurocho, Chuo City, Tokyo 103-0002",35.695272,139.78362,ChIJW5Xqk7-PGGARQ22bS6qik9Y,,,,https://www.google.com/maps/place/?q=place_id:ChIJW5Xqk7-PGGARQ22bS6qik9Y,True,DDD Hotel,,
,rest_0714,itsuka,1,Chinees,Tokyo,Japan,🇯🇵,"2F, Aoyama Fusion Building, 2-14-15 Minamiaoyama, Minato City, Tokyo 107-0062",35.670265,139.72024,ChIJ__-T5pyMGGARoS5HMM3m1nA,,,,https://www.google.com/maps/place/?q=place_id:ChIJ__-T5pyMGGARoS5HMM3m1nA,False,,,
,rest_0715,Akasaka Shimabukuro,1,Japans,Tokyo,Japan,🇯🇵,"3F, 3-21-8 Akasaka, Minato City, Tokyo 107-0052",35.676467,139.736183,ChIJ4Z0iCgCNGGARKVCXKZIrEAI,,,,https://www.google.com/maps/place/?q=place_id:ChIJ4Z0iCgCNGGARKVCXKZIrEAI,False,,,
,rest_0716,Tenoshima,1,Japans,Tokyo,Japan,🇯🇵,"2F, Minamiaoyama 1-55 Building, 1-3-21 Minamiaoyama, Minato City, Tokyo 107-0062",35.671019,139.725185,ChIJ9wG2MD2NGGARC-51T31cfAo,,,,https://www.google.com/maps/place/?q=place_id:ChIJ9wG2MD2NGGARC-51T31cfAo,False,,,
,rest_0717,mærge,1,Frans,Tokyo,Japan,🇯🇵,"1F, VORT Minamiaoyama III, 3-8-14 Minamiaoyama, Minato City, Tokyo 107-0062",35.666978,139.715597,ChIJGxxcwTqNGGAR5oaHvuYXXng,,,,https://www.google.com/maps/place/?q=place_id:ChIJGxxcwTqNGGAR5oaHvuYXXng,False,,,
,rest_0718,ESTERRE by Alain Ducasse,1,Frans,Tokyo,Japan,🇯🇵,"6F, Palace Hotel Tokyo, 1-1-1 Marunouchi, Chiyoda City, Tokyo 100-0005",35.6845,139.761221,ChIJvdCFOViNGGARX8UQQd7MBmg,,,,https://www.google.com/maps/place/?q=place_id:ChIJvdCFOViNGGARX8UQQd7MBmg,True,Palace Hotel Tokyo,,
,rest_0719,Guchokuni,1,Japans,Tokyo,Japan,🇯🇵,"3F, NEO Kagurazaka, 6-21 Kagurazaka, Shinjuku City, Tokyo 162-0825",35.703409,139.736904,ChIJfWmTv_2NGGARObiNI3xIl1I,,,,https://www.google.com/maps/place/?q=place_id:ChIJfWmTv_2NGGARObiNI3xIl1I,False,,,
,rest_0720,Sushi Oya,1,Sushi,Tokyo,Japan,🇯🇵,"3F Annex, Kagurazaka Center Building, 3-6 Fukuromachi, Shinjuku City, Tokyo 162-0828",35.701424,139.738326,ChIJtVK68PaNGGARcVFzIIY-7JM,,,,https://www.google.com/maps/place/?q=place_id:ChIJtVK68PaNGGARcVFzIIY-7JM,False,,,
,rest_0721,FUSHIKINO,1,Japans,Tokyo,Japan,🇯🇵,"2F, Tsunashou Terrace, 4-3-11 Kagurazaka, Shinjuku City, Tokyo 162-0825",35.701976,139.740048,ChIJ_3h281qMGGAR_mbclQ6ywYw,,,,https://www.google.com/maps/place/?q=place_id:ChIJ_3h281qMGGAR_mbclQ6ywYw,False,,,
,rest_0722,Tanimoto,1,Japans,Tokyo,Japan,🇯🇵,"3F, Karuko Zaka Place, 3-1 Kagurazaka, Shinjuku City, Tokyo 162-0825",35.702242,139.741046,ChIJScElk_KMGGARgaxmq-wDEIs,,,,https://www.google.com/maps/place/?q=place_id:ChIJScElk_KMGGARgaxmq-wDEIs,False,,,
,rest_0723,L'ÉTERRE,1,Frans,Tokyo,Japan,🇯🇵,"2F, Togiya Residence, 3-6-53 Kagurazaka, Shinjuku City, Tokyo 162-0825",35.700483,139.739675,ChIJNeDOvSqNGGARalLZVJq62L4,,,,https://www.google.com/maps/place/?q=place_id:ChIJNeDOvSqNGGARalLZVJq62L4,False,,,
,rest_0724,Takumi Tatsuhiro,1,Sushi,Tokyo,Japan,🇯🇵,"1F, Sunthera Dai 5 Gyoen Building, 1-11-7 Shinjuku, Shinjuku City, Tokyo 160-0022",35.688774,139.713116,ChIJtaK7lumMGGARpQ2aPbzVFek,,,,https://www.google.com/maps/place/?q=place_id:ChIJtaK7lumMGGARpQ2aPbzVFek,False,,,
,rest_0725,Shigeyuki,1,Japans,Tokyo,Japan,🇯🇵,"2-17-3 Nishihara, Shibuya, Tokyo 151-0066",35.673143,139.678751,ChIJz2_eg2DzGGARN4nqTinkTxA,,,,https://www.google.com/maps/place/?q=place_id:ChIJz2_eg2DzGGARN4nqTinkTxA,False,,,
,rest_0726,Oku,1,Sushi,Tokyo,Japan,🇯🇵,"Asakusa Daikan Plaza Tenjin Building, 3-42-12 Asakusa, Taito City, Tokyo 111-0032",35.718044,139.793134,ChIJwbn3eVKPGGARm29oMa6ZjeI,,,,https://www.google.com/maps/place/?q=place_id:ChIJwbn3eVKPGGARm29oMa6ZjeI,False,,,
,rest_0727,Sharikimon Onozawa,1,Japans,Tokyo,Japan,🇯🇵,"1F, Garden Tree, 6-39 Arakicho, Shinjuku City, Tokyo 160-0007",35.689227,139.722586,ChIJEW1EjtWNGGAR_RWUwNDAiy0,,,,https://www.google.com/maps/place/?q=place_id:ChIJEW1EjtWNGGAR_RWUwNDAiy0,False,,,
,rest_0728,Ubuka,1,Japans,Tokyo,Japan,🇯🇵,"1F, Aies Building 2, 2-14 Arakicho, Shinjuku City, Tokyo 160-0007",35.688643,139.722432,ChIJhUiHj_KMGGARITbHliNHtTc,,,,https://www.google.com/maps/place/?q=place_id:ChIJhUiHj_KMGGARITbHliNHtTc,False,,,
,rest_0729,Yotsuya Minemura,1,Japans,Tokyo,Japan,🇯🇵,"2F, Miyauchi Building, 3-21 Arakicho, Shinjuku City, Tokyo 160-0007",35.688585,139.722969,ChIJH9ntRWaNGGARqKM_HdWW-8k,,,,https://www.google.com/maps/place/?q=place_id:ChIJH9ntRWaNGGARqKM_HdWW-8k,False,,,
,rest_0730,Sushidokoro Kiraku,1,Sushi,Tokyo,Japan,🇯🇵,"1-12-12 Kyodo, Setagaya City, Tokyo 156-0052",35.650521,139.637256,ChIJIfOBVpbzGGARyDhQrDbDr18,,,,https://www.google.com/maps/place/?q=place_id:ChIJIfOBVpbzGGARyDhQrDbDr18,False,,,
,rest_0731,Sincère,1,Frans,Tokyo,Japan,🇯🇵,"B1F, Harajuku Tokyu Apartment, 3-7-13 Sendagaya, Shibuya, Tokyo 151-0051",35.676892,139.704306,ChIJXfAVBLmMGGARVMUiNhNEcNg,,,,https://www.google.com/maps/place/?q=place_id:ChIJXfAVBLmMGGARVMUiNhNEcNg,False,,,
,rest_0732,KHAO,1,Thais,Tokyo,Japan,🇯🇵,"1F, 2-12-2 Kanda Jinbocho, Chiyoda City, Tokyo 101-0051",35.696539,139.756988,ChIJNQnCOb-NGGARiB0LJimpocc,,,,https://www.google.com/maps/place/?q=place_id:ChIJNQnCOb-NGGARiB0LJimpocc,False,,,
,rest_0733,Nabeno-Ism,1,Frans,Tokyo,Japan,🇯🇵,"2-1-17 Komagata, Taito City, Tokyo 111-0043",35.70686,139.795432,ChIJ1UWreciOGGARNmJc4Z8sYN4,,,,https://www.google.com/maps/place/?q=place_id:ChIJ1UWreciOGGARNmJc4Z8sYN4,False,,,
,rest_0734,l'élan,1,Frans,Tokyo,Japan,🇯🇵,"4F, GYRE, 5-10-1 Jingumae, Shibuya, Tokyo 150-0001",35.667454,139.706854,ChIJlSwXD5yNGGAR7IGdG0ASpLs,,,,https://www.google.com/maps/place/?q=place_id:ChIJlSwXD5yNGGAR7IGdG0ASpLs,False,,,
,rest_0735,The French Laundry,3,Frans,Yountville,United States,🇺🇸,"6640 Washington St, Yountville, CA 94599",38.40444,-122.364971,ChIJAAAAAERVhIARYeTLvbbzAxs,,,,https://www.google.com/maps/place/?q=place_id:ChIJAAAAAERVhIARYeTLvbbzAxs,False,,,
,rest_0736,SingleThread,3,Nieuw-Amerikaans,Healdsburg,United States,🇺🇸,"131 North St, Healdsburg, CA 95448",38.612303,-122.869703,ChIJ8TVwjTMXhIARQ5MLkvMyVvY,,,,https://www.google.com/maps/place/?q=place_id:ChIJ8TVwjTMXhIARQ5MLkvMyVvY,True,SingleThread Farm,,
,rest_0737,Benu,3,Aziatisch-Amerikaans,San Francisco,United States,🇺🇸,"22 Hawthorne St, San Francisco, CA 94105",37.785501,-122.39904,ChIJSToWqn2AhYAR1CuH2iGMvuo,,,,https://www.google.com/maps/place/?q=place_id:ChIJSToWqn2AhYAR1CuH2iGMvuo,False,,,
,rest_0738,Atelier Crenn,3,Frans,San Francisco,United States,🇺🇸,"3127 Fillmore St, San Francisco, CA 94123",37.798332,-122.435961,ChIJx1ULhNCAhYARSRq9NDWTeqI,,,,https://www.google.com/maps/place/?q=place_id:ChIJx1ULhNCAhYARSRq9NDWTeqI,False,,,
,rest_0739,Quince,3,Italiaans,San Francisco,United States,🇺🇸,"470 Pacific Ave, San Francisco, CA 94133",37.79743,-122.403306,ChIJ8biHnb-AhYARSpU8MDPb5vs,,,,https://www.google.com/maps/place/?q=place_id:ChIJ8biHnb-AhYARSpU8MDPb5vs,False,,,
,rest_0740,Californios,3,Mexicaans,San Francisco,United States,🇺🇸,"355 11th St, San Francisco, CA 94103",37.771298,-122.413044,ChIJIfD0wjh-j4ARbWVBlaGpKnU,,,,https://www.google.com/maps/place/?q=place_id:ChIJIfD0wjh-j4ARbWVBlaGpKnU,False,,,
,rest_0741,Enclos,3,Californisch,Sonoma,United States,🇺🇸,"139 E Napa St, Sonoma, CA 95476",38.291519,-122.455846,ChIJKUxebcKvhYARsK13AtWct1E,,,,https://www.google.com/maps/place/?q=place_id:ChIJKUxebcKvhYARsK13AtWct1E,False,,,
,rest_0742,Addison,3,Californisch,San Diego,United States,🇺🇸,"5200 Grand Del Mar Way, San Diego, CA 92130",32.941577,-117.19907,ChIJrVfI5sEH3IARfAmbFue9xNc,,,,https://www.google.com/maps/place/?q=place_id:ChIJrVfI5sEH3IARfAmbFue9xNc,True,Fairmont Grand Del Mar,,
,rest_0743,Providence,3,Vis en zeevruchten,Los Angeles,United States,🇺🇸,"5955 Melrose Ave, Los Angeles, CA 90038",34.08367,-118.330025,ChIJaUBtetO-woARqyrV4ASPECg,,,,https://www.google.com/maps/place/?q=place_id:ChIJaUBtetO-woARqyrV4ASPECg,False,,,
,rest_0744,Somni,3,Creatief,West Hollywood,United States,🇺🇸,"9045 Nemo St, West Hollywood, CA 90069",34.082541,-118.3884,ChIJVa5jok65woARLJWEqmHTCp8,,,,https://www.google.com/maps/place/?q=place_id:ChIJVa5jok65woARLJWEqmHTCp8,False,,,
,rest_0745,Smyth,3,Creatief,Chicago,United States,🇺🇸,"177 N Ada St #101, Chicago, IL 60607",41.884972,-87.660559,ChIJxRcpzSctDogRBKHyFUKauHc,,,,https://www.google.com/maps/place/?q=place_id:ChIJxRcpzSctDogRBKHyFUKauHc,False,,,
,rest_0746,Saison,2,Nieuw-Amerikaans,San Francisco,United States,🇺🇸,"178 Townsend St, San Francisco, CA 94107",37.779523,-122.392269,ChIJPUo32Aj3MhURXL06eVIEoHc,,,,https://www.google.com/maps/place/?q=place_id:ChIJPUo32Aj3MhURXL06eVIEoHc,False,,,
,rest_0747,Acquerello,2,Italiaans,San Francisco,United States,🇺🇸,"1722 Sacramento St, San Francisco, CA 94109",37.791597,-122.421467,ChIJwYdY3uqAhYARXUJUOIELoqU,,,,https://www.google.com/maps/place/?q=place_id:ChIJwYdY3uqAhYARXUJUOIELoqU,False,,,
,rest_0748,Birdsong,2,Nieuw-Amerikaans,San Francisco,United States,🇺🇸,"1085 Mission St, San Francisco, CA 94103",37.779393,-122.410383,ChIJTwtvfIOAhYARHMEe0c2Xi4s,,,,https://www.google.com/maps/place/?q=place_id:ChIJTwtvfIOAhYARHMEe0c2Xi4s,False,,,
,rest_0749,Lazy Bear,2,Nieuw-Amerikaans,San Francisco,United States,🇺🇸,"3416 19th St, San Francisco, CA 94110",37.760412,-122.419716,ChIJk35bizx-j4AREil6UPp7Jn4,,,,https://www.google.com/maps/place/?q=place_id:ChIJk35bizx-j4AREil6UPp7Jn4,False,,,
,rest_0750,Sons & Daughters,2,Californisch,San Francisco,United States,🇺🇸,"2875 18th St, San Francisco, CA 94110",37.761625,-122.410849,ChIJvXXIOoyAhYARe-ixq3WdmrY,,,,https://www.google.com/maps/place/?q=place_id:ChIJvXXIOoyAhYARe-ixq3WdmrY,False,,,
,rest_0751,Kiln,2,Creatief,San Francisco,United States,🇺🇸,"149 Fell St, San Francisco, CA 94102",37.776091,-122.420424,ChIJlZn9AxyBhYARAY1cJE9KydY,,,,https://www.google.com/maps/place/?q=place_id:ChIJlZn9AxyBhYARAY1cJE9KydY,False,,,
,rest_0752,Commis,2,Nieuw-Amerikaans,Oakland,United States,🇺🇸,"3859 Piedmont Ave, Oakland, CA 94611",37.824708,-122.254883,ChIJFzl5Mfh9hYARQmOK6_pAIYw,,,,https://www.google.com/maps/place/?q=place_id:ChIJFzl5Mfh9hYARQmOK6_pAIYw,False,,,
,rest_0753,Aubergine,2,Californisch,Carmel-by-the-Sea,United States,🇺🇸,"7th Ave & Monte Verde St, Carmel-by-the-Sea, CA 93921",36.55413,-121.924218,ChIJZ7svYhXmjYARp68gV6eBnX4,,,,https://www.google.com/maps/place/?q=place_id:ChIJZ7svYhXmjYARp68gV6eBnX4,True,L'Auberge Carmel,,
,rest_0754,Vespertine,2,Creatief,Culver City,United States,🇺🇸,"3599 Hayden Ave, Culver City, CA 90232",34.024197,-118.381879,ChIJVd04SYW5woAROE52K0dXeYE,,,,https://www.google.com/maps/place/?q=place_id:ChIJVd04SYW5woAROE52K0dXeYE,False,,,
,rest_0755,Harbor House Inn,2,Californisch,Elk,United States,🇺🇸,"5600 CA-1, Elk, CA 95432",39.135597,-123.719577,ChIJRQKgSsUAgYAR4dtFnWx1UTg,,,,https://www.google.com/maps/place/?q=place_id:ChIJRQKgSsUAgYAR4dtFnWx1UTg,True,Harbor House Inn,,
,rest_0756,Hayato,2,Japans,Los Angeles,United States,🇺🇸,"1320 E 7th St #126, Los Angeles, CA 90021",34.033765,-118.241946,ChIJt1RlQi_GwoARja7mYeFk2YI,,,,https://www.google.com/maps/place/?q=place_id:ChIJt1RlQi_GwoARja7mYeFk2YI,False,,,
,rest_0757,Kato,2,Taiwanees,Los Angeles,United States,🇺🇸,"777 S Alameda St Bldg 1 Suite 114, Los Angeles, CA 90021",34.034175,-118.241063,ChIJnd0gSmi7woARCdXsW5usqKU,,,,https://www.google.com/maps/place/?q=place_id:ChIJnd0gSmi7woARCdXsW5usqKU,False,,,
,rest_0758,Mélisse,2,Frans,Santa Monica,United States,🇺🇸,"1104 Wilshire Blvd, Santa Monica, CA 90401",34.024522,-118.491356,ChIJ7fOMUsSkwoARIOVuE_23I1Q,,,,https://www.google.com/maps/place/?q=place_id:ChIJ7fOMUsSkwoARIOVuE_23I1Q,False,,,
,rest_0759,Aquavit,2,Scandinavisch,New York,United States,🇺🇸,"65 E 55th St, New York, NY 10022",40.760869,-73.972278,ChIJWfonJ_tYwokRwIGb6Im403E,,,,https://www.google.com/maps/place/?q=place_id:ChIJWfonJ_tYwokRwIGb6Im403E,False,,,
,rest_0760,Aska,2,Scandinavisch,New York,United States,🇺🇸,"47 S 5th St, Brooklyn, NY 11249",40.712415,-73.966524,ChIJUwatTl1ZwokRUDXxYoFa-hk,,,,https://www.google.com/maps/place/?q=place_id:ChIJUwatTl1ZwokRUDXxYoFa-hk,False,,,
,rest_0761,Atera,2,Creatief,New York,United States,🇺🇸,"77 Worth St, New York, NY 10013",40.7169,-74.005563,ChIJ_Y7rMCBawokR0mnRmN5kL2o,,,,https://www.google.com/maps/place/?q=place_id:ChIJ_Y7rMCBawokR0mnRmN5kL2o,False,,,
,rest_0762,Blue Hill at Stone Barns,2,Amerikaans,Tarrytown,United States,🇺🇸,"630 Bedford Rd, Tarrytown, NY 10591",41.104228,-73.828557,ChIJExcPIfK_wokRtc6K_3jkhgM,,,,https://www.google.com/maps/place/?q=place_id:ChIJExcPIfK_wokRtc6K_3jkhgM,False,,,
,rest_0763,César,2,Creatief,New York,United States,🇺🇸,"333 Hudson St, New York, NY 10013",40.727177,-74.007703,ChIJeyzWYABZwokRkxhWJzFpqvU,,,,https://www.google.com/maps/place/?q=place_id:ChIJeyzWYABZwokRkxhWJzFpqvU,False,,,
,rest_0764,Chef's Table at Brooklyn Fare,2,Creatief,New York,United States,🇺🇸,"431 W 37th St Ste 3F, New York, NY 10018",40.756122,-73.996526,ChIJiVVSAE1awokRzdvqVP_z3aA,,,,https://www.google.com/maps/place/?q=place_id:ChIJiVVSAE1awokRzdvqVP_z3aA,False,,,
,rest_0765,Gabriel Kreuther,2,Frans,New York,United States,🇺🇸,"41 W 42nd St, New York, NY 10036",40.754538,-73.982503,ChIJw_TGEwBZwokR-zLts543O-4,,,,https://www.google.com/maps/place/?q=place_id:ChIJw_TGEwBZwokR-zLts543O-4,False,,,
,rest_0766,Jean-Georges,2,Creatief,New York,United States,🇺🇸,"1 Central Park West, New York, NY 10023",40.769058,-73.98158,ChIJh5JzbfZYwokRR7KqJOksL7Y,,,,https://www.google.com/maps/place/?q=place_id:ChIJh5JzbfZYwokRR7KqJOksL7Y,True,,,
,rest_0767,Joo Ok,2,Koreaans,New York,United States,🇺🇸,"22 W 32nd St 16th Fl, New York, NY 10001",40.747589,-73.986913,ChIJfXtCJgBZwokRt0ncRw3PEk4,,,,https://www.google.com/maps/place/?q=place_id:ChIJfXtCJgBZwokRt0ncRw3PEk4,False,,,
,rest_0768,odo,2,Japans,New York,United States,🇺🇸,"17 W 20th St, New York, NY 10011",40.740398,-73.992162,ChIJlRDB34FZwokRUVAP-qsAoUY,,,,https://www.google.com/maps/place/?q=place_id:ChIJlRDB34FZwokRUVAP-qsAoUY,False,,,
,rest_0769,Saga,2,Creatief,New York,United States,🇺🇸,"70 Pine St 63rd Fl, New York, NY 10005",40.706505,-74.007771,ChIJZZlClEZbwokRZj-0-fE25tk,,,,https://www.google.com/maps/place/?q=place_id:ChIJZZlClEZbwokRZj-0-fE25tk,False,,,
,rest_0770,Sushi Noz,2,Sushi,New York,United States,🇺🇸,"181 E 78th St, New York, NY 10075",40.773878,-73.958126,ChIJmUAVNb5YwokRyFZIbhQ_cxM,,,,https://www.google.com/maps/place/?q=place_id:ChIJmUAVNb5YwokRyFZIbhQ_cxM,False,,,
,rest_0771,The Modern,2,Creatief,New York,United States,🇺🇸,"9 W 53rd St, New York, NY 10019",40.761081,-73.976753,ChIJMW-gxPtYwokRzDlnsRgq9rA,,,,https://www.google.com/maps/place/?q=place_id:ChIJMW-gxPtYwokRzDlnsRgq9rA,False,,,
,rest_0772,Alinea,2,Creatief,Chicago,United States,🇺🇸,"1723 N Halsted St, Chicago, IL 60614",41.913435,-87.648055,ChIJuyI60yLTD4gROwTWENq1He0,,,,https://www.google.com/maps/place/?q=place_id:ChIJuyI60yLTD4gROwTWENq1He0,False,,,
,rest_0773,Ever,2,Creatief,Chicago,United States,🇺🇸,"1340 W Fulton St, Chicago, IL 60607",41.886931,-87.660408,ChIJqUoVvkgtDogRLGIKXcfaiKk,,,,https://www.google.com/maps/place/?q=place_id:ChIJqUoVvkgtDogRLGIKXcfaiKk,False,,,
,rest_0774,Kasama,2,Filipijns,Chicago,United States,🇺🇸,"1001 N Winchester Ave, Chicago, IL 60622",41.899683,-87.675652,ChIJccHhHs3TD4gRxVcCWUh7-xQ,,,,https://www.google.com/maps/place/?q=place_id:ChIJccHhHs3TD4gRxVcCWUh7-xQ,False,,,
,rest_0775,Oriole,2,Creatief,Chicago,United States,🇺🇸,"661 W Walnut St, Chicago, IL 60661",41.886169,-87.645094,ChIJ4_ovZs8sDogRyw3X3QCiI-Y,,,,https://www.google.com/maps/place/?q=place_id:ChIJ4_ovZs8sDogRyw3X3QCiI-Y,False,,,
,rest_0776,Jônt,2,Creatief,Washington,United States,🇺🇸,"1904 14th St NW, Washington, DC 20009",38.915802,-77.032217,ChIJI_Nce0u3t4kRjBL-1l-nHs0,,,,https://www.google.com/maps/place/?q=place_id:ChIJI_Nce0u3t4kRjBL-1l-nHs0,False,,,
,rest_0777,minibar by José Andrés,2,Creatief,Washington,United States,🇺🇸,"855 E St NW, Washington, DC 20004",38.896374,-77.0236,ChIJMY6KQ5C3t4kREDURgsrWo2s,,,,https://www.google.com/maps/place/?q=place_id:ChIJMY6KQ5C3t4kREDURgsrWo2s,False,,,
,rest_0778,The Inn at Little Washington,2,Amerikaans,Washington (Virginia),United States,🇺🇸,"309 Middle St, Washington, VA 22747",38.713808,-78.159548,ChIJ9ydRxCsztIkROPnyuZc6Dbw,,,,https://www.google.com/maps/place/?q=place_id:ChIJ9ydRxCsztIkROPnyuZc6Dbw,True,The Inn at Little Washington,,
,rest_0779,L'Atelier de Joël Robuchon,2,Frans,Miami,United States,🇺🇸,"151 NE 41st St, Miami, FL 33137",25.814685,-80.191935,ChIJJ3pnTr6x2YgRUcKI0-aDyJs,,,,https://www.google.com/maps/place/?q=place_id:ChIJJ3pnTr6x2YgRUcKI0-aDyJs,False,,,
