year,rank,name_as_listed,country_as_listed,reason,notes,candidate_restaurant_code,candidate_confidence
2002,1,El Bulli,Spain,closed,Permanently closed 2011 (Ferran Adrià); site is now the elBulli1846 museum/foundation.,,
2002,2,Restaurant Gordon Ramsay,UK,unmatched,No adequately similar catalogue candidate in United Kingdom; closest was Ikoyi (London) at name_sim=0.22.,,
2002,4,Rockpool,Australia,unmatched,"Country ""Australia"" has no restaurants in the catalogue universe.",,
2002,5,Spoon des Iles,Ile Maurice,unmatched,"Country ""Ile Maurice"" has no restaurants in the catalogue universe.",,
2002,6,L'Auberge de l'Ill,France,unmatched,No adequately similar catalogue candidate in France; closest was Arpège (Paris) at name_sim=0.42.,,
2002,7,1884,Argentina,unmatched,No adequately similar catalogue candidate in Argentina; closest was Don Julio (Buenos Aires) at name_sim=0.0.,,
2002,8,The Ivy,UK,unmatched,No adequately similar catalogue candidate in United Kingdom; closest was Ikoyi (London) at name_sim=0.5.,,
2002,9,Eigensinn Farm,Canada,unmatched,"Country ""Canada"" has no restaurants in the catalogue universe.",,
2002,10,Tetsuya's,Australia,unmatched,"Country ""Australia"" has no restaurants in the catalogue universe.",,
2002,11,Charlie Trotter's,USA,closed,Permanently closed 2012 (chef Charlie Trotter's decision).,,
2002,12,Tangerine,USA,ambiguous,"Closest catalogue candidate rest_0753 (Aubergine, Carmel-by-the-Sea, United States) name_sim=0.67 city_sim=0.34 — insufficient corroboration to accept.",rest_0753,low
2002,13,La Coupole,France,unmatched,No adequately similar catalogue candidate in France; closest was Plénitude (Paris) at name_sim=0.38.,,
2002,14,Bukhara,India,unmatched,"Country ""India"" has no restaurants in the catalogue universe.",,
2002,15,Vong,USA,unmatched,No adequately similar catalogue candidate in United States; closest was The Modern (New York) at name_sim=0.4.,,
2002,16,L'Ambroisie,France,unmatched,No adequately similar catalogue candidate in France; closest was Arpège (Paris) at name_sim=0.38.,,
2002,17,Al Mahara,UAE,unmatched,No adequately similar catalogue candidate in United Arab Emirates; closest was Orfali Bros (Dubai) at name_sim=0.4.,,
2002,18,Felix,Hong Kong,unmatched,No adequately similar catalogue candidate in Hong Kong; closest was L'Envol (Hong Kong) at name_sim=0.36.,,
2002,19,The Merchant House,UK,unmatched,No adequately similar catalogue candidate in United Kingdom; closest was Alain Ducasse at The Dorchester (London) at name_sim=0.32.,,
2002,20,Operakällaren,Sweden,unmatched,No adequately similar catalogue candidate in Sweden; closest was Frantzén (Stockholm) at name_sim=0.38.,,
2002,21,Gramercy Tavern,USA,unmatched,No adequately similar catalogue candidate in United States; closest was Per Se (New York) at name_sim=0.38.,,
2002,22,Sukiyabashi Jiro,Japan,ambiguous,"Closest catalogue candidate rest_0522 (Sukiyabashi Jiro Roppongiten, Tokyo, Japan) name_sim=0.73 city_sim=1.0 — insufficient corroboration to accept.",rest_0522,low
2002,24,Alle Testiere,Italy,ambiguous,"Closest catalogue candidate rest_0003 (Al Gatto Verde, Modena, Italy) name_sim=0.59 city_sim=0.33 — insufficient corroboration to accept.",rest_0003,low
2002,25,The Lone Star,Mount Standfast,unmatched,"Country ""Mount Standfast"" has no restaurants in the catalogue universe.",,
2002,26,Chez Vroney,Switzerland,ambiguous,"Closest catalogue candidate rest_0256 (Gilles Varone, Savièse, Switzerland) name_sim=0.58 city_sim=0.14 — insufficient corroboration to accept.",rest_0256,low
2002,27,Flower Drum,Australia,unmatched,"Country ""Australia"" has no restaurants in the catalogue universe.",,
2002,28,The Three Chimneys,UK,unmatched,No adequately similar catalogue candidate in United Kingdom; closest was Alain Ducasse at The Dorchester (London) at name_sim=0.32.,,
2002,29,Chez Panisse,USA,unmatched,No adequately similar catalogue candidate in United States; closest was Per Se (New York) at name_sim=0.44.,,
2002,30,Le Jardin des Sens,France,unmatched,No adequately similar catalogue candidate in France; closest was Arpège (Paris) at name_sim=0.38.,,
2002,31,River Café,UK,unmatched,No adequately similar catalogue candidate in United Kingdom; closest was Alain Ducasse at The Dorchester (London) at name_sim=0.18.,,
2002,32,Kronenhalle,Switzerland,unmatched,No adequately similar catalogue candidate in Switzerland; closest was IGNIV Zürich by Andreas Caminada (Zurich) at name_sim=0.25.,,
2002,33,Il Pescatore,USA,unmatched,No adequately similar catalogue candidate in United States; closest was Lazy Bear (San Francisco) at name_sim=0.48.,,
2002,34,Nepenthe,USA,unmatched,No adequately similar catalogue candidate in United States; closest was SingleThread (Healdsburg) at name_sim=0.5.,,
2002,35,The Spa,Thailand,unmatched,No adequately similar catalogue candidate in Thailand; closest was Nusara (Bangkok) at name_sim=0.44.,,
2002,36,Hotel de Paris,Monaco,unmatched,"Country ""Monaco"" has no restaurants in the catalogue universe.",,
2002,37,Moulin de Mougin,France,unmatched,No adequately similar catalogue candidate in France; closest was Anne (Paris) at name_sim=0.24.,,
2002,38,Ginza Sushiko,USA,unmatched,No adequately similar catalogue candidate in United States; closest was Sushi Sho (New York) at name_sim=0.55.,,
2002,39,Changa,Turkey,unmatched,No adequately similar catalogue candidate in Turkey; closest was Sankai by Nagaya (Istanbul) at name_sim=0.42.,,
2002,40,Michel Bras,France,unmatched,No adequately similar catalogue candidate in France; closest was Le Gabriel - La Reserve Paris (Paris) at name_sim=0.44.,,
2002,41,Le Quartier Français,South Africa,unmatched,"Country ""South Africa"" has no restaurants in the catalogue universe.",,
2002,42,Roundwood House,Ireland,unmatched,"Country ""Ireland"" has no restaurants in the catalogue universe.",,
2002,43,The Supper Club,Netherlands,unmatched,No adequately similar catalogue candidate in Netherlands; closest was Spectrum (Amsterdam) at name_sim=0.53.,,
2002,44,Blue Lagoon,Iceland,unmatched,"Country ""Iceland"" has no restaurants in the catalogue universe.",,
2002,45,Bayona,USA,unmatched,No adequately similar catalogue candidate in United States; closest was Hayato (Los Angeles) at name_sim=0.5.,,
2002,46,The Grundel,Hungary,unmatched,No adequately similar catalogue candidate in Hungary; closest was Stand (Budapest) at name_sim=0.33.,,
2002,47,Carnivore,Kenya,unmatched,"Country ""Kenya"" has no restaurants in the catalogue universe.",,
2002,48,Bagatelle,Norway,unmatched,No adequately similar catalogue candidate in Norway; closest was Maaemo (Oslo) at name_sim=0.4.,,
2002,49,Susar,Canada,unmatched,"Country ""Canada"" has no restaurants in the catalogue universe.",,
2003,2,El Bulli,Spain,closed,Permanently closed 2011 (Ferran Adrià); site is now the elBulli1846 museum/foundation.,,
2003,3,Le Louis XV,Monaco,unmatched,"Country ""Monaco"" has no restaurants in the catalogue universe.",,
2003,5,Restaurant Gordon Ramsay,UK,unmatched,No adequately similar catalogue candidate in United Kingdom; closest was Ikoyi (London) at name_sim=0.22.,,
2003,7,Comme Chez Soi,Belgium,unmatched,No adequately similar catalogue candidate in Belgium; closest was Bozar Restaurant (Brussels) at name_sim=0.21.,,
2003,8,Rockpool,Australia,unmatched,"Country ""Australia"" has no restaurants in the catalogue universe.",,
2003,9,L'Ambroisie,France,unmatched,No adequately similar catalogue candidate in France; closest was Arpège (Paris) at name_sim=0.38.,,
2003,10,Gramercy Tavern,USA,unmatched,No adequately similar catalogue candidate in United States; closest was Per Se (New York) at name_sim=0.38.,,
2003,11,Michel Bras,France,unmatched,No adequately similar catalogue candidate in France; closest was Le Gabriel - La Reserve Paris (Paris) at name_sim=0.44.,,
2003,12,Chez Panisse,USA,unmatched,No adequately similar catalogue candidate in United States; closest was Per Se (New York) at name_sim=0.44.,,
2003,13,Pierre Gagnaire,France,unmatched,No adequately similar catalogue candidate in France; closest was Le Gabriel - La Reserve Paris (Paris) at name_sim=0.39.,,
2003,14,The Merchant House,UK,unmatched,No adequately similar catalogue candidate in United Kingdom; closest was Alain Ducasse at The Dorchester (London) at name_sim=0.32.,,
2003,15,Bocca,Estonia,unmatched,"Country ""Estonia"" has no restaurants in the catalogue universe.",,
2003,16,Sukiyabashi Jiro,Japan,ambiguous,"Closest catalogue candidate rest_0522 (Sukiyabashi Jiro Roppongiten, Tokyo, Japan) name_sim=0.73 city_sim=1.0 — insufficient corroboration to accept.",rest_0522,low
2003,17,Felix,Hong Kong,unmatched,No adequately similar catalogue candidate in Hong Kong; closest was L'Envol (Hong Kong) at name_sim=0.36.,,
2003,18,L'Auberge de l'Ill,France,unmatched,No adequately similar catalogue candidate in France; closest was Arpège (Paris) at name_sim=0.42.,,
2003,19,Gidleigh Park,UK,unmatched,No adequately similar catalogue candidate in United Kingdom; closest was Alain Ducasse at The Dorchester (London) at name_sim=0.27.,,
2003,20,Bukhara,India,unmatched,"Country ""India"" has no restaurants in the catalogue universe.",,
2003,21,Paul Boscoe,France,unmatched,No adequately similar catalogue candidate in France; closest was Table by Bruno Verjus (Paris) at name_sim=0.41.,,
2003,22,De Karmeliet,Belgium,unmatched,No adequately similar catalogue candidate in Belgium; closest was De Jonkman (Bruges) at name_sim=0.25.,,
2003,23,Al Mahara,UAE,unmatched,No adequately similar catalogue candidate in United Arab Emirates; closest was Orfali Bros (Dubai) at name_sim=0.4.,,
2003,24,Vincent Guerithault on Camelback,USA,unmatched,No adequately similar catalogue candidate in United States; closest was The Inn at Little Washington (Washington (Virginia)) at name_sim=0.38.,,
2003,25,Thorton's,Ireland,unmatched,"Country ""Ireland"" has no restaurants in the catalogue universe.",,
2003,26,Nobu,UK,unmatched,No adequately similar catalogue candidate in United Kingdom; closest was Kol (London) at name_sim=0.29.,,
2003,27,Operakällaren,Sweden,unmatched,No adequately similar catalogue candidate in Sweden; closest was Frantzén (Stockholm) at name_sim=0.38.,,
2003,28,Eigensinn Farm,Canada,unmatched,"Country ""Canada"" has no restaurants in the catalogue universe.",,
2003,29,Le Manoir aux Quat'Saison,UK,unmatched,No adequately similar catalogue candidate in United Kingdom; closest was Alain Ducasse at The Dorchester (London) at name_sim=0.22.,,
2003,30,Guy Savoy,France,unmatched,No adequately similar catalogue candidate in France; closest was Le Gabriel - La Reserve Paris (Paris) at name_sim=0.27.,,
2003,31,The Ivy,UK,unmatched,No adequately similar catalogue candidate in United Kingdom; closest was Ikoyi (London) at name_sim=0.5.,,
2003,32,The Three Chimneys,UK,unmatched,No adequately similar catalogue candidate in United Kingdom; closest was Alain Ducasse at The Dorchester (London) at name_sim=0.32.,,
2003,33,Petrus,UK,unmatched,No adequately similar catalogue candidate in United Kingdom; closest was Alain Ducasse at The Dorchester (London) at name_sim=0.2.,,
2003,34,Daniel,USA,unmatched,No adequately similar catalogue candidate in United States; closest was Atera (New York) at name_sim=0.36.,,
2003,36,Bagatelle,Norway,unmatched,No adequately similar catalogue candidate in Norway; closest was Maaemo (Oslo) at name_sim=0.4.,,
2003,37,Tetsuya's,Australia,unmatched,"Country ""Australia"" has no restaurants in the catalogue universe.",,
2003,39,Charlie Trotter's,USA,closed,Permanently closed 2012 (chef Charlie Trotter's decision).,,
2003,41,Flower Drum,Australia,unmatched,"Country ""Australia"" has no restaurants in the catalogue universe.",,
2003,42,The Cliff,Barbados,unmatched,"Country ""Barbados"" has no restaurants in the catalogue universe.",,
2003,43,The Square,UK,unmatched,No adequately similar catalogue candidate in United Kingdom; closest was Alain Ducasse at The Dorchester (London) at name_sim=0.2.,,
2003,45,1884,Argentina,unmatched,No adequately similar catalogue candidate in Argentina; closest was Don Julio (Buenos Aires) at name_sim=0.0.,,
2003,46,Checchino Dal 1887,Italy,unmatched,No adequately similar catalogue candidate in Italy; closest was Acquolina (Rome) at name_sim=0.3.,,
2003,47,River Café,UK,unmatched,No adequately similar catalogue candidate in United Kingdom; closest was Alain Ducasse at The Dorchester (London) at name_sim=0.18.,,
2003,48,New York Grill,Japan,unmatched,No adequately similar catalogue candidate in Japan; closest was Ten Yokota (Tokyo) at name_sim=0.42.,,
2003,49,St John,UK,unmatched,No adequately similar catalogue candidate in United Kingdom; closest was Kol (London) at name_sim=0.2.,,
2003,50,Carnivore,Kenya,unmatched,"Country ""Kenya"" has no restaurants in the catalogue universe.",,
2004,2,The Fat Duck,UK,unmatched,No adequately similar catalogue candidate in United Kingdom; closest was Alain Ducasse at The Dorchester (London) at name_sim=0.31.,,
2004,3,El Bulli,Spain,closed,Permanently closed 2011 (Ferran Adrià); site is now the elBulli1846 museum/foundation.,,
2004,4,L'Atelier Saint Germain De Joël Robuchon,France,unmatched,No adequately similar catalogue candidate in France; closest was Le Gabriel - La Reserve Paris (Paris) at name_sim=0.21.,,
2004,5,Pierre Gagnaire,France,unmatched,No adequately similar catalogue candidate in France; closest was Le Gabriel - La Reserve Paris (Paris) at name_sim=0.39.,,
2004,6,Guy Savoy,France,unmatched,No adequately similar catalogue candidate in France; closest was Le Gabriel - La Reserve Paris (Paris) at name_sim=0.27.,,
2004,7,Nobu,UK,unmatched,No adequately similar catalogue candidate in United Kingdom; closest was Kol (London) at name_sim=0.29.,,
2004,8,Restaurant Gordon Ramsay,UK,unmatched,No adequately similar catalogue candidate in United Kingdom; closest was Ikoyi (London) at name_sim=0.22.,,
2004,9,Bras,France,unmatched,No adequately similar catalogue candidate in France; closest was Le Gabriel - La Reserve Paris (Paris) at name_sim=0.32.,,
2004,10,Le Louis XV,Monaco,unmatched,"Country ""Monaco"" has no restaurants in the catalogue universe.",,
2004,11,Gramercy Tavern,USA,unmatched,No adequately similar catalogue candidate in United States; closest was Per Se (New York) at name_sim=0.38.,,
2004,12,Daniel,USA,unmatched,No adequately similar catalogue candidate in United States; closest was Atera (New York) at name_sim=0.36.,,
2004,13,Tetsuya's,Australia,unmatched,"Country ""Australia"" has no restaurants in the catalogue universe.",,
2004,14,Hakkasan,UK,unmatched,No adequately similar catalogue candidate in United Kingdom; closest was Alain Ducasse at The Dorchester (London) at name_sim=0.19.,,
2004,15,The Waterside Inn,UK,unmatched,No adequately similar catalogue candidate in United Kingdom; closest was Ikoyi (London) at name_sim=0.22.,,
2004,16,St John,UK,unmatched,No adequately similar catalogue candidate in United Kingdom; closest was Kol (London) at name_sim=0.2.,,
2004,17,L'Ami Louis,France,unmatched,No adequately similar catalogue candidate in France; closest was Table by Bruno Verjus (Paris) at name_sim=0.36.,,
2004,19,Le Gavroche,UK,unmatched,No adequately similar catalogue candidate in United Kingdom; closest was Alain Ducasse at The Dorchester (London) at name_sim=0.31.,,
2004,20,Flower Drum,Australia,unmatched,"Country ""Australia"" has no restaurants in the catalogue universe.",,
2004,21,The Merchant House,UK,unmatched,No adequately similar catalogue candidate in United Kingdom; closest was Alain Ducasse at The Dorchester (London) at name_sim=0.32.,,
2004,24,The Ivy,UK,unmatched,No adequately similar catalogue candidate in United Kingdom; closest was Ikoyi (London) at name_sim=0.5.,,
2004,26,Can Fabes,Spain,closed,Closed 2013 following the 2011 death of chef Santi Santamaria.,,
2004,28,The Cliff,Barbados,unmatched,"Country ""Barbados"" has no restaurants in the catalogue universe.",,
2004,29,Rockpool,Australia,unmatched,"Country ""Australia"" has no restaurants in the catalogue universe.",,
2004,30,Le Manoir aux Quat'Saisons,UK,unmatched,No adequately similar catalogue candidate in United Kingdom; closest was Alain Ducasse at The Dorchester (London) at name_sim=0.26.,,
2004,31,Al Mahara,UAE,unmatched,No adequately similar catalogue candidate in United Arab Emirates; closest was Orfali Bros (Dubai) at name_sim=0.4.,,
2004,32,Charlie Trotter's,USA,closed,Permanently closed 2012 (chef Charlie Trotter's decision).,,
2004,33,Le Jardin des Sens,France,unmatched,No adequately similar catalogue candidate in France; closest was Arpège (Paris) at name_sim=0.38.,,
2004,34,The Square,UK,unmatched,No adequately similar catalogue candidate in United Kingdom; closest was Alain Ducasse at The Dorchester (London) at name_sim=0.2.,,
2004,35,Spago,USA,ambiguous,"Closest catalogue candidate rest_0769 (Saga, New York, United States) name_sim=0.67 city_sim=0.19 — insufficient corroboration to accept.",rest_0769,low
2004,36,Bukhara,India,unmatched,"Country ""India"" has no restaurants in the catalogue universe.",,
2004,37,Chez Panisse,USA,unmatched,No adequately similar catalogue candidate in United States; closest was Per Se (New York) at name_sim=0.44.,,
2004,38,Le Meurice,France,unmatched,No adequately similar catalogue candidate in France; closest was Plénitude (Paris) at name_sim=0.38.,,
2004,39,Troisgros,France,unmatched,No adequately similar catalogue candidate in France; closest was Table by Bruno Verjus (Paris) at name_sim=0.3.,,
2004,40,Balthazar,USA,unmatched,No adequately similar catalogue candidate in United States; closest was Atera (New York) at name_sim=0.43.,,
2004,41,River Café,UK,unmatched,No adequately similar catalogue candidate in United Kingdom; closest was Alain Ducasse at The Dorchester (London) at name_sim=0.18.,,
2004,42,La Tupina,France,unmatched,No adequately similar catalogue candidate in France; closest was Septime (Paris) at name_sim=0.31.,,
2004,43,L'Auberge de l'Ill,France,unmatched,No adequately similar catalogue candidate in France; closest was Arpège (Paris) at name_sim=0.42.,,
2004,44,Craft,USA,unmatched,No adequately similar catalogue candidate in United States; closest was Atera (New York) at name_sim=0.4.,,
2004,45,La Tour D'Argent,France,unmatched,No adequately similar catalogue candidate in France; closest was Arpège (Paris) at name_sim=0.44.,,
2004,46,Le Maison de Marc Veyrat,France,unmatched,No adequately similar catalogue candidate in France; closest was Table by Bruno Verjus (Paris) at name_sim=0.33.,,
2004,47,Felix,Hong Kong,unmatched,No adequately similar catalogue candidate in Hong Kong; closest was L'Envol (Hong Kong) at name_sim=0.36.,,
2004,48,De Karmeliet,Belgium,unmatched,No adequately similar catalogue candidate in Belgium; closest was De Jonkman (Bruges) at name_sim=0.25.,,
2004,49,The Wolseley,UK,unmatched,No adequately similar catalogue candidate in United Kingdom; closest was Kol (London) at name_sim=0.36.,,
2004,50,Gambero Roso,Italy,unmatched,No adequately similar catalogue candidate in Italy; closest was Glam Enrico Bartolini (Venice) at name_sim=0.55.,,
2005,1,The Fat Duck,UK,unmatched,No adequately similar catalogue candidate in United Kingdom; closest was Alain Ducasse at The Dorchester (London) at name_sim=0.31.,,
2005,2,El Bulli,Spain,closed,Permanently closed 2011 (Ferran Adrià); site is now the elBulli1846 museum/foundation.,,
2005,4,Tetsuya's,Australia,unmatched,"Country ""Australia"" has no restaurants in the catalogue universe.",,
2005,5,Restaurant Gordon Ramsay,UK,unmatched,No adequately similar catalogue candidate in United Kingdom; closest was Ikoyi (London) at name_sim=0.22.,,
2005,6,Pierre Gagnaire,France,unmatched,No adequately similar catalogue candidate in France; closest was Le Gabriel - La Reserve Paris (Paris) at name_sim=0.39.,,
2005,8,Tom Aikens,UK,unmatched,No adequately similar catalogue candidate in United Kingdom; closest was Ikoyi (London) at name_sim=0.27.,,
2005,10,St John,UK,unmatched,No adequately similar catalogue candidate in United Kingdom; closest was Kol (London) at name_sim=0.2.,,
2005,11,Bras,France,unmatched,No adequately similar catalogue candidate in France; closest was Le Gabriel - La Reserve Paris (Paris) at name_sim=0.32.,,
2005,12,Le Louis XV,Monaco,unmatched,"Country ""Monaco"" has no restaurants in the catalogue universe.",,
2005,13,Chez Panisse,USA,unmatched,No adequately similar catalogue candidate in United States; closest was Per Se (New York) at name_sim=0.44.,,
2005,14,Charlie Trotter's,USA,closed,Permanently closed 2012 (chef Charlie Trotter's decision).,,
2005,15,Gramercy Tavern,USA,unmatched,No adequately similar catalogue candidate in United States; closest was Per Se (New York) at name_sim=0.38.,,
2005,16,Guy Savoy,France,unmatched,No adequately similar catalogue candidate in France; closest was Le Gabriel - La Reserve Paris (Paris) at name_sim=0.27.,,
2005,17,Alain Ducasse,France,unmatched,No adequately similar catalogue candidate in France; closest was Table by Bruno Verjus (Paris) at name_sim=0.39.,,
2005,18,Sketch,UK,unmatched,No adequately similar catalogue candidate in United Kingdom; closest was Alain Ducasse at The Dorchester (London) at name_sim=0.27.,,
2005,19,The Waterside Inn,UK,unmatched,No adequately similar catalogue candidate in United Kingdom; closest was Ikoyi (London) at name_sim=0.22.,,
2005,20,Nobu,UK,unmatched,No adequately similar catalogue candidate in United Kingdom; closest was Kol (London) at name_sim=0.29.,,
2005,22,Can Fabes,Spain,closed,Closed 2013 following the 2011 death of chef Santi Santamaria.,,
2005,23,Checchino Dal 1887,Italy,unmatched,No adequately similar catalogue candidate in Italy; closest was Acquolina (Rome) at name_sim=0.3.,,
2005,24,Le Meurice,France,unmatched,No adequately similar catalogue candidate in France; closest was Plénitude (Paris) at name_sim=0.38.,,
2005,27,The Connaught,UK,unmatched,No adequately similar catalogue candidate in United Kingdom; closest was Alain Ducasse at The Dorchester (London) at name_sim=0.24.,,
2005,28,Le Manoir aux Quat'Saisons,UK,unmatched,No adequately similar catalogue candidate in United Kingdom; closest was Alain Ducasse at The Dorchester (London) at name_sim=0.26.,,
2005,29,Le Cinq,France,unmatched,No adequately similar catalogue candidate in France; closest was Anne (Paris) at name_sim=0.25.,,
2005,30,Hakkasan,UK,unmatched,No adequately similar catalogue candidate in United Kingdom; closest was Alain Ducasse at The Dorchester (London) at name_sim=0.19.,,
2005,31,Cal Pep,Spain,unmatched,No adequately similar catalogue candidate in Spain; closest was Aleia (Barcelona) at name_sim=0.5.,,
2005,32,Masa,USA,ambiguous,"Closest catalogue candidate rest_0760 (Aska, New York, United States) name_sim=0.75 city_sim=1.0 — insufficient corroboration to accept.",rest_0760,low
2005,33,Flower Drum,Australia,unmatched,"Country ""Australia"" has no restaurants in the catalogue universe.",,
2005,34,WD~50,USA,closed,Permanently closed 2014 (lease not renewed).,,
2005,35,Le Quartier Français,South Africa,unmatched,"Country ""South Africa"" has no restaurants in the catalogue universe.",,
2005,36,Spice Market,USA,unmatched,No adequately similar catalogue candidate in United States; closest was César (New York) at name_sim=0.47.,,
2005,37,L'Auberge de l'Ill,France,unmatched,No adequately similar catalogue candidate in France; closest was Arpège (Paris) at name_sim=0.42.,,
2005,38,Manresa,USA,ambiguous,"Closest catalogue candidate rest_0772 (Alinea, Chicago, United States) name_sim=0.62 city_sim=0.1 — insufficient corroboration to accept.",rest_0772,low
2005,39,Dieter Mueller,Germany,unmatched,No adequately similar catalogue candidate in Germany; closest was Speisemeisterei (Stuttgart) at name_sim=0.41.,,
2005,40,Troisgros,France,unmatched,No adequately similar catalogue candidate in France; closest was Table by Bruno Verjus (Paris) at name_sim=0.3.,,
2005,41,The Wolseley,UK,unmatched,No adequately similar catalogue candidate in United Kingdom; closest was Kol (London) at name_sim=0.36.,,
2005,42,Rockpool,Australia,unmatched,"Country ""Australia"" has no restaurants in the catalogue universe.",,
2005,43,Yauatcha,UK,unmatched,No adequately similar catalogue candidate in United Kingdom; closest was Alain Ducasse at The Dorchester (London) at name_sim=0.31.,,
2005,44,The Ivy,UK,unmatched,No adequately similar catalogue candidate in United Kingdom; closest was Ikoyi (London) at name_sim=0.5.,,
2005,45,Gambero Rosso,Italy,unmatched,No adequately similar catalogue candidate in Italy; closest was Glam Enrico Bartolini (Venice) at name_sim=0.53.,,
2005,46,The Cliff,Barbados,unmatched,"Country ""Barbados"" has no restaurants in the catalogue universe.",,
2005,47,Le Gavroche,UK,unmatched,No adequately similar catalogue candidate in United Kingdom; closest was Alain Ducasse at The Dorchester (London) at name_sim=0.31.,,
2005,49,Felix,Hong Kong,unmatched,No adequately similar catalogue candidate in Hong Kong; closest was L'Envol (Hong Kong) at name_sim=0.36.,,
2005,50,La Tupina,France,unmatched,No adequately similar catalogue candidate in France; closest was Septime (Paris) at name_sim=0.31.,,
2006,1,El Bulli,Spain,closed,Permanently closed 2011 (Ferran Adrià); site is now the elBulli1846 museum/foundation.,,
2006,2,The Fat Duck,UK,unmatched,No adequately similar catalogue candidate in United Kingdom; closest was Alain Ducasse at The Dorchester (London) at name_sim=0.31.,,
2006,3,Pierre Gagnaire,France,unmatched,No adequately similar catalogue candidate in France; closest was Le Gabriel - La Reserve Paris (Paris) at name_sim=0.39.,,
2006,5,Tetsuya's,Australia,unmatched,"Country ""Australia"" has no restaurants in the catalogue universe.",,
2006,6,Bras,France,unmatched,No adequately similar catalogue candidate in France; closest was Le Gabriel - La Reserve Paris (Paris) at name_sim=0.32.,,
2006,7,Le Louis XV,Monaco,unmatched,"Country ""Monaco"" has no restaurants in the catalogue universe.",,
2006,11,Can Fabes,Spain,closed,Closed 2013 following the 2011 death of chef Santi Santamaria.,,
2006,12,Nobu,UK,unmatched,No adequately similar catalogue candidate in United Kingdom; closest was Kol (London) at name_sim=0.29.,,
2006,13,Gambero Rosso,Italy,unmatched,No adequately similar catalogue candidate in Italy; closest was Glam Enrico Bartolini (Venice) at name_sim=0.53.,,
2006,14,Restaurant Gordon Ramsay,UK,unmatched,No adequately similar catalogue candidate in United Kingdom; closest was Ikoyi (London) at name_sim=0.22.,,
2006,15,Alain Ducasse,France,unmatched,No adequately similar catalogue candidate in France; closest was Table by Bruno Verjus (Paris) at name_sim=0.39.,,
2006,17,Le Cinq,France,unmatched,No adequately similar catalogue candidate in France; closest was Anne (Paris) at name_sim=0.25.,,
2006,18,Daniel,USA,unmatched,No adequately similar catalogue candidate in United States; closest was Atera (New York) at name_sim=0.36.,,
2006,19,Oud Sluis,Netherlands,unmatched,No adequately similar catalogue candidate in Netherlands; closest was Kaatje bij de Sluis (Blokzijl) at name_sim=0.48.,,
2006,20,Chez Panisse,USA,unmatched,No adequately similar catalogue candidate in United States; closest was Per Se (New York) at name_sim=0.44.,,
2006,22,L'Astrance,France,unmatched,No adequately similar catalogue candidate in France; closest was Anne (Paris) at name_sim=0.46.,,
2006,24,Troisgros,France,unmatched,No adequately similar catalogue candidate in France; closest was Table by Bruno Verjus (Paris) at name_sim=0.3.,,
2006,25,L'Atelier Saint Germain De Joël Robuchon,France,unmatched,No adequately similar catalogue candidate in France; closest was Le Gabriel - La Reserve Paris (Paris) at name_sim=0.21.,,
2006,26,Charlie Trotter's,USA,closed,Permanently closed 2012 (chef Charlie Trotter's decision).,,
2006,27,Le Gavroche,UK,unmatched,No adequately similar catalogue candidate in United Kingdom; closest was Alain Ducasse at The Dorchester (London) at name_sim=0.31.,,
2006,28,La Colombe,South Africa,unmatched,"Country ""South Africa"" has no restaurants in the catalogue universe.",,
2006,30,Rockpool,Australia,unmatched,"Country ""Australia"" has no restaurants in the catalogue universe.",,
2006,33,Noma,Denmark,unmatched,No adequately similar catalogue candidate in Denmark; closest was Geranium (Copenhagen) at name_sim=0.33.,,
2006,34,Dieter Mueller,Germany,unmatched,No adequately similar catalogue candidate in Germany; closest was Speisemeisterei (Stuttgart) at name_sim=0.41.,,
2006,35,St John,UK,unmatched,No adequately similar catalogue candidate in United Kingdom; closest was Kol (London) at name_sim=0.2.,,
2006,36,Hakkasan,UK,unmatched,No adequately similar catalogue candidate in United Kingdom; closest was Alain Ducasse at The Dorchester (London) at name_sim=0.19.,,
2006,38,Le Quartier Français,South Africa,unmatched,"Country ""South Africa"" has no restaurants in the catalogue universe.",,
2006,39,Chez Dominique,Finland,unmatched,No adequately similar catalogue candidate in Finland; closest was Palace (Helsinki) at name_sim=0.2.,,
2006,40,L'Ambroisie,France,unmatched,No adequately similar catalogue candidate in France; closest was Arpège (Paris) at name_sim=0.38.,,
2006,43,Bocuse,France,unmatched,No adequately similar catalogue candidate in France; closest was Table by Bruno Verjus (Paris) at name_sim=0.33.,,
2006,45,Gramercy Tavern,USA,unmatched,No adequately similar catalogue candidate in United States; closest was Per Se (New York) at name_sim=0.38.,,
2006,46,Bukhara,India,unmatched,"Country ""India"" has no restaurants in the catalogue universe.",,
2006,47,De Karmeliet,Belgium,unmatched,No adequately similar catalogue candidate in Belgium; closest was De Jonkman (Bruges) at name_sim=0.25.,,
2006,48,Oaxen Krog,Sweden,unmatched,No adequately similar catalogue candidate in Sweden; closest was Frantzén (Stockholm) at name_sim=0.33.,,
2006,49,Comme Chez Soi,Belgium,unmatched,No adequately similar catalogue candidate in Belgium; closest was Bozar Restaurant (Brussels) at name_sim=0.21.,,
2006,50,D.O.M.,Brazil,unmatched,No adequately similar catalogue candidate in Brazil; closest was Lasai (Rio de Janeiro) at name_sim=0.0.,,
2007,1,El Bulli,Spain,closed,Permanently closed 2011 (Ferran Adrià); site is now the elBulli1846 museum/foundation.,,
2007,2,The Fat Duck,UK,unmatched,No adequately similar catalogue candidate in United Kingdom; closest was Alain Ducasse at The Dorchester (London) at name_sim=0.31.,,
2007,3,Pierre Gagnaire,France,unmatched,No adequately similar catalogue candidate in France; closest was Le Gabriel - La Reserve Paris (Paris) at name_sim=0.39.,,
2007,5,Tetsuya's,Australia,unmatched,"Country ""Australia"" has no restaurants in the catalogue universe.",,
2007,6,Bras,France,unmatched,No adequately similar catalogue candidate in France; closest was Le Gabriel - La Reserve Paris (Paris) at name_sim=0.32.,,
2007,8,Le Louis XV,Monaco,unmatched,"Country ""Monaco"" has no restaurants in the catalogue universe.",,
2007,12,Gambero Rosso,Italy,unmatched,No adequately similar catalogue candidate in Italy; closest was Glam Enrico Bartolini (Venice) at name_sim=0.53.,,
2007,13,L'Atelier Saint Germain De Joël Robuchon,France,unmatched,No adequately similar catalogue candidate in France; closest was Le Gabriel - La Reserve Paris (Paris) at name_sim=0.21.,,
2007,15,Noma,Denmark,unmatched,No adequately similar catalogue candidate in Denmark; closest was Geranium (Copenhagen) at name_sim=0.33.,,
2007,17,Nobu,UK,unmatched,No adequately similar catalogue candidate in United Kingdom; closest was Kol (London) at name_sim=0.29.,,
2007,19,Hakkasan,UK,unmatched,No adequately similar catalogue candidate in United Kingdom; closest was Alain Ducasse at The Dorchester (London) at name_sim=0.19.,,
2007,20,Alain Ducasse au Plaza Athénée,France,unmatched,No adequately similar catalogue candidate in France; closest was Le Gabriel - La Reserve Paris (Paris) at name_sim=0.33.,,
2007,21,L'Astrance,France,unmatched,No adequately similar catalogue candidate in France; closest was Anne (Paris) at name_sim=0.46.,,
2007,22,Can Fabes,Spain,closed,Closed 2013 following the 2011 death of chef Santi Santamaria.,,
2007,23,L'Ambroisie,France,unmatched,No adequately similar catalogue candidate in France; closest was Arpège (Paris) at name_sim=0.38.,,
2007,24,Restaurant Gordon Ramsay,UK,unmatched,No adequately similar catalogue candidate in United Kingdom; closest was Ikoyi (London) at name_sim=0.22.,,
2007,25,Troisgros,France,unmatched,No adequately similar catalogue candidate in France; closest was Table by Bruno Verjus (Paris) at name_sim=0.3.,,
2007,28,Le Gavroche,UK,unmatched,No adequately similar catalogue candidate in United Kingdom; closest was Alain Ducasse at The Dorchester (London) at name_sim=0.31.,,
2007,29,Le Cinq,France,unmatched,No adequately similar catalogue candidate in France; closest was Anne (Paris) at name_sim=0.25.,,
2007,30,Charlie Trotter's,USA,closed,Permanently closed 2012 (chef Charlie Trotter's decision).,,
2007,32,Daniel,USA,unmatched,No adequately similar catalogue candidate in United States; closest was Atera (New York) at name_sim=0.36.,,
2007,33,Rockpool,Australia,unmatched,"Country ""Australia"" has no restaurants in the catalogue universe.",,
2007,34,St John,UK,unmatched,No adequately similar catalogue candidate in United Kingdom; closest was Kol (London) at name_sim=0.2.,,
2007,35,Chez Dominique,Finland,unmatched,No adequately similar catalogue candidate in Finland; closest was Palace (Helsinki) at name_sim=0.2.,,
2007,37,Bukhara,India,unmatched,"Country ""India"" has no restaurants in the catalogue universe.",,
2007,38,D.O.M.,Brazil,unmatched,No adequately similar catalogue candidate in Brazil; closest was Lasai (Rio de Janeiro) at name_sim=0.0.,,
2007,39,Oaxen Krog,Sweden,unmatched,No adequately similar catalogue candidate in Sweden; closest was Frantzén (Stockholm) at name_sim=0.33.,,
2007,40,Chez Panisse,USA,unmatched,No adequately similar catalogue candidate in United States; closest was Per Se (New York) at name_sim=0.44.,,
2007,42,Cracco Peck,Italy,unmatched,No adequately similar catalogue candidate in Italy; closest was Andrea Aprea (Milan) at name_sim=0.43.,,
2007,44,River Café,UK,unmatched,No adequately similar catalogue candidate in United Kingdom; closest was Alain Ducasse at The Dorchester (London) at name_sim=0.18.,,
2007,45,Oud Sluis,Netherlands,unmatched,No adequately similar catalogue candidate in Netherlands; closest was Kaatje bij de Sluis (Blokzijl) at name_sim=0.48.,,
2007,46,Combal Zero,Italy,closed,Closed 2019 (chef Davide Scabin closed the restaurant).,,
2007,47,Le Quartier Français,South Africa,unmatched,"Country ""South Africa"" has no restaurants in the catalogue universe.",,
2007,48,Taillevent,France,closed,Permanently closed 2020.,,
2007,49,Bocuse,France,unmatched,No adequately similar catalogue candidate in France; closest was Table by Bruno Verjus (Paris) at name_sim=0.33.,,
2007,50,Les Ambassadeurs,France,unmatched,No adequately similar catalogue candidate in France; closest was Le Gabriel - La Reserve Paris (Paris) at name_sim=0.32.,,
2008,1,El Bulli,Spain,closed,Permanently closed 2011 (Ferran Adrià); site is now the elBulli1846 museum/foundation.,,
2008,2,The Fat Duck,UK,unmatched,No adequately similar catalogue candidate in United Kingdom; closest was Alain Ducasse at The Dorchester (London) at name_sim=0.31.,,
2008,3,Pierre Gagnaire,France,unmatched,No adequately similar catalogue candidate in France; closest was Le Gabriel - La Reserve Paris (Paris) at name_sim=0.39.,,
2008,7,Bras,France,unmatched,No adequately similar catalogue candidate in France; closest was Le Gabriel - La Reserve Paris (Paris) at name_sim=0.32.,,
2008,9,Tetsuya's,Australia,unmatched,"Country ""Australia"" has no restaurants in the catalogue universe.",,
2008,10,Noma,Denmark,unmatched,No adequately similar catalogue candidate in Denmark; closest was Geranium (Copenhagen) at name_sim=0.33.,,
2008,11,L'Astrance,France,unmatched,No adequately similar catalogue candidate in France; closest was Anne (Paris) at name_sim=0.46.,,
2008,12,Gambero Rosso,Italy,unmatched,No adequately similar catalogue candidate in Italy; closest was Glam Enrico Bartolini (Venice) at name_sim=0.53.,,
2008,13,Restaurant Gordon Ramsay,UK,unmatched,No adequately similar catalogue candidate in United Kingdom; closest was Ikoyi (London) at name_sim=0.22.,,
2008,14,L'Atelier Saint Germain De Joël Robuchon,France,unmatched,No adequately similar catalogue candidate in France; closest was Le Gabriel - La Reserve Paris (Paris) at name_sim=0.21.,,
2008,15,Le Louis XV,Monaco,unmatched,"Country ""Monaco"" has no restaurants in the catalogue universe.",,
2008,16,St John,UK,unmatched,No adequately similar catalogue candidate in United Kingdom; closest was Kol (London) at name_sim=0.2.,,
2008,18,Alain Ducasse au Plaza Athénée,France,unmatched,No adequately similar catalogue candidate in France; closest was Le Gabriel - La Reserve Paris (Paris) at name_sim=0.33.,,
2008,19,Hakkasan,UK,unmatched,No adequately similar catalogue candidate in United Kingdom; closest was Alain Ducasse at The Dorchester (London) at name_sim=0.19.,,
2008,22,Le Gavroche,UK,unmatched,No adequately similar catalogue candidate in United Kingdom; closest was Alain Ducasse at The Dorchester (London) at name_sim=0.31.,,
2008,24,Le Cinq,France,unmatched,No adequately similar catalogue candidate in France; closest was Anne (Paris) at name_sim=0.25.,,
2008,25,Troisgros,France,unmatched,No adequately similar catalogue candidate in France; closest was Table by Bruno Verjus (Paris) at name_sim=0.3.,,
2008,30,Nobu,UK,unmatched,No adequately similar catalogue candidate in United Kingdom; closest was Kol (London) at name_sim=0.29.,,
2008,31,Can Fabes,Spain,closed,Closed 2013 following the 2011 death of chef Santi Santamaria.,,
2008,33,Le Meurice,France,unmatched,No adequately similar catalogue candidate in France; closest was Plénitude (Paris) at name_sim=0.38.,,
2008,37,Chez Panisse,USA,unmatched,No adequately similar catalogue candidate in United States; closest was Per Se (New York) at name_sim=0.44.,,
2008,38,Charlie Trotter's,USA,closed,Permanently closed 2012 (chef Charlie Trotter's decision).,,
2008,39,Chez Dominique,Finland,unmatched,No adequately similar catalogue candidate in Finland; closest was Palace (Helsinki) at name_sim=0.2.,,
2008,40,D.O.M.,Brazil,unmatched,No adequately similar catalogue candidate in Brazil; closest was Lasai (Rio de Janeiro) at name_sim=0.0.,,
2008,41,Daniel,USA,unmatched,No adequately similar catalogue candidate in United States; closest was Atera (New York) at name_sim=0.36.,,
2008,42,Oud Sluis,Netherlands,unmatched,No adequately similar catalogue candidate in Netherlands; closest was Kaatje bij de Sluis (Blokzijl) at name_sim=0.48.,,
2008,43,Ristorante Cracco,Italy,unmatched,No adequately similar catalogue candidate in Italy; closest was Verso Capitaneo (Milan) at name_sim=0.44.,,
2008,45,Les Ambassadeurs,France,unmatched,No adequately similar catalogue candidate in France; closest was Le Gabriel - La Reserve Paris (Paris) at name_sim=0.32.,,
2008,48,Oaxen Krog,Sweden,unmatched,No adequately similar catalogue candidate in Sweden; closest was Frantzén (Stockholm) at name_sim=0.33.,,
2008,49,Rockpool,Australia,unmatched,"Country ""Australia"" has no restaurants in the catalogue universe.",,
2008,50,Le Quartier Français,South Africa,unmatched,"Country ""South Africa"" has no restaurants in the catalogue universe.",,
2009,1,El Bulli,Spain,closed,Permanently closed 2011 (Ferran Adrià); site is now the elBulli1846 museum/foundation.,,
2009,2,The Fat Duck,UK,unmatched,No adequately similar catalogue candidate in United Kingdom; closest was Alain Ducasse at The Dorchester (London) at name_sim=0.31.,,
2009,3,Noma,Denmark,unmatched,No adequately similar catalogue candidate in Denmark; closest was Geranium (Copenhagen) at name_sim=0.33.,,
2009,7,Bras,France,unmatched,No adequately similar catalogue candidate in France; closest was Le Gabriel - La Reserve Paris (Paris) at name_sim=0.32.,,
2009,9,Pierre Gagnaire,France,unmatched,No adequately similar catalogue candidate in France; closest was Le Gabriel - La Reserve Paris (Paris) at name_sim=0.39.,,
2009,11,L'Astrance,France,unmatched,No adequately similar catalogue candidate in France; closest was Anne (Paris) at name_sim=0.46.,,
2009,14,St John,UK,unmatched,No adequately similar catalogue candidate in United Kingdom; closest was Kol (London) at name_sim=0.2.,,
2009,17,Tetsuya's,Australia,unmatched,"Country ""Australia"" has no restaurants in the catalogue universe.",,
2009,18,L'Atelier Saint Germain De Joël Robuchon,France,unmatched,No adequately similar catalogue candidate in France; closest was Le Gabriel - La Reserve Paris (Paris) at name_sim=0.21.,,
2009,21,Chez Dominique,Finland,unmatched,No adequately similar catalogue candidate in Finland; closest was Palace (Helsinki) at name_sim=0.2.,,
2009,22,Ristorante Cracco,Italy,unmatched,No adequately similar catalogue candidate in Italy; closest was Verso Capitaneo (Milan) at name_sim=0.44.,,
2009,24,D.O.M.,Brazil,unmatched,No adequately similar catalogue candidate in Brazil; closest was Lasai (Rio de Janeiro) at name_sim=0.0.,,
2009,27,Masa,USA,ambiguous,"Closest catalogue candidate rest_0760 (Aska, New York, United States) name_sim=0.75 city_sim=1.0 — insufficient corroboration to accept.",rest_0760,low
2009,28,Gambero Rosso,Italy,unmatched,No adequately similar catalogue candidate in Italy; closest was Glam Enrico Bartolini (Venice) at name_sim=0.53.,,
2009,29,Oud Sluis,Netherlands,unmatched,No adequately similar catalogue candidate in Netherlands; closest was Kaatje bij de Sluis (Blokzijl) at name_sim=0.48.,,
2009,31,Momofuku Ssäm Bar,USA,unmatched,No adequately similar catalogue candidate in United States; closest was Chef's Table at Brooklyn Fare (New York) at name_sim=0.33.,,
2009,32,Oaxen Krog,Sweden,unmatched,No adequately similar catalogue candidate in Sweden; closest was Frantzén (Stockholm) at name_sim=0.33.,,
2009,34,Nobu,UK,unmatched,No adequately similar catalogue candidate in United Kingdom; closest was Kol (London) at name_sim=0.29.,,
2009,35,Mirazur,France,unmatched,No adequately similar catalogue candidate in France; closest was Le Gabriel - La Reserve Paris (Paris) at name_sim=0.29.,,
2009,36,Hakkasan,UK,unmatched,No adequately similar catalogue candidate in United Kingdom; closest was Alain Ducasse at The Dorchester (London) at name_sim=0.19.,,
2009,37,Le Quartier Français,South Africa,unmatched,"Country ""South Africa"" has no restaurants in the catalogue universe.",,
2009,38,La Colombe,South Africa,unmatched,"Country ""South Africa"" has no restaurants in the catalogue universe.",,
2009,40,Le Chateaubriand,France,unmatched,No adequately similar catalogue candidate in France; closest was Table by Bruno Verjus (Paris) at name_sim=0.32.,,
2009,41,Daniel,USA,unmatched,No adequately similar catalogue candidate in United States; closest was Atera (New York) at name_sim=0.36.,,
2009,42,Combal Zero,Italy,closed,Closed 2019 (chef Davide Scabin closed the restaurant).,,
2009,43,Le Louis XV,Monaco,unmatched,"Country ""Monaco"" has no restaurants in the catalogue universe.",,
2009,45,Iggy's,Singapore,unmatched,No adequately similar catalogue candidate in Singapore; closest was Les Amis (Singapore) at name_sim=0.31.,,
2009,46,Quay,Australia,unmatched,"Country ""Australia"" has no restaurants in the catalogue universe.",,
2009,47,Les Ambassadeurs,France,unmatched,No adequately similar catalogue candidate in France; closest was Le Gabriel - La Reserve Paris (Paris) at name_sim=0.32.,,
2009,50,Mathias Dhalgren,Sweden,unmatched,No adequately similar catalogue candidate in Sweden; closest was Frantzén (Stockholm) at name_sim=0.33.,,
2010,1,Noma,Denmark,unmatched,No adequately similar catalogue candidate in Denmark; closest was Geranium (Copenhagen) at name_sim=0.33.,,
2010,2,El Bulli,Spain,closed,Permanently closed 2011 (Ferran Adrià); site is now the elBulli1846 museum/foundation.,,
2010,3,The Fat Duck,UK,unmatched,No adequately similar catalogue candidate in United Kingdom; closest was Alain Ducasse at The Dorchester (London) at name_sim=0.31.,,
2010,8,Daniel,USA,unmatched,No adequately similar catalogue candidate in United States; closest was Atera (New York) at name_sim=0.36.,,
2010,11,Le Chateaubriand,France,unmatched,No adequately similar catalogue candidate in France; closest was Table by Bruno Verjus (Paris) at name_sim=0.32.,,
2010,12,La Colombe,South Africa,unmatched,"Country ""South Africa"" has no restaurants in the catalogue universe.",,
2010,13,Pierre Gagnaire,France,unmatched,No adequately similar catalogue candidate in France; closest was Le Gabriel - La Reserve Paris (Paris) at name_sim=0.39.,,
2010,16,L'Astrance,France,unmatched,No adequately similar catalogue candidate in France; closest was Anne (Paris) at name_sim=0.46.,,
2010,18,D.O.M.,Brazil,unmatched,No adequately similar catalogue candidate in Brazil; closest was Lasai (Rio de Janeiro) at name_sim=0.0.,,
2010,19,Oud Sluis,Netherlands,unmatched,No adequately similar catalogue candidate in Netherlands; closest was Kaatje bij de Sluis (Blokzijl) at name_sim=0.48.,,
2010,23,Chez Dominique,Finland,unmatched,No adequately similar catalogue candidate in Finland; closest was Palace (Helsinki) at name_sim=0.2.,,
2010,25,Mathias Dhalgren,Sweden,unmatched,No adequately similar catalogue candidate in Sweden; closest was Frantzén (Stockholm) at name_sim=0.33.,,
2010,26,Momofuku Ssäm Bar,USA,unmatched,No adequately similar catalogue candidate in United States; closest was Chef's Table at Brooklyn Fare (New York) at name_sim=0.33.,,
2010,27,Quay,Australia,unmatched,"Country ""Australia"" has no restaurants in the catalogue universe.",,
2010,28,Iggy's,Singapore,unmatched,No adequately similar catalogue candidate in Singapore; closest was Les Amis (Singapore) at name_sim=0.31.,,
2010,29,L'Atelier Saint Germain De Joël Robuchon,France,unmatched,No adequately similar catalogue candidate in France; closest was Le Gabriel - La Reserve Paris (Paris) at name_sim=0.21.,,
2010,31,Le Quartier Francais,South Africa,unmatched,"Country ""South Africa"" has no restaurants in the catalogue universe.",,
2010,35,Combal Zero,Italy,closed,Closed 2019 (chef Davide Scabin closed the restaurant).,,
2010,38,Tetsuya's,Australia,unmatched,"Country ""Australia"" has no restaurants in the catalogue universe.",,
2010,39,Jaan Par Andre,Singapore,unmatched,No adequately similar catalogue candidate in Singapore; closest was Odette (Singapore) at name_sim=0.2.,,
2010,40,Il Canto,Italy,ambiguous,"Closest catalogue candidate rest_0414 (Caino, Montemerano, Italy) name_sim=0.62 city_sim=0.25 — insufficient corroboration to accept.",rest_0414,low
2010,41,Alain Ducasse au Plaza Athénée,France,unmatched,No adequately similar catalogue candidate in France; closest was Le Gabriel - La Reserve Paris (Paris) at name_sim=0.33.,,
2010,42,Oaxen Krog,Sweden,unmatched,No adequately similar catalogue candidate in Sweden; closest was Frantzén (Stockholm) at name_sim=0.33.,,
2010,43,St John,UK,unmatched,No adequately similar catalogue candidate in United Kingdom; closest was Kol (London) at name_sim=0.2.,,
2010,44,Maison Troisgros,France,unmatched,No adequately similar catalogue candidate in France; closest was Arpège (Paris) at name_sim=0.27.,,
2010,45,WD~50,USA,closed,Permanently closed 2014 (lease not renewed).,,
2010,46,Biko,Mexico,unmatched,No adequately similar catalogue candidate in Mexico; closest was Quintonil (Mexico City) at name_sim=0.31.,,
2010,49,Hibiscus,UK,unmatched,No adequately similar catalogue candidate in United Kingdom; closest was Ikoyi (London) at name_sim=0.31.,,
2011,1,Noma,Denmark,unmatched,No adequately similar catalogue candidate in Denmark; closest was Geranium (Copenhagen) at name_sim=0.33.,,
2011,5,The Fat Duck,UK,unmatched,No adequately similar catalogue candidate in United Kingdom; closest was Alain Ducasse at The Dorchester (London) at name_sim=0.31.,,
2011,7,D.O.M.,Brazil,unmatched,No adequately similar catalogue candidate in Brazil; closest was Lasai (Rio de Janeiro) at name_sim=0.0.,,
2011,9,Le Chateaubriand,France,unmatched,No adequately similar catalogue candidate in France; closest was Table by Bruno Verjus (Paris) at name_sim=0.32.,,
2011,11,Daniel,USA,unmatched,No adequately similar catalogue candidate in United States; closest was Atera (New York) at name_sim=0.36.,,
2011,13,L'Astrance,France,unmatched,No adequately similar catalogue candidate in France; closest was Anne (Paris) at name_sim=0.46.,,
2011,14,L'Atelier Saint Germain De Joël Robuchon,France,unmatched,No adequately similar catalogue candidate in France; closest was Le Gabriel - La Reserve Paris (Paris) at name_sim=0.21.,,
2011,16,Pierre Gagnaire,France,unmatched,No adequately similar catalogue candidate in France; closest was Le Gabriel - La Reserve Paris (Paris) at name_sim=0.39.,,
2011,17,Oud Sluis,Netherlands,unmatched,No adequately similar catalogue candidate in Netherlands; closest was Kaatje bij de Sluis (Blokzijl) at name_sim=0.48.,,
2011,26,Quay,Australia,unmatched,"Country ""Australia"" has no restaurants in the catalogue universe.",,
2011,27,Iggy's,Singapore,unmatched,No adequately similar catalogue candidate in Singapore; closest was Les Amis (Singapore) at name_sim=0.31.,,
2011,28,Combal Zero,Italy,closed,Closed 2019 (chef Davide Scabin closed the restaurant).,,
2011,30,Bras Restaurant,France,unmatched,No adequately similar catalogue candidate in France; closest was Le Gabriel - La Reserve Paris (Paris) at name_sim=0.32.,,
2011,31,Biko,Mexico,unmatched,No adequately similar catalogue candidate in Mexico; closest was Quintonil (Mexico City) at name_sim=0.31.,,
2011,33,Ristorante Cracco,Italy,unmatched,No adequately similar catalogue candidate in Italy; closest was Verso Capitaneo (Milan) at name_sim=0.44.,,
2011,34,The Ledbury,UK,unmatched,No adequately similar catalogue candidate in United Kingdom; closest was Alain Ducasse at The Dorchester (London) at name_sim=0.26.,,
2011,35,Chez Dominique,Finland,unmatched,No adequately similar catalogue candidate in Finland; closest was Palace (Helsinki) at name_sim=0.2.,,
2011,36,Le Quartier Français,South Africa,unmatched,"Country ""South Africa"" has no restaurants in the catalogue universe.",,
2011,39,Il Canto,Italy,ambiguous,"Closest catalogue candidate rest_0414 (Caino, Montemerano, Italy) name_sim=0.62 city_sim=0.25 — insufficient corroboration to accept.",rest_0414,low
2011,40,Momofuku Ssäm Bar,USA,unmatched,No adequately similar catalogue candidate in United States; closest was Chef's Table at Brooklyn Fare (New York) at name_sim=0.33.,,
2011,41,St John,UK,unmatched,No adequately similar catalogue candidate in United Kingdom; closest was Kol (London) at name_sim=0.2.,,
2011,42,Astrid y Gastón,Peru,unmatched,No adequately similar catalogue candidate in Peru; closest was Maido (Lima) at name_sim=0.4.,,
2011,43,Hibiscus,UK,unmatched,No adequately similar catalogue candidate in United Kingdom; closest was Ikoyi (London) at name_sim=0.31.,,
2011,44,Maison Troisgros,France,unmatched,No adequately similar catalogue candidate in France; closest was Arpège (Paris) at name_sim=0.27.,,
2011,45,Alain Ducasse au Plaza Athénée,France,unmatched,No adequately similar catalogue candidate in France; closest was Le Gabriel - La Reserve Paris (Paris) at name_sim=0.33.,,
2011,48,Varvary,Russia,unmatched,"Country ""Russia"" has no restaurants in the catalogue universe.",,
2012,1,Noma,Denmark,unmatched,No adequately similar catalogue candidate in Denmark; closest was Geranium (Copenhagen) at name_sim=0.33.,,
2012,4,D.O.M.,Brazil,unmatched,No adequately similar catalogue candidate in Brazil; closest was Lasai (Rio de Janeiro) at name_sim=0.0.,,
2012,9,Dinner by Heston Blumenthal,UK,unmatched,No adequately similar catalogue candidate in United Kingdom; closest was Alain Ducasse at The Dorchester (London) at name_sim=0.38.,,
2012,12,L'Atelier Saint Germain De Joël Robuchon,France,unmatched,No adequately similar catalogue candidate in France; closest was Le Gabriel - La Reserve Paris (Paris) at name_sim=0.21.,,
2012,13,The Fat Duck,UK,unmatched,No adequately similar catalogue candidate in United Kingdom; closest was Alain Ducasse at The Dorchester (London) at name_sim=0.31.,,
2012,14,The Ledbury,UK,unmatched,No adequately similar catalogue candidate in United Kingdom; closest was Alain Ducasse at The Dorchester (London) at name_sim=0.26.,,
2012,15,Le Chateaubriand,France,unmatched,No adequately similar catalogue candidate in France; closest was Table by Bruno Verjus (Paris) at name_sim=0.32.,,
2012,17,Pierre Gagnaire,France,unmatched,No adequately similar catalogue candidate in France; closest was Le Gabriel - La Reserve Paris (Paris) at name_sim=0.39.,,
2012,18,L'Astrance,France,unmatched,No adequately similar catalogue candidate in France; closest was Anne (Paris) at name_sim=0.46.,,
2012,21,Oud Sluis,Netherlands,unmatched,No adequately similar catalogue candidate in Netherlands; closest was Kaatje bij de Sluis (Blokzijl) at name_sim=0.48.,,
2012,24,Mirazur,France,unmatched,No adequately similar catalogue candidate in France; closest was Le Gabriel - La Reserve Paris (Paris) at name_sim=0.29.,,
2012,25,Daniel,USA,unmatched,No adequately similar catalogue candidate in United States; closest was Atera (New York) at name_sim=0.36.,,
2012,26,Iggy's,Singapore,unmatched,No adequately similar catalogue candidate in Singapore; closest was Les Amis (Singapore) at name_sim=0.31.,,
2012,29,Quay,Australia,unmatched,"Country ""Australia"" has no restaurants in the catalogue universe.",,
2012,34,Fäviken,Sweden,closed,Permanently closed 2019 (chef Magnus Nilsson's decision).,,
2012,35,Astrid y Gastón,Peru,unmatched,No adequately similar catalogue candidate in Peru; closest was Maido (Lima) at name_sim=0.4.,,
2012,37,Momofuku Ssäm Bar,USA,unmatched,No adequately similar catalogue candidate in United States; closest was Chef's Table at Brooklyn Fare (New York) at name_sim=0.33.,,
2012,38,Biko,Mexico,unmatched,No adequately similar catalogue candidate in Mexico; closest was Quintonil (Mexico City) at name_sim=0.31.,,
2012,39,Waku Ghin,Singapore,unmatched,No adequately similar catalogue candidate in Singapore; closest was Les Amis (Singapore) at name_sim=0.24.,,
2012,41,Mathias Dahlgren,Sweden,unmatched,No adequately similar catalogue candidate in Sweden; closest was Frantzén (Stockholm) at name_sim=0.33.,,
2012,45,Vila Joya,Portugal,unmatched,No adequately similar catalogue candidate in Portugal; closest was Belcanto (Lisbon) at name_sim=0.35.,,
2012,46,Il Canto,Italy,ambiguous,"Closest catalogue candidate rest_0414 (Caino, Montemerano, Italy) name_sim=0.62 city_sim=0.25 — insufficient corroboration to accept.",rest_0414,low
2012,47,Bras Restaurant,France,unmatched,No adequately similar catalogue candidate in France; closest was Le Gabriel - La Reserve Paris (Paris) at name_sim=0.32.,,
2012,48,Manresa,USA,ambiguous,"Closest catalogue candidate rest_0772 (Alinea, Chicago, United States) name_sim=0.62 city_sim=0.12 — insufficient corroboration to accept.",rest_0772,low
2012,50,Nahm,Thailand,closed,Bangkok original closed 2023 (chef David Thompson's retirement).,,
2013,2,Noma,Denmark,unmatched,No adequately similar catalogue candidate in Denmark; closest was Geranium (Copenhagen) at name_sim=0.33.,,
2013,6,D.O.M.,Brazil,unmatched,No adequately similar catalogue candidate in Brazil; closest was Lasai (Rio de Janeiro) at name_sim=0.0.,,
2013,7,Dinner by Heston Blumenthal,UK,unmatched,No adequately similar catalogue candidate in United Kingdom; closest was Alain Ducasse at The Dorchester (London) at name_sim=0.38.,,
2013,13,The Ledbury,UK,unmatched,No adequately similar catalogue candidate in United Kingdom; closest was Alain Ducasse at The Dorchester (London) at name_sim=0.26.,,
2013,14,Astrid y Gastón,Peru,unmatched,No adequately similar catalogue candidate in Peru; closest was Maido (Lima) at name_sim=0.4.,,
2013,18,Le Chateaubriand,France,unmatched,No adequately similar catalogue candidate in France; closest was Table by Bruno Verjus (Paris) at name_sim=0.32.,,
2013,21,Attica,Australia,unmatched,"Country ""Australia"" has no restaurants in the catalogue universe.",,
2013,23,L'Astrance,France,unmatched,No adequately similar catalogue candidate in France; closest was Anne (Paris) at name_sim=0.46.,,
2013,24,L'Atelier Saint Germain De Joël Robuchon,France,unmatched,No adequately similar catalogue candidate in France; closest was Le Gabriel - La Reserve Paris (Paris) at name_sim=0.21.,,
2013,28,Mirazur,France,unmatched,No adequately similar catalogue candidate in France; closest was Le Gabriel - La Reserve Paris (Paris) at name_sim=0.29.,,
2013,29,Daniel,USA,unmatched,No adequately similar catalogue candidate in United States; closest was Atera (New York) at name_sim=0.36.,,
2013,31,Biko,Mexico,unmatched,No adequately similar catalogue candidate in Mexico; closest was Quintonil (Mexico City) at name_sim=0.31.,,
2013,32,Nahm,Thailand,closed,Bangkok original closed 2023 (chef David Thompson's retirement).,,
2013,33,The Fat Duck,UK,unmatched,No adequately similar catalogue candidate in United Kingdom; closest was Alain Ducasse at The Dorchester (London) at name_sim=0.31.,,
2013,34,Fäviken,Sweden,closed,Permanently closed 2019 (chef Magnus Nilsson's decision).,,
2013,35,Oud Sluis,Netherlands,unmatched,No adequately similar catalogue candidate in Netherlands; closest was Kaatje bij de Sluis (Blokzijl) at name_sim=0.48.,,
2013,37,Vila Joya,Portugal,unmatched,No adequately similar catalogue candidate in Portugal; closest was Belcanto (Lisbon) at name_sim=0.35.,,
2013,38,Restaurant André,Singapore,unmatched,No adequately similar catalogue candidate in Singapore; closest was Odette (Singapore) at name_sim=0.36.,,
2013,40,Combal.Zero,Italy,closed,Closed 2019 (chef Davide Scabin closed the restaurant).,,
2013,43,Mr and Mrs Bund,China,unmatched,No adequately similar catalogue candidate in China; closest was King's Joy (Beijing) at name_sim=0.2.,,
2013,46,Maní,Brazil,unmatched,No adequately similar catalogue candidate in Brazil; closest was Lasai (Rio de Janeiro) at name_sim=0.44.,,
2013,48,Quay,Australia,unmatched,"Country ""Australia"" has no restaurants in the catalogue universe.",,
2013,50,Central,Peru,unmatched,No adequately similar catalogue candidate in Peru; closest was Mayta (Lima) at name_sim=0.33.,,
2013,51,Pierre Gagnaire,France,unmatched,No adequately similar catalogue candidate in France; closest was Le Gabriel - La Reserve Paris (Paris) at name_sim=0.39.,,
2013,52,Manresa,USA,ambiguous,"Closest catalogue candidate rest_0772 (Alinea, Chicago, United States) name_sim=0.62 city_sim=0.12 — insufficient corroboration to accept.",rest_0772,low
2013,53,Le Quartier Français,South Africa,unmatched,"Country ""South Africa"" has no restaurants in the catalogue universe.",,
2013,54,La Grenouillere,France,unmatched,No adequately similar catalogue candidate in France; closest was Plénitude (Paris) at name_sim=0.38.,,
2013,55,Mathias Dahlgren,Sweden,unmatched,No adequately similar catalogue candidate in Sweden; closest was Frantzén (Stockholm) at name_sim=0.33.,,
2013,56,Restaurant Relae,Denmark,closed,Permanently closed 2021 (chef Christian Puglisi's decision).,,
2013,58,Coi,USA,closed,Permanently closed 2023.,,
2013,59,Viajante,UK,closed,Permanently closed 2013.,,
2013,60,Ultra Violet,China,unmatched,No adequately similar catalogue candidate in China; closest was Xin Rong Ji (Xinyuan South Road) (Beijing) at name_sim=0.19.,,
2013,61,The Test Kitchen,South Africa,unmatched,"Country ""South Africa"" has no restaurants in the catalogue universe.",,
2013,62,La Vie,Germany,unmatched,No adequately similar catalogue candidate in Germany; closest was Vendôme (Bergisch Gladbach) at name_sim=0.4.,,
2013,65,Iggy's,Singapore,unmatched,No adequately similar catalogue candidate in Singapore; closest was Les Amis (Singapore) at name_sim=0.31.,,
2013,67,Chez Dominique,Finland,unmatched,No adequately similar catalogue candidate in Finland; closest was Palace (Helsinki) at name_sim=0.2.,,
2013,68,Waku Ghin,Singapore,unmatched,No adequately similar catalogue candidate in Singapore; closest was Les Amis (Singapore) at name_sim=0.24.,,
2013,69,Bras Restaurant,France,unmatched,No adequately similar catalogue candidate in France; closest was Le Gabriel - La Reserve Paris (Paris) at name_sim=0.32.,,
2013,70,Hedone,UK,unmatched,No adequately similar catalogue candidate in United Kingdom; closest was Kol (London) at name_sim=0.22.,,
2013,71,St John,UK,unmatched,No adequately similar catalogue candidate in United Kingdom; closest was Kol (London) at name_sim=0.2.,,
2013,72,In De Wulf,Belgium,unmatched,No adequately similar catalogue candidate in Belgium; closest was Zilte (Antwerp) at name_sim=0.33.,,
2013,76,Malabar,Peru,unmatched,No adequately similar catalogue candidate in Peru; closest was Mayta (Lima) at name_sim=0.5.,,
2013,77,Tickets,Spain,unmatched,No adequately similar catalogue candidate in Spain; closest was Moments (Barcelona) at name_sim=0.43.,,
2013,78,Hertog Jan,Belgium,unmatched,No adequately similar catalogue candidate in Belgium; closest was De Jonkman (Bruges) at name_sim=0.35.,,
2013,79,Alain Ducasse Au Plaza Athenee,France,unmatched,No adequately similar catalogue candidate in France; closest was Le Gabriel - La Reserve Paris (Paris) at name_sim=0.33.,,
2013,80,Roberta Sudbrack,Brazil,unmatched,No adequately similar catalogue candidate in Brazil; closest was Lasai (Rio de Janeiro) at name_sim=0.29.,,
2013,82,Ristorante Cracco,Italy,unmatched,No adequately similar catalogue candidate in Italy; closest was Verso Capitaneo (Milan) at name_sim=0.44.,,
2013,84,Pollen Street Social,UK,unmatched,No adequately similar catalogue candidate in United Kingdom; closest was Alain Ducasse at The Dorchester (London) at name_sim=0.27.,,
2013,86,Momofuku Ssam Bar,USA,unmatched,No adequately similar catalogue candidate in United States; closest was Chef's Table at Brooklyn Fare (New York) at name_sim=0.33.,,
2013,87,Zuma,UAE,unmatched,No adequately similar catalogue candidate in United Arab Emirates; closest was FZN by Bjorn Frantzen (Dubai) at name_sim=0.18.,,
2013,89,Momofuku Seiobo,Australia,closed,Permanently closed 2019.,,
2013,91,Masa,USA,ambiguous,"Closest catalogue candidate rest_0760 (Aska, New York, United States) name_sim=0.75 city_sim=1.0 — insufficient corroboration to accept.",rest_0760,low
2013,92,La Petite Maison,UAE,unmatched,No adequately similar catalogue candidate in United Arab Emirates; closest was Tresind Studio (Dubai) at name_sim=0.3.,,
2013,93,Momofuku Ko,USA,unmatched,No adequately similar catalogue candidate in United States; closest was Joo Ok (New York) at name_sim=0.35.,,
2013,94,La Maison Troisgros,France,unmatched,No adequately similar catalogue candidate in France; closest was Arpège (Paris) at name_sim=0.27.,,
2013,96,Le Louis Xv,France,unmatched,No adequately similar catalogue candidate in France; closest was Table by Bruno Verjus (Paris) at name_sim=0.31.,,
2013,97,Spondi,Greece,unmatched,"Country ""Greece"" has no restaurants in the catalogue universe.",,
2013,99,Le Meurice,France,unmatched,No adequately similar catalogue candidate in France; closest was Plénitude (Paris) at name_sim=0.38.,,
2013,100,Varvari,Russia,unmatched,"Country ""Russia"" has no restaurants in the catalogue universe.",,
2014,1,Noma,Denmark,unmatched,No adequately similar catalogue candidate in Denmark; closest was Geranium (Copenhagen) at name_sim=0.33.,,
2014,5,Dinner by Heston Blumenthal,UK,unmatched,No adequately similar catalogue candidate in United Kingdom; closest was Alain Ducasse at The Dorchester (London) at name_sim=0.38.,,
2014,7,D.O.M.,Brazil,unmatched,No adequately similar catalogue candidate in Brazil; closest was Lasai (Rio de Janeiro) at name_sim=0.0.,,
2014,10,The Ledbury,UK,unmatched,No adequately similar catalogue candidate in United Kingdom; closest was Alain Ducasse at The Dorchester (London) at name_sim=0.26.,,
2014,11,Mirazur,France,unmatched,No adequately similar catalogue candidate in France; closest was Le Gabriel - La Reserve Paris (Paris) at name_sim=0.29.,,
2014,13,Nahm,Thailand,closed,Bangkok original closed 2023 (chef David Thompson's retirement).,,
2014,15,Central,Peru,unmatched,No adequately similar catalogue candidate in Peru; closest was Mayta (Lima) at name_sim=0.33.,,
2014,18,Astrid y Gastón,Peru,unmatched,No adequately similar catalogue candidate in Peru; closest was Maido (Lima) at name_sim=0.4.,,
2014,19,Fäviken,Sweden,closed,Permanently closed 2019 (chef Magnus Nilsson's decision).,,
2014,22,Vila Joya,Portugal,unmatched,No adequately similar catalogue candidate in Portugal; closest was Belcanto (Lisbon) at name_sim=0.35.,,
2014,27,Le Chateaubriand,France,unmatched,No adequately similar catalogue candidate in France; closest was Table by Bruno Verjus (Paris) at name_sim=0.32.,,
2014,31,L'Atelier Saint Germain De Joël Robuchon,France,unmatched,No adequately similar catalogue candidate in France; closest was Le Gabriel - La Reserve Paris (Paris) at name_sim=0.21.,,
2014,32,Attica,Australia,unmatched,"Country ""Australia"" has no restaurants in the catalogue universe.",,
2014,36,Maní,Brazil,unmatched,No adequately similar catalogue candidate in Brazil; closest was Lasai (Rio de Janeiro) at name_sim=0.44.,,
2014,37,Restaurant André,Singapore,unmatched,No adequately similar catalogue candidate in Singapore; closest was Odette (Singapore) at name_sim=0.36.,,
2014,38,L'Astrance,France,unmatched,No adequately similar catalogue candidate in France; closest was Anne (Paris) at name_sim=0.46.,,
2014,40,Daniel,USA,unmatched,No adequately similar catalogue candidate in United States; closest was Atera (New York) at name_sim=0.36.,,
2014,47,The Fat Duck,UK,unmatched,No adequately similar catalogue candidate in United Kingdom; closest was Alain Ducasse at The Dorchester (London) at name_sim=0.31.,,
2014,48,The Test Kitchen,South Africa,unmatched,"Country ""South Africa"" has no restaurants in the catalogue universe.",,
2014,49,Coi,USA,closed,Permanently closed 2023.,,
2014,50,Waku Ghin,Singapore,unmatched,No adequately similar catalogue candidate in Singapore; closest was Les Amis (Singapore) at name_sim=0.24.,,
2014,51,Combal.Zero Rivoli,Italy,unmatched,No adequately similar catalogue candidate in Italy; closest was Castel fine dining (Tirolo) at name_sim=0.44.,,
2014,53,Relae,Denmark,closed,Permanently closed 2021 (chef Christian Puglisi's decision).,,
2014,55,St John,UK,unmatched,No adequately similar catalogue candidate in United Kingdom; closest was Kol (London) at name_sim=0.2.,,
2014,56,Le Louis XV,Monaco,unmatched,"Country ""Monaco"" has no restaurants in the catalogue universe.",,
2014,57,Tickets,Spain,unmatched,No adequately similar catalogue candidate in Spain; closest was Moments (Barcelona) at name_sim=0.43.,,
2014,58,Ultraviolet by Paul Pairet,China,unmatched,No adequately similar catalogue candidate in China; closest was Xin Rong Ji (Xinyuan South Road) (Beijing) at name_sim=0.15.,,
2014,59,Biko,Mexico,unmatched,No adequately similar catalogue candidate in Mexico; closest was Quintonil (Mexico City) at name_sim=0.31.,,
2014,60,Quay,Australia,unmatched,"Country ""Australia"" has no restaurants in the catalogue universe.",,
2014,61,In De Wulf,Belgium,unmatched,No adequately similar catalogue candidate in Belgium; closest was Zilte (Antwerp) at name_sim=0.33.,,
2014,62,Manresa,California,closed,"Permanently closed 2023 (kitchen fire, then chef departure).",,
2014,63,Hedone London,UK,unmatched,No adequately similar catalogue candidate in United Kingdom; closest was Kol (London) at name_sim=0.25.,,
2014,64,Momofuku Ssäm Bar,USA,unmatched,No adequately similar catalogue candidate in United States; closest was Chef's Table at Brooklyn Fare (New York) at name_sim=0.33.,,
2014,65,Hertog Jan,Belgium,unmatched,No adequately similar catalogue candidate in Belgium; closest was De Jonkman (Bruges) at name_sim=0.35.,,
2014,68,Nomad,USA,unmatched,No adequately similar catalogue candidate in United States; closest was odo (New York) at name_sim=0.5.,,
2014,70,Momofuku Ko,USA,unmatched,No adequately similar catalogue candidate in United States; closest was Joo Ok (New York) at name_sim=0.35.,,
2014,71,White Rabbit,Russia,unmatched,"Country ""Russia"" has no restaurants in the catalogue universe.",,
2014,72,The Tasting Room at Le Quartier Français,South Africa,unmatched,"Country ""South Africa"" has no restaurants in the catalogue universe.",,
2014,73,Bras,France,unmatched,No adequately similar catalogue candidate in France; closest was Le Gabriel - La Reserve Paris (Paris) at name_sim=0.32.,,
2014,74,41 Grados,Spain,unmatched,No adequately similar catalogue candidate in Spain; closest was Cocina Hermanos Torres (Barcelona) at name_sim=0.32.,,
2014,75,Alain Ducasse au Plaza Athénée,France,unmatched,No adequately similar catalogue candidate in France; closest was Le Gabriel - La Reserve Paris (Paris) at name_sim=0.33.,,
2014,76,Mr & Mrs Bund,China,unmatched,No adequately similar catalogue candidate in China; closest was King's Joy (Beijing) at name_sim=0.2.,,
2014,77,Zuma,UAE,unmatched,No adequately similar catalogue candidate in United Arab Emirates; closest was FZN by Bjorn Frantzen (Dubai) at name_sim=0.18.,,
2014,80,Restaurant at Meadowood,USA,unmatched,No adequately similar catalogue candidate in United States; closest was Kato (Los Angeles) at name_sim=0.31.,,
2014,81,La Petite Maison,UAE,unmatched,No adequately similar catalogue candidate in United Arab Emirates; closest was Tresind Studio (Dubai) at name_sim=0.3.,,
2014,82,La Grenouillere La Madelaine sous,France,unmatched,No adequately similar catalogue candidate in France; closest was Le Gabriel - La Reserve Paris (Paris) at name_sim=0.42.,,
2014,84,Iggy's,Singapore,unmatched,No adequately similar catalogue candidate in Singapore; closest was Les Amis (Singapore) at name_sim=0.31.,,
2014,87,The Clove Club,UK,unmatched,No adequately similar catalogue candidate in United Kingdom; closest was Alain Ducasse at The Dorchester (London) at name_sim=0.24.,,
2014,88,L'Epicure,France,ambiguous,"Closest catalogue candidate rest_0304 (Plénitude, Paris, France) name_sim=0.59 city_sim=1.0 — insufficient corroboration to accept.",rest_0304,low
2014,92,Pierre Gagnaire,France,unmatched,No adequately similar catalogue candidate in France; closest was Le Gabriel - La Reserve Paris (Paris) at name_sim=0.39.,,
2014,93,Marea,USA,ambiguous,"Closest catalogue candidate rest_0761 (Atera, New York, United States) name_sim=0.6 city_sim=1.0 — insufficient corroboration to accept.",rest_0761,low
2014,95,Malabar,Peru,unmatched,No adequately similar catalogue candidate in Peru; closest was Mayta (Lima) at name_sim=0.5.,,
2014,99,Ishikawa,Japan,ambiguous,"Closest catalogue candidate rest_0310 (Narisawa, Tokyo, Japan) name_sim=0.62 city_sim=1.0 — insufficient corroboration to accept.",rest_0310,low
2014,100,Jaan,Singapore,unmatched,No adequately similar catalogue candidate in Singapore; closest was Zen (Singapore) at name_sim=0.29.,,
2015,3,Noma,Denmark,unmatched,No adequately similar catalogue candidate in Denmark; closest was Geranium (Copenhagen) at name_sim=0.33.,,
2015,4,Central,Peru,unmatched,No adequately similar catalogue candidate in Peru; closest was Mayta (Lima) at name_sim=0.33.,,
2015,7,Dinner by Heston Blumenthal,UK,unmatched,No adequately similar catalogue candidate in United Kingdom; closest was Alain Ducasse at The Dorchester (London) at name_sim=0.38.,,
2015,9,D.O.M.,Brazil,unmatched,No adequately similar catalogue candidate in Brazil; closest was Lasai (Rio de Janeiro) at name_sim=0.0.,,
2015,11,Mirazur,France,unmatched,No adequately similar catalogue candidate in France; closest was Le Gabriel - La Reserve Paris (Paris) at name_sim=0.29.,,
2015,14,Astrid y Gastón,Peru,unmatched,No adequately similar catalogue candidate in Peru; closest was Maido (Lima) at name_sim=0.4.,,
2015,20,The Ledbury,UK,unmatched,No adequately similar catalogue candidate in United Kingdom; closest was Alain Ducasse at The Dorchester (London) at name_sim=0.26.,,
2015,21,Le Chateaubriand,France,unmatched,No adequately similar catalogue candidate in France; closest was Table by Bruno Verjus (Paris) at name_sim=0.32.,,
2015,22,Nahm,Thailand,closed,Bangkok original closed 2023 (chef David Thompson's retirement).,,
2015,23,White Rabbit,Russia,unmatched,"Country ""Russia"" has no restaurants in the catalogue universe.",,
2015,24,Ultraviolet by Paul Pairet,China,unmatched,No adequately similar catalogue candidate in China; closest was Xin Rong Ji (Xinyuan South Road) (Beijing) at name_sim=0.15.,,
2015,25,Fäviken,Sweden,closed,Permanently closed 2019 (chef Magnus Nilsson's decision).,,
2015,28,The Test Kitchen,South Africa,unmatched,"Country ""South Africa"" has no restaurants in the catalogue universe.",,
2015,32,Attica,Australia,unmatched,"Country ""Australia"" has no restaurants in the catalogue universe.",,
2015,36,L'Astrance,France,unmatched,No adequately similar catalogue candidate in France; closest was Anne (Paris) at name_sim=0.46.,,
2015,37,Biko,Mexico,unmatched,No adequately similar catalogue candidate in Mexico; closest was Quintonil (Mexico City) at name_sim=0.31.,,
2015,41,Maní,Brazil,unmatched,No adequately similar catalogue candidate in Brazil; closest was Lasai (Rio de Janeiro) at name_sim=0.44.,,
2015,43,Tickets,Spain,unmatched,No adequately similar catalogue candidate in Spain; closest was Moments (Barcelona) at name_sim=0.43.,,
2015,45,Relae,Denmark,closed,Permanently closed 2021 (chef Christian Puglisi's decision).,,
2015,46,Restaurant André,Singapore,unmatched,No adequately similar catalogue candidate in Singapore; closest was Odette (Singapore) at name_sim=0.36.,,
2015,47,Alain Ducasse au Plaza Athénée,France,unmatched,No adequately similar catalogue candidate in France; closest was Le Gabriel - La Reserve Paris (Paris) at name_sim=0.33.,,
2015,53,Hertog Jan,Belgium,unmatched,No adequately similar catalogue candidate in Belgium; closest was De Jonkman (Bruges) at name_sim=0.35.,,
2015,55,The Clove Club,UK,unmatched,No adequately similar catalogue candidate in United Kingdom; closest was Alain Ducasse at The Dorchester (London) at name_sim=0.24.,,
2015,58,Quay,Australia,unmatched,"Country ""Australia"" has no restaurants in the catalogue universe.",,
2015,60,Hedone,UK,unmatched,No adequately similar catalogue candidate in United Kingdom; closest was Kol (London) at name_sim=0.22.,,
2015,63,L'Atelier Saint-Germain de Joël Robuchon,France,unmatched,No adequately similar catalogue candidate in France; closest was Le Gabriel - La Reserve Paris (Paris) at name_sim=0.21.,,
2015,65,Combal Zero,Italy,closed,Closed 2019 (chef Davide Scabin closed the restaurant).,,
2015,66,Amass,Denmark,closed,Permanently closed 2023.,,
2015,67,Nomad,USA,unmatched,No adequately similar catalogue candidate in United States; closest was odo (New York) at name_sim=0.5.,,
2015,68,Nerua,Spain,unmatched,No adequately similar catalogue candidate in Spain; closest was Disfrutar (Barcelona) at name_sim=0.43.,,
2015,69,Momofuku Ko,USA,unmatched,No adequately similar catalogue candidate in United States; closest was Joo Ok (New York) at name_sim=0.35.,,
2015,70,Waku Ghin,Singapore,unmatched,No adequately similar catalogue candidate in Singapore; closest was Les Amis (Singapore) at name_sim=0.24.,,
2015,72,Restaurant At Meadowood,USA,unmatched,No adequately similar catalogue candidate in United States; closest was Kato (Los Angeles) at name_sim=0.31.,,
2015,73,The Fat Duck,UK,unmatched,No adequately similar catalogue candidate in United Kingdom; closest was Alain Ducasse at The Dorchester (London) at name_sim=0.31.,,
2015,74,Jaan,Singapore,unmatched,No adequately similar catalogue candidate in Singapore; closest was Zen (Singapore) at name_sim=0.29.,,
2015,75,Coi,USA,closed,Permanently closed 2023.,,
2015,76,Fu He Hui,China,unmatched,No adequately similar catalogue candidate in China; closest was Xin Rong Ji (Xinyuan South Road) (Beijing) at name_sim=0.21.,,
2015,77,Indian Accent,India,unmatched,"Country ""India"" has no restaurants in the catalogue universe.",,
2015,78,La Maison Troisgros,France,unmatched,No adequately similar catalogue candidate in France; closest was Arpège (Paris) at name_sim=0.27.,,
2015,79,Ryunique,South Korea,unmatched,No adequately similar catalogue candidate in South Korea; closest was Mingles (Seoul) at name_sim=0.27.,,
2015,80,Daniel,USA,unmatched,No adequately similar catalogue candidate in United States; closest was Atera (New York) at name_sim=0.36.,,
2015,81,Joe Beef,Canada,unmatched,"Country ""Canada"" has no restaurants in the catalogue universe.",,
2015,82,Le Louis XV,Monaco,unmatched,"Country ""Monaco"" has no restaurants in the catalogue universe.",,
2015,83,Tegui,Argentina,unmatched,No adequately similar catalogue candidate in Argentina; closest was Don Julio (Buenos Aires) at name_sim=0.29.,,
2015,84,Sepia,Australia,unmatched,"Country ""Australia"" has no restaurants in the catalogue universe.",,
2015,87,Brae,Australia,unmatched,"Country ""Australia"" has no restaurants in the catalogue universe.",,
2015,88,The Tasting Room at Le Quartier Français,South Africa,unmatched,"Country ""South Africa"" has no restaurants in the catalogue universe.",,
2015,88,Zuma,UAE,unmatched,No adequately similar catalogue candidate in United Arab Emirates; closest was FZN by Bjorn Frantzen (Dubai) at name_sim=0.18.,,
2015,90,Estela,USA,unmatched,No adequately similar catalogue candidate in United States; closest was Atera (New York) at name_sim=0.55.,,
2015,92,St John,UK,unmatched,No adequately similar catalogue candidate in United Kingdom; closest was Kol (London) at name_sim=0.2.,,
2015,93,Jungsik,South Korea,unmatched,No adequately similar catalogue candidate in South Korea; closest was Mingles (Seoul) at name_sim=0.43.,,
2015,94,Masa,USA,ambiguous,"Closest catalogue candidate rest_0760 (Aska, New York, United States) name_sim=0.75 city_sim=1.0 — insufficient corroboration to accept.",rest_0760,low
2015,95,Fu1015,China,unmatched,No adequately similar catalogue candidate in China; closest was Xin Rong Ji (Xinyuan South Road) (Beijing) at name_sim=0.06.,,
2015,96,Mikla,Turkey,unmatched,No adequately similar catalogue candidate in Turkey; closest was Araka (Istanbul) at name_sim=0.4.,,
2015,97,Esperanto,Sweden,unmatched,No adequately similar catalogue candidate in Sweden; closest was Frantzén (Stockholm) at name_sim=0.47.,,
2015,98,Vila Joya,Portugal,unmatched,No adequately similar catalogue candidate in Portugal; closest was Belcanto (Lisbon) at name_sim=0.35.,,
2015,100,Manresa,USA,ambiguous,"Closest catalogue candidate rest_0772 (Alinea, Chicago, United States) name_sim=0.62 city_sim=0.12 — insufficient corroboration to accept.",rest_0772,low
2016,4,Central,Peru,unmatched,No adequately similar catalogue candidate in Peru; closest was Mayta (Lima) at name_sim=0.33.,,
2016,5,Noma,Denmark,unmatched,No adequately similar catalogue candidate in Denmark; closest was Geranium (Copenhagen) at name_sim=0.33.,,
2016,6,Mirazur,France,unmatched,No adequately similar catalogue candidate in France; closest was Le Gabriel - La Reserve Paris (Paris) at name_sim=0.29.,,
2016,11,D.O.M.,Brazil,unmatched,No adequately similar catalogue candidate in Brazil; closest was Lasai (Rio de Janeiro) at name_sim=0.0.,,
2016,14,The Ledbury,UK,unmatched,No adequately similar catalogue candidate in United Kingdom; closest was Alain Ducasse at The Dorchester (London) at name_sim=0.26.,,
2016,18,White Rabbit,Russia,unmatched,"Country ""Russia"" has no restaurants in the catalogue universe.",,
2016,22,The Test Kitchen,South Africa,unmatched,"Country ""South Africa"" has no restaurants in the catalogue universe.",,
2016,26,The Clove Club,UK,unmatched,No adequately similar catalogue candidate in United Kingdom; closest was Alain Ducasse at The Dorchester (London) at name_sim=0.24.,,
2016,29,Tickets,Spain,unmatched,No adequately similar catalogue candidate in Spain; closest was Moments (Barcelona) at name_sim=0.43.,,
2016,30,Astrid y Gastón,Peru,unmatched,No adequately similar catalogue candidate in Peru; closest was Maido (Lima) at name_sim=0.4.,,
2016,32,Restaurant André,Singapore,unmatched,No adequately similar catalogue candidate in Singapore; closest was Odette (Singapore) at name_sim=0.36.,,
2016,33,Attica,Australia,unmatched,"Country ""Australia"" has no restaurants in the catalogue universe.",,
2016,37,Nahm,Thailand,closed,Bangkok original closed 2023 (chef David Thompson's retirement).,,
2016,40,Relae,Denmark,closed,Permanently closed 2021 (chef Christian Puglisi's decision).,,
2016,41,Fäviken,Sweden,closed,Permanently closed 2019 (chef Magnus Nilsson's decision).,,
2016,42,Ultraviolet by Paul Pairet,China,unmatched,No adequately similar catalogue candidate in China; closest was Xin Rong Ji (Xinyuan South Road) (Beijing) at name_sim=0.15.,,
2016,43,Biko,Mexico,unmatched,No adequately similar catalogue candidate in Mexico; closest was Quintonil (Mexico City) at name_sim=0.31.,,
2016,44,Estela,USA,unmatched,No adequately similar catalogue candidate in United States; closest was Atera (New York) at name_sim=0.55.,,
2016,45,Dinner by Heston Blumenthal,UK,unmatched,No adequately similar catalogue candidate in United Kingdom; closest was Alain Ducasse at The Dorchester (London) at name_sim=0.38.,,
2016,46,Combal Zero,Italy,closed,Closed 2019 (chef Davide Scabin closed the restaurant).,,
2016,51,Maní,Brazil,unmatched,No adequately similar catalogue candidate in Brazil; closest was Lasai (Rio de Janeiro) at name_sim=0.44.,,
2016,54,The Jane,Belgium,unmatched,No adequately similar catalogue candidate in Belgium; closest was Hertog Jan at Botanic (Antwerp) at name_sim=0.27.,,
2016,55,Nerua,Spain,unmatched,No adequately similar catalogue candidate in Spain; closest was Disfrutar (Barcelona) at name_sim=0.43.,,
2016,56,Mikla,Turkey,unmatched,No adequately similar catalogue candidate in Turkey; closest was Araka (Istanbul) at name_sim=0.4.,,
2016,57,L'Astrance,France,unmatched,No adequately similar catalogue candidate in France; closest was Anne (Paris) at name_sim=0.46.,,
2016,58,Alain Ducasse au Plaza Athénée,France,unmatched,No adequately similar catalogue candidate in France; closest was Le Gabriel - La Reserve Paris (Paris) at name_sim=0.33.,,
2016,60,Hedone,UK,unmatched,No adequately similar catalogue candidate in United Kingdom; closest was Kol (London) at name_sim=0.22.,,
2016,62,La Grenouillere,France,unmatched,No adequately similar catalogue candidate in France; closest was Plénitude (Paris) at name_sim=0.38.,,
2016,65,Brae,Australia,unmatched,"Country ""Australia"" has no restaurants in the catalogue universe.",,
2016,65,Lyle's,UK,unmatched,No adequately similar catalogue candidate in United Kingdom; closest was Kol (London) at name_sim=0.25.,,
2016,67,The Restaurant at Meadowood,USA,unmatched,No adequately similar catalogue candidate in United States; closest was Kato (Los Angeles) at name_sim=0.31.,,
2016,68,Tegui,Argentina,unmatched,No adequately similar catalogue candidate in Argentina; closest was Don Julio (Buenos Aires) at name_sim=0.29.,,
2016,69,Epicure,France,ambiguous,"Closest catalogue candidate rest_0322 (Septime, Paris, France) name_sim=0.57 city_sim=1.0 — insufficient corroboration to accept.",rest_0322,low
2016,70,Burnt Ends,Singapore,unmatched,No adequately similar catalogue candidate in Singapore; closest was Zen (Singapore) at name_sim=0.31.,,
2016,71,Daniel,USA,unmatched,No adequately similar catalogue candidate in United States; closest was Atera (New York) at name_sim=0.36.,,
2016,72,Pavillon Ledoyen,France,unmatched,No adequately similar catalogue candidate in France; closest was Plénitude (Paris) at name_sim=0.4.,,
2016,73,Hertog Jan,Belgium,unmatched,No adequately similar catalogue candidate in Belgium; closest was De Jonkman (Bruges) at name_sim=0.35.,,
2016,74,Le Chateaubriand,France,unmatched,No adequately similar catalogue candidate in France; closest was Table by Bruno Verjus (Paris) at name_sim=0.32.,,
2016,75,Twins,Russia,unmatched,"Country ""Russia"" has no restaurants in the catalogue universe.",,
2016,76,La Colombe,South Africa,unmatched,"Country ""South Africa"" has no restaurants in the catalogue universe.",,
2016,80,L'Atelier Saint-Germain de Joël Robuchon,France,unmatched,No adequately similar catalogue candidate in France; closest was Le Gabriel - La Reserve Paris (Paris) at name_sim=0.21.,,
2016,83,Manresa,USA,ambiguous,"Closest catalogue candidate rest_0772 (Alinea, Chicago, United States) name_sim=0.62 city_sim=0.12 — insufficient corroboration to accept.",rest_0772,low
2016,87,Indian Accent,India,unmatched,"Country ""India"" has no restaurants in the catalogue universe.",,
2016,89,Zuma,UAE,unmatched,No adequately similar catalogue candidate in United Arab Emirates; closest was FZN by Bjorn Frantzen (Dubai) at name_sim=0.18.,,
2016,91,St John,UK,unmatched,No adequately similar catalogue candidate in United Kingdom; closest was Kol (London) at name_sim=0.2.,,
2016,93,Daniel Berlin,Sweden,unmatched,No adequately similar catalogue candidate in Sweden; closest was Frantzén (Stockholm) at name_sim=0.38.,,
2016,94,Bras,France,unmatched,No adequately similar catalogue candidate in France; closest was Le Gabriel - La Reserve Paris (Paris) at name_sim=0.32.,,
2016,96,Cosme,USA,unmatched,No adequately similar catalogue candidate in United States; closest was César (New York) at name_sim=0.4.,,
2016,97,Momofuku Ko,USA,unmatched,No adequately similar catalogue candidate in United States; closest was Joo Ok (New York) at name_sim=0.35.,,
2016,98,Quay,Australia,unmatched,"Country ""Australia"" has no restaurants in the catalogue universe.",,
2016,99,La Petite Maison,UAE,unmatched,No adequately similar catalogue candidate in United Arab Emirates; closest was Tresind Studio (Dubai) at name_sim=0.3.,,
2016,100,Chestnaya Kuhnya,Russia,unmatched,"Country ""Russia"" has no restaurants in the catalogue universe.",,
2017,4,Mirazur,France,unmatched,No adequately similar catalogue candidate in France; closest was Le Gabriel - La Reserve Paris (Paris) at name_sim=0.29.,,
2017,5,Central,Peru,unmatched,No adequately similar catalogue candidate in Peru; closest was Mayta (Lima) at name_sim=0.33.,,
2017,13,Alain Ducasse au Plaza Athénée,France,unmatched,No adequately similar catalogue candidate in France; closest was Le Gabriel - La Reserve Paris (Paris) at name_sim=0.33.,,
2017,14,Restaurant André,Singapore,unmatched,No adequately similar catalogue candidate in Singapore; closest was Odette (Singapore) at name_sim=0.36.,,
2017,16,D.O.M.,Brazil,unmatched,No adequately similar catalogue candidate in Brazil; closest was Lasai (Rio de Janeiro) at name_sim=0.0.,,
2017,23,White Rabbit,Russia,unmatched,"Country ""Russia"" has no restaurants in the catalogue universe.",,
2017,25,Tickets,Spain,unmatched,No adequately similar catalogue candidate in Spain; closest was Moments (Barcelona) at name_sim=0.43.,,
2017,26,The Clove Club,UK,unmatched,No adequately similar catalogue candidate in United Kingdom; closest was Alain Ducasse at The Dorchester (London) at name_sim=0.24.,,
2017,27,The Ledbury,UK,unmatched,No adequately similar catalogue candidate in United Kingdom; closest was Alain Ducasse at The Dorchester (London) at name_sim=0.26.,,
2017,28,Nahm,Thailand,closed,Bangkok original closed 2023 (chef David Thompson's retirement).,,
2017,31,Alléno Paris au Pavillon Ledoyen,France,unmatched,No adequately similar catalogue candidate in France; closest was Le Gabriel - La Reserve Paris (Paris) at name_sim=0.36.,,
2017,32,Attica,Australia,unmatched,"Country ""Australia"" has no restaurants in the catalogue universe.",,
2017,33,Astrid y Gastón,Peru,unmatched,No adequately similar catalogue candidate in Peru; closest was Maido (Lima) at name_sim=0.4.,,
2017,36,Dinner by Heston Blumenthal,UK,unmatched,No adequately similar catalogue candidate in United Kingdom; closest was Alain Ducasse at The Dorchester (London) at name_sim=0.38.,,
2017,39,Relae,Denmark,closed,Permanently closed 2021 (chef Christian Puglisi's decision).,,
2017,40,Cosme,USA,unmatched,No adequately similar catalogue candidate in United States; closest was César (New York) at name_sim=0.4.,,
2017,41,Ultraviolet by Paul Pairet,China,unmatched,No adequately similar catalogue candidate in China; closest was Xin Rong Ji (Xinyuan South Road) (Beijing) at name_sim=0.15.,,
2017,44,Brae,Australia,unmatched,"Country ""Australia"" has no restaurants in the catalogue universe.",,
2017,46,L'Astrance,France,unmatched,No adequately similar catalogue candidate in France; closest was Anne (Paris) at name_sim=0.46.,,
2017,49,Tegui,Argentina,unmatched,No adequately similar catalogue candidate in Argentina; closest was Don Julio (Buenos Aires) at name_sim=0.29.,,
2017,51,Mikla,Turkey,unmatched,No adequately similar catalogue candidate in Turkey; closest was Araka (Istanbul) at name_sim=0.4.,,
2017,53,Burnt Ends,Singapore,unmatched,No adequately similar catalogue candidate in Singapore; closest was Zen (Singapore) at name_sim=0.31.,,
2017,54,Lyle's,UK,unmatched,No adequately similar catalogue candidate in United Kingdom; closest was Kol (London) at name_sim=0.25.,,
2017,56,Nerua,Spain,unmatched,No adequately similar catalogue candidate in Spain; closest was Disfrutar (Barcelona) at name_sim=0.43.,,
2017,57,Faviken,Sweden,closed,Permanently closed 2019 (chef Magnus Nilsson's decision).,,
2017,58,Momofuku Ko,USA,unmatched,No adequately similar catalogue candidate in United States; closest was Joo Ok (New York) at name_sim=0.35.,,
2017,59,Combal Zero,Italy,closed,Closed 2019 (chef Davide Scabin closed the restaurant).,,
2017,61,Hertog Jan,Belgium,unmatched,No adequately similar catalogue candidate in Belgium; closest was De Jonkman (Bruges) at name_sim=0.35.,,
2017,63,The Test Kitchen,South Africa,unmatched,"Country ""South Africa"" has no restaurants in the catalogue universe.",,
2017,64,La Grenouillere,France,unmatched,No adequately similar catalogue candidate in France; closest was Plénitude (Paris) at name_sim=0.38.,,
2017,65,Biko,Mexico,unmatched,No adequately similar catalogue candidate in Mexico; closest was Quintonil (Mexico City) at name_sim=0.31.,,
2017,66,Estela,USA,unmatched,No adequately similar catalogue candidate in United States; closest was Atera (New York) at name_sim=0.55.,,
2017,73,La Colombe,South Africa,unmatched,"Country ""South Africa"" has no restaurants in the catalogue universe.",,
2017,74,The Jane,Belgium,unmatched,No adequately similar catalogue candidate in Belgium; closest was Hertog Jan at Botanic (Antwerp) at name_sim=0.27.,,
2017,75,Sud 777,Mexico,unmatched,No adequately similar catalogue candidate in Mexico; closest was Pujol (Mexico City) at name_sim=0.17.,,
2017,78,Indian Accent,India,unmatched,"Country ""India"" has no restaurants in the catalogue universe.",,
2017,80,Le Cinq,France,unmatched,No adequately similar catalogue candidate in France; closest was Anne (Paris) at name_sim=0.25.,,
2017,81,Maní,Brazil,unmatched,No adequately similar catalogue candidate in Brazil; closest was Lasai (Rio de Janeiro) at name_sim=0.44.,,
2017,84,The Restaurant at Meadowood,USA,unmatched,No adequately similar catalogue candidate in United States; closest was Kato (Los Angeles) at name_sim=0.31.,,
2017,88,Selfie,Russia,unmatched,"Country ""Russia"" has no restaurants in the catalogue universe.",,
2017,90,Manresa,USA,ambiguous,"Closest catalogue candidate rest_0772 (Alinea, Chicago, United States) name_sim=0.62 city_sim=0.12 — insufficient corroboration to accept.",rest_0772,low
2017,91,St John,UK,unmatched,No adequately similar catalogue candidate in United Kingdom; closest was Kol (London) at name_sim=0.2.,,
2017,92,Twins,Russia,unmatched,"Country ""Russia"" has no restaurants in the catalogue universe.",,
2017,93,Le Chateaubriand,France,unmatched,No adequately similar catalogue candidate in France; closest was Table by Bruno Verjus (Paris) at name_sim=0.32.,,
2017,95,Quay,Australia,unmatched,"Country ""Australia"" has no restaurants in the catalogue universe.",,
2017,96,Epicure,France,ambiguous,"Closest catalogue candidate rest_0322 (Septime, Paris, France) name_sim=0.57 city_sim=1.0 — insufficient corroboration to accept.",rest_0322,low
2017,97,Sushi Saito,Japan,ambiguous,"Closest catalogue candidate rest_0656 (Sushi Hashimoto, Tokyo, Japan) name_sim=0.77 city_sim=1.0 — insufficient corroboration to accept.",rest_0656,low
2017,98,Hedone,UK,unmatched,No adequately similar catalogue candidate in United Kingdom; closest was Kol (London) at name_sim=0.22.,,
2017,100,Olympe,Brazil,unmatched,No adequately similar catalogue candidate in Brazil; closest was Lasai (Rio de Janeiro) at name_sim=0.18.,,
2018,3,Mirazur,France,unmatched,No adequately similar catalogue candidate in France; closest was Le Gabriel - La Reserve Paris (Paris) at name_sim=0.29.,,
2018,6,Central,Peru,unmatched,No adequately similar catalogue candidate in Peru; closest was Mayta (Lima) at name_sim=0.33.,,
2018,15,White Rabbit,Russia,unmatched,"Country ""Russia"" has no restaurants in the catalogue universe.",,
2018,20,Attica,Australia,unmatched,"Country ""Australia"" has no restaurants in the catalogue universe.",,
2018,21,Alain Ducasse au Plaza Athénée,France,unmatched,No adequately similar catalogue candidate in France; closest was Le Gabriel - La Reserve Paris (Paris) at name_sim=0.33.,,
2018,24,Ultraviolet by Paul Pairet,China,unmatched,No adequately similar catalogue candidate in China; closest was Xin Rong Ji (Xinyuan South Road) (Beijing) at name_sim=0.15.,,
2018,25,Cosme,USA,unmatched,No adequately similar catalogue candidate in United States; closest was César (New York) at name_sim=0.4.,,
2018,29,Alléno Paris au Pavillon Ledoyen,France,unmatched,No adequately similar catalogue candidate in France; closest was Le Gabriel - La Reserve Paris (Paris) at name_sim=0.36.,,
2018,30,D.O.M,Brazil,unmatched,No adequately similar catalogue candidate in Brazil; closest was Lasai (Rio de Janeiro) at name_sim=0.0.,,
2018,32,Tickets,Spain,unmatched,No adequately similar catalogue candidate in Spain; closest was Moments (Barcelona) at name_sim=0.43.,,
2018,33,The Clove Club,UK,unmatched,No adequately similar catalogue candidate in United Kingdom; closest was Alain Ducasse at The Dorchester (London) at name_sim=0.24.,,
2018,38,Lyle's,UK,unmatched,No adequately similar catalogue candidate in United Kingdom; closest was Kol (London) at name_sim=0.25.,,
2018,39,Astrid y Gastón,Peru,unmatched,No adequately similar catalogue candidate in Peru; closest was Maido (Lima) at name_sim=0.4.,,
2018,42,The Ledbury,UK,unmatched,No adequately similar catalogue candidate in United Kingdom; closest was Alain Ducasse at The Dorchester (London) at name_sim=0.26.,,
2018,44,Mikla,Turkey,unmatched,No adequately similar catalogue candidate in Turkey; closest was Araka (Istanbul) at name_sim=0.4.,,
2018,45,Dinner by Heston Blumenthal,UK,unmatched,No adequately similar catalogue candidate in United Kingdom; closest was Alain Ducasse at The Dorchester (London) at name_sim=0.38.,,
2018,49,Nahm,Thailand,closed,Bangkok original closed 2023 (chef David Thompson's retirement).,,
2018,50,The Test Kitchen,South Africa,unmatched,"Country ""South Africa"" has no restaurants in the catalogue universe.",,
2018,52,L'Astrance,France,unmatched,No adequately similar catalogue candidate in France; closest was Anne (Paris) at name_sim=0.46.,,
2018,57,Nerua,Spain,unmatched,No adequately similar catalogue candidate in Spain; closest was Disfrutar (Barcelona) at name_sim=0.43.,,
2018,58,Brae,Australia,unmatched,"Country ""Australia"" has no restaurants in the catalogue universe.",,
2018,60,Tegui,Argentina,unmatched,No adequately similar catalogue candidate in Argentina; closest was Don Julio (Buenos Aires) at name_sim=0.29.,,
2018,61,Burnt Ends,Singapore,unmatched,No adequately similar catalogue candidate in Singapore; closest was Zen (Singapore) at name_sim=0.31.,,
2018,62,Momofuku Ko,USA,unmatched,No adequately similar catalogue candidate in United States; closest was Joo Ok (New York) at name_sim=0.35.,,
2018,64,Sud 777,Mexico,unmatched,No adequately similar catalogue candidate in Mexico; closest was Pujol (Mexico City) at name_sim=0.17.,,
2018,67,Fäviken,Sweden,closed,Permanently closed 2019 (chef Magnus Nilsson's decision).,,
2018,70,Selfie,Russia,unmatched,"Country ""Russia"" has no restaurants in the catalogue universe.",,
2018,71,Relae,Denmark,closed,Permanently closed 2021 (chef Christian Puglisi's decision).,,
2018,72,Twins Garden,Russia,unmatched,"Country ""Russia"" has no restaurants in the catalogue universe.",,
2018,74,The Fat Duck,England,unmatched,No adequately similar catalogue candidate in United Kingdom; closest was Alain Ducasse at The Dorchester (London) at name_sim=0.31.,,
2018,79,A Casa do Porco,Brazil,unmatched,No adequately similar catalogue candidate in Brazil; closest was Lasai (Rio de Janeiro) at name_sim=0.33.,,
2018,82,Hedone,UK,unmatched,No adequately similar catalogue candidate in United Kingdom; closest was Kol (London) at name_sim=0.22.,,
2018,83,Estela,USA,unmatched,No adequately similar catalogue candidate in United States; closest was Atera (New York) at name_sim=0.55.,,
2018,84,St John,UK,unmatched,No adequately similar catalogue candidate in United Kingdom; closest was Kol (London) at name_sim=0.2.,,
2018,85,Le Coucou,USA,unmatched,No adequately similar catalogue candidate in United States; closest was odo (New York) at name_sim=0.44.,,
2018,87,Maní,Brazil,unmatched,No adequately similar catalogue candidate in Brazil; closest was Lasai (Rio de Janeiro) at name_sim=0.44.,,
2018,88,Nobelhart & Schmutzig,Germany,unmatched,No adequately similar catalogue candidate in Germany; closest was CODA Dessert Dining (Berlin) at name_sim=0.37.,,
2018,89,The Jane,Belgium,unmatched,No adequately similar catalogue candidate in Belgium; closest was Hertog Jan at Botanic (Antwerp) at name_sim=0.27.,,
2018,90,Indian Accent,India,unmatched,"Country ""India"" has no restaurants in the catalogue universe.",,
2018,94,Alo,Canada,unmatched,"Country ""Canada"" has no restaurants in the catalogue universe.",,
2018,98,108,Denmark,unmatched,No adequately similar catalogue candidate in Denmark; closest was Alchemist (Copenhagen) at name_sim=0.0.,,
2018,99,Leo,Colombia,unmatched,No adequately similar catalogue candidate in Colombia; closest was Celele (Cartagena) at name_sim=0.44.,,
2019,1,Mirazur,France,unmatched,No adequately similar catalogue candidate in France; closest was Le Gabriel - La Reserve Paris (Paris) at name_sim=0.29.,,
2019,2,Noma,Denmark,unmatched,No adequately similar catalogue candidate in Denmark; closest was Geranium (Copenhagen) at name_sim=0.33.,,
2019,6,Central,Peru,unmatched,No adequately similar catalogue candidate in Peru; closest was Mayta (Lima) at name_sim=0.33.,,
2019,13,White Rabbit,Russia,unmatched,"Country ""Russia"" has no restaurants in the catalogue universe.",,
2019,16,Alain Ducasse au Plaza Athénée,France,unmatched,No adequately similar catalogue candidate in France; closest was Le Gabriel - La Reserve Paris (Paris) at name_sim=0.33.,,
2019,19,Twins Garden,Russia,unmatched,"Country ""Russia"" has no restaurants in the catalogue universe.",,
2019,20,Tickets,Spain,unmatched,No adequately similar catalogue candidate in Spain; closest was Moments (Barcelona) at name_sim=0.43.,,
2019,23,Cosme,USA,unmatched,No adequately similar catalogue candidate in United States; closest was César (New York) at name_sim=0.4.,,
2019,25,Alléno Paris au Pavillon Ledoyen,France,unmatched,No adequately similar catalogue candidate in France; closest was Le Gabriel - La Reserve Paris (Paris) at name_sim=0.36.,,
2019,27,The Clove Club,UK,unmatched,No adequately similar catalogue candidate in United Kingdom; closest was Alain Ducasse at The Dorchester (London) at name_sim=0.24.,,
2019,32,Nerua Guggenheim Bilbao,Spain,unmatched,No adequately similar catalogue candidate in Spain; closest was Enigma (Barcelona) at name_sim=0.34.,,
2019,33,Lyle's,UK,unmatched,No adequately similar catalogue candidate in United Kingdom; closest was Kol (London) at name_sim=0.25.,,
2019,39,A Casa do Porco,Brazil,unmatched,No adequately similar catalogue candidate in Brazil; closest was Lasai (Rio de Janeiro) at name_sim=0.33.,,
2019,44,The Test Kitchen,South Africa,unmatched,"Country ""South Africa"" has no restaurants in the catalogue universe.",,
2019,48,Ultraviolet by Paul Pairet,China,unmatched,No adequately similar catalogue candidate in China; closest was Xin Rong Ji (Xinyuan South Road) (Beijing) at name_sim=0.15.,,
2019,49,Leo,Colombia,unmatched,No adequately similar catalogue candidate in Colombia; closest was Celele (Cartagena) at name_sim=0.44.,,
2019,52,Mikla,Turkey,unmatched,No adequately similar catalogue candidate in Turkey; closest was Araka (Istanbul) at name_sim=0.4.,,
2019,54,D.O.M.,Brazil,unmatched,No adequately similar catalogue candidate in Brazil; closest was Lasai (Rio de Janeiro) at name_sim=0.0.,,
2019,56,Relae,Denmark,closed,Permanently closed 2021 (chef Christian Puglisi's decision).,,
2019,57,Nobelhart & Schmutzig,Germany,unmatched,No adequately similar catalogue candidate in Germany; closest was CODA Dessert Dining (Berlin) at name_sim=0.37.,,
2019,58,Sud 777,Mexico,unmatched,No adequately similar catalogue candidate in Mexico; closest was Pujol (Mexico City) at name_sim=0.17.,,
2019,59,Burnt Ends,Singapore,unmatched,No adequately similar catalogue candidate in Singapore; closest was Zen (Singapore) at name_sim=0.31.,,
2019,60,Indian Accent,India,unmatched,"Country ""India"" has no restaurants in the catalogue universe.",,
2019,64,The Ledbury,UK,unmatched,No adequately similar catalogue candidate in United Kingdom; closest was Alain Ducasse at The Dorchester (London) at name_sim=0.26.,,
2019,65,Selfie,Russia,unmatched,"Country ""Russia"" has no restaurants in the catalogue universe.",,
2019,66,Core by Clare Smyth,UK,unmatched,No adequately similar catalogue candidate in United Kingdom; closest was Alain Ducasse at The Dorchester (London) at name_sim=0.25.,,
2019,67,Astrid y Gastón,Peru,unmatched,No adequately similar catalogue candidate in Peru; closest was Maido (Lima) at name_sim=0.4.,,
2019,68,Fäviken,Sweden,closed,Permanently closed 2019 (chef Magnus Nilsson's decision).,,
2019,69,Nahm,Thailand,closed,Bangkok original closed 2023 (chef David Thompson's retirement).,,
2019,73,Maní,Brazil,unmatched,No adequately similar catalogue candidate in Brazil; closest was Lasai (Rio de Janeiro) at name_sim=0.44.,,
2019,76,Momofuku Ko,USA,unmatched,No adequately similar catalogue candidate in United States; closest was Joo Ok (New York) at name_sim=0.35.,,
2019,80,Estela,USA,unmatched,No adequately similar catalogue candidate in United States; closest was Atera (New York) at name_sim=0.55.,,
2019,83,Dinner by Heston Blumenthal,UK,unmatched,No adequately similar catalogue candidate in United Kingdom; closest was Alain Ducasse at The Dorchester (London) at name_sim=0.38.,,
2019,84,Attica,Australia,unmatched,"Country ""Australia"" has no restaurants in the catalogue universe.",,
2019,85,Amass,Denmark,closed,Permanently closed 2023.,,
2019,86,Tegui,Argentina,unmatched,No adequately similar catalogue candidate in Argentina; closest was Don Julio (Buenos Aires) at name_sim=0.29.,,
2019,89,108,Denmark,unmatched,No adequately similar catalogue candidate in Denmark; closest was Alchemist (Copenhagen) at name_sim=0.0.,,
2019,90,Alo,Canada,unmatched,"Country ""Canada"" has no restaurants in the catalogue universe.",,
2019,91,Sushi Saito,Japan,ambiguous,"Closest catalogue candidate rest_0656 (Sushi Hashimoto, Tokyo, Japan) name_sim=0.77 city_sim=1.0 — insufficient corroboration to accept.",rest_0656,low
2019,92,Harvest,Russia,unmatched,"Country ""Russia"" has no restaurants in the catalogue universe.",,
2019,95,Gaa,Thailand,ambiguous,"Closest catalogue candidate rest_0298 (Gaggan, Bangkok, Thailand) name_sim=0.67 city_sim=1.0 — insufficient corroboration to accept.",rest_0298,low
2019,96,Belon,China,unmatched,No adequately similar catalogue candidate in Hong Kong; closest was Amber (Hong Kong) at name_sim=0.4.,,
2019,98,Anne-Sophie Pic,France,unmatched,No adequately similar catalogue candidate in France; closest was Le Gabriel - La Reserve Paris (Paris) at name_sim=0.44.,,
2019,99,The Jane,Belgium,unmatched,No adequately similar catalogue candidate in Belgium; closest was Hertog Jan at Botanic (Antwerp) at name_sim=0.27.,,
2019,100,Oteque,Brazil,unmatched,No adequately similar catalogue candidate in Brazil; closest was Lasai (Rio de Janeiro) at name_sim=0.0.,,
2019,101,Brae,Australia,unmatched,"Country ""Australia"" has no restaurants in the catalogue universe.",,
2019,104,Cococo,Russia,unmatched,"Country ""Russia"" has no restaurants in the catalogue universe.",,
2019,106,Restaurant David Toutain,France,unmatched,No adequately similar catalogue candidate in France; closest was Anne (Paris) at name_sim=0.24.,,
2019,108,L'Astrance,France,unmatched,No adequately similar catalogue candidate in France; closest was Anne (Paris) at name_sim=0.46.,,
2019,109,Alcalde,Mexico,unmatched,No adequately similar catalogue candidate in Mexico; closest was Pujol (Mexico City) at name_sim=0.17.,,
2019,111,Chambre Séparée,Belgium,unmatched,No adequately similar catalogue candidate in Belgium; closest was Vrijmoed (Ghent) at name_sim=0.17.,,
2019,112,St. John,UK,unmatched,No adequately similar catalogue candidate in United Kingdom; closest was Kol (London) at name_sim=0.2.,,
2019,113,Vea,China,unmatched,No adequately similar catalogue candidate in Hong Kong; closest was Ta Vie (Hong Kong) at name_sim=0.44.,,
2019,114,La Colombe,South Africa,unmatched,"Country ""South Africa"" has no restaurants in the catalogue universe.",,
2019,116,St. Hubertus,Italy,unmatched,No adequately similar catalogue candidate in Italy; closest was I Tenerumi (Vulcano) at name_sim=0.38.,,
2019,117,Epicure,France,ambiguous,"Closest catalogue candidate rest_0322 (Septime, Paris, France) name_sim=0.57 city_sim=1.0 — insufficient corroboration to accept.",rest_0322,low
2019,118,Ernst,Germany,unmatched,No adequately similar catalogue candidate in Germany; closest was Rutz (Berlin) at name_sim=0.44.,,
2019,120,Sugalabo,Japan,unmatched,No adequately similar catalogue candidate in Japan; closest was La Gloire (Tokyo) at name_sim=0.43.,,
2021,1,Noma,Denmark,unmatched,No adequately similar catalogue candidate in Denmark; closest was Geranium (Copenhagen) at name_sim=0.33.,,
2021,4,Central,Peru,unmatched,No adequately similar catalogue candidate in Peru; closest was Mayta (Lima) at name_sim=0.33.,,
2021,17,A Casa do Porco,Brazil,unmatched,No adequately similar catalogue candidate in Brazil; closest was Lasai (Rio de Janeiro) at name_sim=0.33.,,
2021,22,Cosme,USA,unmatched,No adequately similar catalogue candidate in United States; closest was César (New York) at name_sim=0.4.,,
2021,25,White Rabbit,Russia,unmatched,"Country ""Russia"" has no restaurants in the catalogue universe.",,
2021,30,Twins Garden,Russia,unmatched,"Country ""Russia"" has no restaurants in the catalogue universe.",,
2021,32,The Clove Club,UK,unmatched,No adequately similar catalogue candidate in United Kingdom; closest was Alain Ducasse at The Dorchester (London) at name_sim=0.24.,,
2021,33,Lyle's,UK,unmatched,No adequately similar catalogue candidate in United Kingdom; closest was Kol (London) at name_sim=0.25.,,
2021,34,Burnt Ends,Singapore,unmatched,No adequately similar catalogue candidate in Singapore; closest was Zen (Singapore) at name_sim=0.31.,,
2021,35,Ultraviolet by Paul Pairet,China,unmatched,No adequately similar catalogue candidate in China; closest was Xin Rong Ji (Xinyuan South Road) (Beijing) at name_sim=0.15.,,
2021,41,Alléno Paris au Pavillon Ledoyen,France,unmatched,No adequately similar catalogue candidate in France; closest was Le Gabriel - La Reserve Paris (Paris) at name_sim=0.36.,,
2021,45,Nobelhart & Schmutzig,Germany,unmatched,No adequately similar catalogue candidate in Germany; closest was CODA Dessert Dining (Berlin) at name_sim=0.37.,,
2021,46,Leo,Colombia,unmatched,No adequately similar catalogue candidate in Colombia; closest was Celele (Cartagena) at name_sim=0.44.,,
2021,50,Wolfgat,South Africa,unmatched,"Country ""South Africa"" has no restaurants in the catalogue universe.",,
2021,53,Nerua,Spain,unmatched,No adequately similar catalogue candidate in Spain; closest was Disfrutar (Barcelona) at name_sim=0.43.,,
2021,54,St. Hubertus,Italy,unmatched,No adequately similar catalogue candidate in Italy; closest was I Tenerumi (Vulcano) at name_sim=0.38.,,
2021,56,Sud 777,Mexico,unmatched,No adequately similar catalogue candidate in Mexico; closest was Pujol (Mexico City) at name_sim=0.17.,,
2021,57,Brae,Australia,unmatched,"Country ""Australia"" has no restaurants in the catalogue universe.",,
2021,60,Mikla,Turkey,unmatched,No adequately similar catalogue candidate in Turkey; closest was Araka (Istanbul) at name_sim=0.4.,,
2021,61,D.O.M.,Brazil,unmatched,No adequately similar catalogue candidate in Brazil; closest was Lasai (Rio de Janeiro) at name_sim=0.0.,,
2021,64,Core by Clare Smyth,UK,unmatched,No adequately similar catalogue candidate in United Kingdom; closest was Alain Ducasse at The Dorchester (London) at name_sim=0.25.,,
2021,65,Dinner by Heston Blumenthal,UK,unmatched,No adequately similar catalogue candidate in United Kingdom; closest was Alain Ducasse at The Dorchester (London) at name_sim=0.38.,,
2021,66,The Jane,Belgium,unmatched,No adequately similar catalogue candidate in Belgium; closest was Hertog Jan at Botanic (Antwerp) at name_sim=0.27.,,
2021,67,Oteque,Brazil,unmatched,No adequately similar catalogue candidate in Brazil; closest was Lasai (Rio de Janeiro) at name_sim=0.0.,,
2021,68,Alcalde,Mexico,unmatched,No adequately similar catalogue candidate in Mexico; closest was Pujol (Mexico City) at name_sim=0.17.,,
2021,71,Vea,China,unmatched,No adequately similar catalogue candidate in Hong Kong; closest was Ta Vie (Hong Kong) at name_sim=0.44.,,
2021,77,Willem Hiele,Belgium,unmatched,No adequately similar catalogue candidate in Belgium; closest was L'Eau Vive (Arbre) at name_sim=0.48.,,
2021,78,Brat,UK,unmatched,No adequately similar catalogue candidate in United Kingdom; closest was Alain Ducasse at The Dorchester (London) at name_sim=0.14.,,
2021,80,El Chato,Colombia,unmatched,No adequately similar catalogue candidate in Colombia; closest was Celele (Cartagena) at name_sim=0.29.,,
2021,81,La Colombe,South Africa,unmatched,"Country ""South Africa"" has no restaurants in the catalogue universe.",,
2021,82,Indian Accent,India,unmatched,"Country ""India"" has no restaurants in the catalogue universe.",,
2021,83,Epicure,France,ambiguous,"Closest catalogue candidate rest_0322 (Septime, Paris, France) name_sim=0.57 city_sim=1.0 — insufficient corroboration to accept.",rest_0322,low
2021,84,Le Clarence,France,ambiguous,"Closest catalogue candidate rest_0327 (Arpège, Paris, France) name_sim=0.57 city_sim=1.0 — insufficient corroboration to accept.",rest_0327,low
2021,86,Restaurant David Toutain,France,unmatched,No adequately similar catalogue candidate in France; closest was Anne (Paris) at name_sim=0.24.,,
2021,88,Belon,China,unmatched,No adequately similar catalogue candidate in Hong Kong; closest was Amber (Hong Kong) at name_sim=0.4.,,
2021,89,Amass,Denmark,closed,Permanently closed 2023.,,
2021,90,Mil,Peru,unmatched,No adequately similar catalogue candidate in Peru; closest was Maido (Lima) at name_sim=0.5.,,
2021,91,La Grenouillère,France,unmatched,No adequately similar catalogue candidate in France; closest was Plénitude (Paris) at name_sim=0.38.,,
2021,92,Fyn,South Africa,unmatched,"Country ""South Africa"" has no restaurants in the catalogue universe.",,
2021,93,Gaa,Thailand,ambiguous,"Closest catalogue candidate rest_0298 (Gaggan, Bangkok, Thailand) name_sim=0.67 city_sim=1.0 — insufficient corroboration to accept.",rest_0298,low
2021,96,Astrid y Gastón,Peru,unmatched,No adequately similar catalogue candidate in Peru; closest was Maido (Lima) at name_sim=0.4.,,
2021,97,Attica,Australia,unmatched,"Country ""Australia"" has no restaurants in the catalogue universe.",,
2021,98,Alo,Canada,unmatched,"Country ""Canada"" has no restaurants in the catalogue universe.",,
2022,2,Central,Peru,unmatched,No adequately similar catalogue candidate in Peru; closest was Mayta (Lima) at name_sim=0.33.,,
2022,7,A Casa do Porco,Brazil,unmatched,No adequately similar catalogue candidate in Brazil; closest was Lasai (Rio de Janeiro) at name_sim=0.33.,,
2022,17,Nobelhart & Schmutzig,Germany,unmatched,No adequately similar catalogue candidate in Germany; closest was CODA Dessert Dining (Berlin) at name_sim=0.37.,,
2022,23,The Jane,Belgium,unmatched,No adequately similar catalogue candidate in Belgium; closest was Hertog Jan at Botanic (Antwerp) at name_sim=0.27.,,
2022,28,Le Clarence,France,ambiguous,"Closest catalogue candidate rest_0327 (Arpège, Paris, France) name_sim=0.57 city_sim=1.0 — insufficient corroboration to accept.",rest_0327,low
2022,29,St. Hubertus,Italy,unmatched,No adequately similar catalogue candidate in Italy; closest was I Tenerumi (Vulcano) at name_sim=0.38.,,
2022,35,The Clove Club,UK,unmatched,No adequately similar catalogue candidate in United Kingdom; closest was Alain Ducasse at The Dorchester (London) at name_sim=0.24.,,
2022,37,Fyn,South Africa,unmatched,"Country ""South Africa"" has no restaurants in the catalogue universe.",,
2022,47,Oteque,Brazil,unmatched,No adequately similar catalogue candidate in Brazil; closest was Lasai (Rio de Janeiro) at name_sim=0.0.,,
2022,48,Leo,Colombia,unmatched,No adequately similar catalogue candidate in Colombia; closest was Celele (Cartagena) at name_sim=0.44.,,
2022,51,Alcalde,Mexico,unmatched,No adequately similar catalogue candidate in Mexico; closest was Pujol (Mexico City) at name_sim=0.17.,,
2022,52,Sud 777,Mexico,unmatched,No adequately similar catalogue candidate in Mexico; closest was Pujol (Mexico City) at name_sim=0.17.,,
2022,53,D.O.M.,Brazil,unmatched,No adequately similar catalogue candidate in Brazil; closest was Lasai (Rio de Janeiro) at name_sim=0.0.,,
2022,54,Lyle's,UK,unmatched,No adequately similar catalogue candidate in United Kingdom; closest was Kol (London) at name_sim=0.25.,,
2022,56,La Colombe,South Africa,unmatched,"Country ""South Africa"" has no restaurants in the catalogue universe.",,
2022,58,Alléno Paris au Pavillon Ledoyen,France,unmatched,No adequately similar catalogue candidate in France; closest was Le Gabriel - La Reserve Paris (Paris) at name_sim=0.36.,,
2022,61,La Grenouillère,France,unmatched,No adequately similar catalogue candidate in France; closest was Plénitude (Paris) at name_sim=0.38.,,
2022,62,Ernst,Germany,unmatched,No adequately similar catalogue candidate in Germany; closest was Rutz (Berlin) at name_sim=0.44.,,
2022,64,Fu He Hui,China,unmatched,No adequately similar catalogue candidate in China; closest was Xin Rong Ji (Xinyuan South Road) (Beijing) at name_sim=0.21.,,
2022,67,Evvai,Brazil,unmatched,No adequately similar catalogue candidate in Brazil; closest was Lasai (Rio de Janeiro) at name_sim=0.4.,,
2022,69,Cosme,USA,unmatched,No adequately similar catalogue candidate in United States; closest was César (New York) at name_sim=0.4.,,
2022,75,Samrub Samrub Thai,Thailand,unmatched,No adequately similar catalogue candidate in Thailand; closest was Nusara (Bangkok) at name_sim=0.33.,,
2022,76,Neighborhood,Hong Kong,unmatched,No adequately similar catalogue candidate in Hong Kong; closest was T'ang Court (Hong Kong) at name_sim=0.36.,,
2022,79,Estela,USA,unmatched,No adequately similar catalogue candidate in United States; closest was Atera (New York) at name_sim=0.55.,,
2022,80,AM par Alexandre Mazzia,France,unmatched,No adequately similar catalogue candidate in France; closest was Plénitude (Paris) at name_sim=0.38.,,
2022,81,Brat,UK,unmatched,No adequately similar catalogue candidate in United Kingdom; closest was Alain Ducasse at The Dorchester (London) at name_sim=0.14.,,
2022,83,El Chato,Colombia,unmatched,No adequately similar catalogue candidate in Colombia; closest was Celele (Cartagena) at name_sim=0.29.,,
2022,84,Gimlet at Cavendish House,Australia,unmatched,"Country ""Australia"" has no restaurants in the catalogue universe.",,
2022,85,Raan Jay Fai,Thailand,unmatched,No adequately similar catalogue candidate in Thailand; closest was Gaggan (Bangkok) at name_sim=0.33.,,
2022,86,Mikla,Turkey,unmatched,No adequately similar catalogue candidate in Turkey; closest was Araka (Istanbul) at name_sim=0.4.,,
2022,88,Mishiguene,Argentina,unmatched,No adequately similar catalogue candidate in Argentina; closest was Don Julio (Buenos Aires) at name_sim=0.11.,,
2022,89,Máximo Bistrot,Mexico,unmatched,No adequately similar catalogue candidate in Mexico; closest was Rosetta (Mexico City) at name_sim=0.29.,,
2022,90,Wolfgat,South Africa,unmatched,"Country ""South Africa"" has no restaurants in the catalogue universe.",,
2022,92,Indian Accent,India,unmatched,"Country ""India"" has no restaurants in the catalogue universe.",,
2022,94,Burnt Ends,Singapore,unmatched,No adequately similar catalogue candidate in Singapore; closest was Zen (Singapore) at name_sim=0.31.,,
2022,95,Meta,Singapore,unmatched,No adequately similar catalogue candidate in Singapore; closest was Odette (Singapore) at name_sim=0.4.,,
2022,96,Maní,Brazil,unmatched,No adequately similar catalogue candidate in Brazil; closest was Lasai (Rio de Janeiro) at name_sim=0.44.,,
2022,99,Flocons de Sel,France,unmatched,No adequately similar catalogue candidate in France; closest was Plénitude (Paris) at name_sim=0.3.,,
2023,1,Central,Peru,unmatched,No adequately similar catalogue candidate in Peru; closest was Mayta (Lima) at name_sim=0.33.,,
2023,12,A Casa do Porco,Brazil,unmatched,No adequately similar catalogue candidate in Brazil; closest was Lasai (Rio de Janeiro) at name_sim=0.33.,,
2023,33,El Chato,Colombia,unmatched,No adequately similar catalogue candidate in Colombia; closest was Celele (Cartagena) at name_sim=0.29.,,
2023,38,The Clove Club,UK,unmatched,No adequately similar catalogue candidate in United Kingdom; closest was Alain Ducasse at The Dorchester (London) at name_sim=0.24.,,
2023,39,The Jane,Belgium,unmatched,No adequately similar catalogue candidate in Belgium; closest was Hertog Jan at Botanic (Antwerp) at name_sim=0.27.,,
2023,43,Leo,Colombia,unmatched,No adequately similar catalogue candidate in Colombia; closest was Celele (Cartagena) at name_sim=0.44.,,
2023,45,Nobelhart & Schmutzig,Germany,unmatched,No adequately similar catalogue candidate in Germany; closest was CODA Dessert Dining (Berlin) at name_sim=0.37.,,
2023,48,La Grenouillère,France,unmatched,No adequately similar catalogue candidate in France; closest was Plénitude (Paris) at name_sim=0.38.,,
2023,53,Brat,UK,unmatched,No adequately similar catalogue candidate in United Kingdom; closest was Alain Ducasse at The Dorchester (London) at name_sim=0.14.,,
2023,54,Alcalde,Mexico,unmatched,No adequately similar catalogue candidate in Mexico; closest was Pujol (Mexico City) at name_sim=0.17.,,
2023,55,Ernst,Germany,unmatched,No adequately similar catalogue candidate in Germany; closest was Rutz (Berlin) at name_sim=0.44.,,
2023,65,Burnt Ends,Singapore,unmatched,No adequately similar catalogue candidate in Singapore; closest was Zen (Singapore) at name_sim=0.31.,,
2023,67,Le Clarence,France,ambiguous,"Closest catalogue candidate rest_0327 (Arpège, Paris, France) name_sim=0.57 city_sim=1.0 — insufficient corroboration to accept.",rest_0327,low
2023,70,Sud 777,Mexico,unmatched,No adequately similar catalogue candidate in Mexico; closest was Pujol (Mexico City) at name_sim=0.17.,,
2023,71,Core by Clare Smyth,UK,unmatched,No adequately similar catalogue candidate in United Kingdom; closest was Alain Ducasse at The Dorchester (London) at name_sim=0.25.,,
2023,73,Cosme,USA,unmatched,No adequately similar catalogue candidate in United States; closest was César (New York) at name_sim=0.4.,,
2023,75,Fyn,South Africa,unmatched,"Country ""South Africa"" has no restaurants in the catalogue universe.",,
2023,76,Oteque,Brazil,unmatched,No adequately similar catalogue candidate in Brazil; closest was Lasai (Rio de Janeiro) at name_sim=0.0.,,
2023,78,Alléno Paris au Pavillon Ledoyen,France,unmatched,No adequately similar catalogue candidate in France; closest was Le Gabriel - La Reserve Paris (Paris) at name_sim=0.36.,,
2023,79,Nuema,Ecuador,unmatched,"Country ""Ecuador"" has no restaurants in the catalogue universe.",,
2023,80,Flocons de Sel,France,unmatched,No adequately similar catalogue candidate in France; closest was Plénitude (Paris) at name_sim=0.3.,,
2023,84,Meta,Singapore,unmatched,No adequately similar catalogue candidate in Singapore; closest was Odette (Singapore) at name_sim=0.4.,,
2023,86,Lyle's,UK,unmatched,No adequately similar catalogue candidate in United Kingdom; closest was Kol (London) at name_sim=0.25.,,
2023,87,Ossiano,UAE,unmatched,No adequately similar catalogue candidate in United Arab Emirates; closest was Tresind Studio (Dubai) at name_sim=0.38.,,
2023,92,Neighborhood,China,unmatched,No adequately similar catalogue candidate in Hong Kong; closest was T'ang Court (Hong Kong) at name_sim=0.36.,,
2023,93,Kei,France,unmatched,No adequately similar catalogue candidate in France; closest was Septime (Paris) at name_sim=0.4.,,
2023,94,La Colombe,South Africa,unmatched,"Country ""South Africa"" has no restaurants in the catalogue universe.",,
2023,95,Ceto,France,unmatched,No adequately similar catalogue candidate in France; closest was Septime (Paris) at name_sim=0.36.,,
2023,97,Labyrinth,Singapore,unmatched,No adequately similar catalogue candidate in Singapore; closest was Les Amis (Singapore) at name_sim=0.35.,,
2023,99,Fu He Hui,China,unmatched,No adequately similar catalogue candidate in China; closest was Xin Rong Ji (Xinyuan South Road) (Beijing) at name_sim=0.21.,,
2023,100,Maito,Panama,unmatched,"Country ""Panama"" has no restaurants in the catalogue universe.",,
2024,25,El Chato,Colombia,unmatched,No adequately similar catalogue candidate in Colombia; closest was Celele (Cartagena) at name_sim=0.29.,,
2024,27,A Casa do Porco,Brazil,unmatched,No adequately similar catalogue candidate in Brazil; closest was Lasai (Rio de Janeiro) at name_sim=0.33.,,
2024,36,The Jane,Belgium,unmatched,No adequately similar catalogue candidate in Belgium; closest was Hertog Jan at Botanic (Antwerp) at name_sim=0.27.,,
2024,37,Oteque,Brazil,unmatched,No adequately similar catalogue candidate in Brazil; closest was Lasai (Rio de Janeiro) at name_sim=0.0.,,
2024,43,Nobelhart & Schmutzig,Germany,unmatched,No adequately similar catalogue candidate in Germany; closest was CODA Dessert Dining (Berlin) at name_sim=0.37.,,
2024,49,La Colombe,South Africa,unmatched,"Country ""South Africa"" has no restaurants in the catalogue universe.",,
2024,53,Leo,Colombia,unmatched,No adequately similar catalogue candidate in Colombia; closest was Celele (Cartagena) at name_sim=0.44.,,
2024,60,Fyn,South Africa,unmatched,"Country ""South Africa"" has no restaurants in the catalogue universe.",,
2024,61,Nuema,Ecuador,unmatched,"Country ""Ecuador"" has no restaurants in the catalogue universe.",,
2024,62,Coda,Germany,unmatched,No adequately similar catalogue candidate in Germany; closest was Horváth (Berlin) at name_sim=0.36.,,
2024,65,Brat,UK,unmatched,No adequately similar catalogue candidate in United Kingdom; closest was Alain Ducasse at The Dorchester (London) at name_sim=0.14.,,
2024,67,Alcalde,Mexico,unmatched,No adequately similar catalogue candidate in Mexico; closest was Pujol (Mexico City) at name_sim=0.17.,,
2024,68,Burnt Ends,Singapore,unmatched,No adequately similar catalogue candidate in Singapore; closest was Zen (Singapore) at name_sim=0.31.,,
2024,69,Fu He Hui,China,unmatched,No adequately similar catalogue candidate in China; closest was Xin Rong Ji (Xinyuan South Road) (Beijing) at name_sim=0.21.,,
2024,70,Le Doyenné,France,unmatched,No adequately similar catalogue candidate in France; closest was Anne (Paris) at name_sim=0.55.,,
2024,73,Mil,Peru,unmatched,No adequately similar catalogue candidate in Peru; closest was Maido (Lima) at name_sim=0.5.,,
2024,75,Ernst,Germany,unmatched,No adequately similar catalogue candidate in Germany; closest was Rutz (Berlin) at name_sim=0.44.,,
2024,76,Flocons de Sel,France,unmatched,No adequately similar catalogue candidate in France; closest was Plénitude (Paris) at name_sim=0.3.,,
2024,77,La Grenouillère,France,unmatched,No adequately similar catalogue candidate in France; closest was Plénitude (Paris) at name_sim=0.38.,,
2024,78,Masque,India,unmatched,"Country ""India"" has no restaurants in the catalogue universe.",,
2024,79,Alléno Paris au Pavillon Ledoyen,France,unmatched,No adequately similar catalogue candidate in France; closest was Le Gabriel - La Reserve Paris (Paris) at name_sim=0.36.,,
2024,80,The Clove Club,UK,unmatched,No adequately similar catalogue candidate in United Kingdom; closest was Alain Ducasse at The Dorchester (London) at name_sim=0.24.,,
2024,82,Sud 777,Mexico,unmatched,No adequately similar catalogue candidate in Mexico; closest was Pujol (Mexico City) at name_sim=0.17.,,
2024,83,Willem Hiele,Belgium,unmatched,No adequately similar catalogue candidate in Belgium; closest was La Table de Maxime (Our) at name_sim=0.42.,,
2024,85,Ceto,France,unmatched,No adequately similar catalogue candidate in France; closest was Septime (Paris) at name_sim=0.36.,,
2024,86,Mosu,South Korea,unmatched,No adequately similar catalogue candidate in South Korea; closest was Mingles (Seoul) at name_sim=0.36.,,
2024,87,Lyle's,UK,unmatched,No adequately similar catalogue candidate in United Kingdom; closest was Kol (London) at name_sim=0.25.,,
2024,89,Indian Accent,India,unmatched,"Country ""India"" has no restaurants in the catalogue universe.",,
2024,92,Labyrinth,Singapore,unmatched,No adequately similar catalogue candidate in Singapore; closest was Les Amis (Singapore) at name_sim=0.35.,,
2024,94,Mountain,UK,unmatched,No adequately similar catalogue candidate in United Kingdom; closest was Ikoyi (London) at name_sim=0.31.,,
2024,95,Meta,Singapore,unmatched,No adequately similar catalogue candidate in Singapore; closest was Odette (Singapore) at name_sim=0.4.,,
2024,96,Onjium,South Korea,unmatched,No adequately similar catalogue candidate in South Korea; closest was Mingles (Seoul) at name_sim=0.15.,,
2024,97,Core by Clare Smyth,UK,unmatched,No adequately similar catalogue candidate in United Kingdom; closest was Alain Ducasse at The Dorchester (London) at name_sim=0.25.,,
2024,98,Saint Peter,Australia,unmatched,"Country ""Australia"" has no restaurants in the catalogue universe.",,
2024,99,Cosme,USA,unmatched,No adequately similar catalogue candidate in United States; closest was César (New York) at name_sim=0.4.,,
2024,100,Fauna,Mexico,unmatched,No adequately similar catalogue candidate in Mexico; closest was Quintonil (Mexico City) at name_sim=0.29.,,
